# c0 num 6649
39 1 0 7388096
39 0 1 20349720
39 0 0 7388096
38 2 0 22365339
38 1 1 4676199
38 1 0 17087567
38 0 2 24809093
38 0 1 7888100
38 0 0 28276621
37 3 0 17960711
37 2 1 30705702
37 2 0 4914379
37 1 2 14874305
37 1 1 2811529
37 1 0 16585926
37 0 3 4294364
37 0 2 7932362
37 0 1 3744274
37 0 0 29632258
36 4 0 8908264
36 3 1 26763425
36 3 0 18071435
36 2 2 2158311
36 2 1 2632544
36 2 0 8174501
36 1 3 9511834
36 1 2 25438444
36 1 1 10505422
36 1 0 23058561
36 0 4 33497333
36 0 3 22890453
36 0 2 168111
36 0 1 2953205
36 0 0 24047231
35 5 0 17098303
35 4 1 10031866
35 4 0 20984481
35 3 2 18221851
35 3 1 5521691
35 3 0 14840789
35 2 3 10943689
35 2 2 28801209
35 2 1 14105723
35 2 0 10276695
35 1 4 24006847
35 1 3 16146003
35 1 2 1873097
35 1 1 19407934
35 1 0 24294596
35 0 5 21642177
35 0 4 28335172
35 0 3 14237780
35 0 2 118647
35 0 1 9188939
35 0 0 24972512
34 6 0 1483503
34 5 1 21243038
34 5 0 21395112
34 4 2 5365488
34 4 1 2661609
34 4 0 11004422
34 3 3 29114202
34 3 2 23346484
34 3 1 1889794
34 3 0 8665148
34 2 4 32372313
34 2 3 21963654
34 2 2 6693384
34 2 1 25680682
34 2 0 13995487
34 1 5 12609532
34 1 4 18098043
34 1 3 28620676
34 1 2 9435757
34 1 1 21515462
34 1 0 31782396
34 0 6 12721913
34 0 5 14019903
34 0 4 7482514
34 0 3 5495808
34 0 2 30227381
34 0 1 30398579
34 0 0 1804851
33 7 0 10980883
33 6 1 18055684
33 6 0 9901880
33 5 2 26143186
33 5 1 12130036
33 5 0 30487646
33 4 3 6267435
33 4 2 22323758
33 4 1 9834526
33 4 0 24677732
33 3 4 18038269
33 3 3 26615096
33 3 2 12596570
33 3 1 4804169
33 3 0 8980242
33 2 5 27470729
33 2 4 9418090
33 2 3 31444364
33 2 2 9335114
33 2 1 10355241
33 2 0 5488126
33 1 6 9647596
33 1 5 4756166
33 1 4 18695628
33 1 3 2206519
33 1 2 24721910
33 1 1 14184218
33 1 0 15015381
33 0 7 5779603
33 0 6 28485969
33 0 5 33497346
33 0 4 18956080
33 0 3 2302096
33 0 2 25633642
33 0 1 4731310
33 0 0 25396414
32 8 0 25318181
32 7 1 17517246
32 7 0 32757734
32 6 2 11776592
32 6 1 24304994
32 6 0 2453034
32 5 3 23542643
32 5 2 20023267
32 5 1 95669
32 5 0 24423642
32 4 4 29793395
32 4 3 15088683
32 4 2 26590482
32 4 1 28630810
32 4 0 8987293
32 3 5 1620601
32 3 4 33929
32 3 3 2527176
32 3 2 7059597
32 3 1 11919661
32 3 0 14389083
32 2 6 31153444
32 2 5 13930777
32 2 4 30852435
32 2 3 12084388
32 2 2 21158051
32 2 1 8814771
32 2 0 21175695
32 1 7 20727942
32 1 6 4913887
32 1 5 25403943
32 1 4 7446277
32 1 3 14280000
32 1 2 24359675
32 1 1 19616061
32 1 0 14189089
32 0 8 2154667
32 0 7 11821417
32 0 6 29230149
32 0 5 11354014
32 0 4 26649911
32 0 3 33298146
32 0 2 5128012
32 0 1 8563696
32 0 0 27825345
31 9 0 18978761
31 8 1 28773434
31 8 0 20781934
31 7 2 14760262
31 7 1 1559690
31 7 0 30031653
31 6 3 19400314
31 6 2 12016152
31 6 1 26857127
31 6 0 18633567
31 5 4 12874257
31 5 3 29903281
31 5 2 6733225
31 5 1 11162587
31 5 0 10832660
31 4 5 8723625
31 4 4 21601906
31 4 3 26989818
31 4 2 29867913
31 4 1 20005044
31 4 0 18761261
31 3 6 15099738
31 3 5 15742683
31 3 4 1116910
31 3 3 27198845
31 3 2 25154231
31 3 1 22004790
31 3 0 25082254
31 2 7 16480710
31 2 6 4800459
31 2 5 29623831
31 2 4 19814349
31 2 3 32045296
31 2 2 20432972
31 2 1 22424512
31 2 0 8475527
31 1 8 23123460
31 1 7 22584966
31 1 6 23821492
31 1 5 29657675
31 1 4 14695272
31 1 3 18322062
31 1 2 7160582
31 1 1 18295861
31 1 0 20935868
31 0 9 32975070
31 0 8 28306076
31 0 7 25666405
31 0 6 8442283
31 0 5 17600048
31 0 4 31344141
31 0 3 14309891
31 0 2 8469488
31 0 1 21939270
31 0 0 5654514
30 10 0 18478416
30 9 1 9024056
30 9 0 27636129
30 8 2 1108938
30 8 1 6593210
30 8 0 3283391
30 7 3 31277244
30 7 2 27629058
30 7 1 11814560
30 7 0 9284445
30 6 4 22354774
30 6 3 11296830
30 6 2 5927403
30 6 1 2658479
30 6 0 27015528
30 5 5 23535173
30 5 4 13577557
30 5 3 33369136
30 5 2 9363644
30 5 1 29591050
30 5 0 15234990
30 4 6 15923014
30 4 5 2226155
30 4 4 26871756
30 4 3 20520291
30 4 2 21857881
30 4 1 4095636
30 4 0 18741439
30 3 7 5141049
30 3 6 22143555
30 3 5 9914537
30 3 4 19375233
30 3 3 33179655
30 3 2 19566843
30 3 1 5022539
30 3 0 1747299
30 2 8 12772460
30 2 7 25875376
30 2 6 12164535
30 2 5 5398744
30 2 4 7706579
30 2 3 17753196
30 2 2 25555858
30 2 1 3143515
30 2 0 11614288
30 1 9 33380704
30 1 8 30759683
30 1 7 12301050
30 1 6 5328471
30 1 5 16659517
30 1 4 7718612
30 1 3 8648634
30 1 2 29006093
30 1 1 20259733
30 1 0 13726010
30 0 10 29600171
30 0 9 11402261
30 0 8 16161861
30 0 7 12398685
30 0 6 33473642
30 0 5 33394673
30 0 4 21176521
30 0 3 18223733
30 0 2 4570664
30 0 1 4840631
30 0 0 22050204
29 11 0 19832775
29 10 1 11228778
29 10 0 26464413
29 9 2 22100911
29 9 1 4180400
29 9 0 9427704
29 8 3 16944338
29 8 2 1460615
29 8 1 22114787
29 8 0 29497105
29 7 4 22632180
29 7 3 32421807
29 7 2 17670199
29 7 1 14542805
29 7 0 24573257
29 6 5 1400410
29 6 4 27110883
29 6 3 15552824
29 6 2 30967166
29 6 1 22791138
29 6 0 2439512
29 5 6 21003756
29 5 5 30615159
29 5 4 6918266
29 5 3 19996833
29 5 2 12532170
29 5 1 5884377
29 5 0 13995502
29 4 7 7844743
29 4 6 32385575
29 4 5 15140680
29 4 4 24108135
29 4 3 14264931
29 4 2 3192919
29 4 1 32018138
29 4 0 24521008
29 3 8 26382168
29 3 7 26404243
29 3 6 2079758
29 3 5 15090487
29 3 4 1315480
29 3 3 22413467
29 3 2 25056538
29 3 1 32192447
29 3 0 31886042
29 2 9 3222612
29 2 8 1986578
29 2 7 12702654
29 2 6 2570514
29 2 5 12249210
29 2 4 31864859
29 2 3 12131819
29 2 2 1504479
29 2 1 30177743
29 2 0 26975590
29 1 10 15164905
29 1 9 3661410
29 1 8 22809041
29 1 7 3041965
29 1 6 24960414
29 1 5 33274568
29 1 4 29905296
29 1 3 25379264
29 1 2 25451706
29 1 1 27897273
29 1 0 16455036
29 0 11 17742243
29 0 10 5631606
29 0 9 29820276
29 0 8 11901611
29 0 7 8863223
29 0 6 29032667
29 0 5 3868216
29 0 4 25472628
29 0 3 639588
29 0 2 28856055
29 0 1 14306814
29 0 0 6272688
28 12 0 7433566
28 11 1 27191657
28 11 0 13806583
28 10 2 1843079
28 10 1 277793
28 10 0 7639555
28 9 3 23684888
28 9 2 32231255
28 9 1 5510334
28 9 0 20726121
28 8 4 24074863
28 8 3 7442034
28 8 2 7256204
28 8 1 6941956
28 8 0 850606
28 7 5 8461472
28 7 4 28311408
28 7 3 22821448
28 7 2 19443371
28 7 1 26421842
28 7 0 14547732
28 6 6 26007124
28 6 5 29019369
28 6 4 11755685
28 6 3 26206283
28 6 2 24914693
28 6 1 24336691
28 6 0 29989888
28 5 7 10452016
28 5 6 19696246
28 5 5 31592737
28 5 4 1517053
28 5 3 7097408
28 5 2 1916068
28 5 1 8101238
28 5 0 31576333
28 4 8 11577983
28 4 7 25006182
28 4 6 18533415
28 4 5 21479085
28 4 4 28652992
28 4 3 28751259
28 4 2 31655162
28 4 1 13101751
28 4 0 14262520
28 3 9 5336295
28 3 8 14961228
28 3 7 1592088
28 3 6 2052627
28 3 5 6274918
28 3 4 7734698
28 3 3 9766582
28 3 2 7604012
28 3 1 23481858
28 3 0 21820009
28 2 10 12773437
28 2 9 13465994
28 2 8 30932289
28 2 7 9787005
28 2 6 1587972
28 2 5 3897145
28 2 4 22243547
28 2 3 21512152
28 2 2 25251591
28 2 1 12196552
28 2 0 2313212
28 1 11 13298998
28 1 10 24213726
28 1 9 3029737
28 1 8 22146232
28 1 7 18193705
28 1 6 14160137
28 1 5 24935450
28 1 4 30525362
28 1 3 6967894
28 1 2 28740907
28 1 1 15534112
28 1 0 25060790
28 0 11 4502754
28 0 10 24494230
28 0 9 6374482
28 0 8 10935616
28 0 7 17815884
28 0 6 7055274
28 0 5 31399296
28 0 4 33529589
28 0 3 24538051
28 0 2 22196111
28 0 1 13980405
28 0 0 31493828
27 13 0 18007120
27 12 1 15238976
27 12 0 6461837
27 11 2 2218084
27 11 1 5640968
27 11 0 30310360
27 10 3 8058064
27 10 2 13076765
27 10 1 20750701
27 10 0 15349538
27 9 4 9089910
27 9 3 11369353
27 9 2 29216878
27 9 1 26294458
27 9 0 20857796
27 8 5 30674909
27 8 4 23651422
27 8 3 25408959
27 8 2 23098453
27 8 1 33051925
27 8 0 141071
27 7 6 9307234
27 7 5 24677388
27 7 4 31100970
27 7 3 27573116
27 7 2 2909996
27 7 1 15553573
27 7 0 25067254
27 6 7 13290612
27 6 6 33264770
27 6 5 14661749
27 6 4 28719667
27 6 3 4463285
27 6 2 19615550
27 6 1 18461809
27 6 0 2607898
27 5 8 19713816
27 5 7 2578900
27 5 6 1589392
27 5 5 1760921
27 5 4 22296915
27 5 3 21847190
27 5 2 24293009
27 5 1 11183773
27 5 0 24559317
27 4 9 4334981
27 4 8 15911308
27 4 7 27406399
27 4 6 15206142
27 4 5 7247894
27 4 4 14257414
27 4 3 33160315
27 4 2 5539358
27 4 1 18713788
27 4 0 5187659
27 3 10 33248273
27 3 9 7801879
27 3 8 20515911
27 3 7 29945176
27 3 6 10131741
27 3 5 9460429
27 3 4 18123556
27 3 3 6351565
27 3 2 14619956
27 3 1 12555026
27 3 0 9187708
27 2 11 24771862
27 2 10 10487009
27 2 9 16645725
27 2 8 2010964
27 2 7 26612852
27 2 6 16583438
27 2 5 163093
27 2 4 22463500
27 2 3 11589378
27 2 2 32684549
27 2 1 18441649
27 2 0 7497717
27 1 11 3442490
27 1 10 16542437
27 1 9 23399154
27 1 8 30914267
27 1 7 8750879
27 1 6 7494848
27 1 5 4433487
27 1 4 32871422
27 1 3 20119845
27 1 2 24062943
27 1 1 32800455
27 1 0 3599391
27 0 11 32401798
27 0 10 7406946
27 0 9 28305842
27 0 8 25455361
27 0 7 2998684
27 0 6 32366146
27 0 5 6184242
27 0 4 19738203
27 0 3 11006436
27 0 2 20802005
27 0 1 18210053
27 0 0 27234440
26 14 0 33392643
26 13 1 9157926
26 13 0 23161986
26 12 2 29258336
26 12 1 20474252
26 12 0 14717097
26 11 3 8079624
26 11 2 21004196
26 11 1 6141612
26 11 0 8565678
26 10 4 24888033
26 10 3 30448182
26 10 2 19984796
26 10 1 4786771
26 10 0 5595492
26 9 5 20830309
26 9 4 7643394
26 9 3 19338894
26 9 2 27162183
26 9 1 2997568
26 9 0 32500474
26 8 6 5086336
26 8 5 13983884
26 8 4 27273173
26 8 3 9328582
26 8 2 6915821
26 8 1 27807330
26 8 0 15383338
26 7 7 19091783
26 7 6 21256166
26 7 5 20529236
26 7 4 17740298
26 7 3 638341
26 7 2 6804607
26 7 1 11319980
26 7 0 3657871
26 6 8 11535564
26 6 7 18271850
26 6 6 5644101
26 6 5 10671074
26 6 4 15892418
26 6 3 9801101
26 6 2 13188474
26 6 1 1624734
26 6 0 23309844
26 5 9 851606
26 5 8 14896712
26 5 7 30001134
26 5 6 25569413
26 5 5 18030633
26 5 4 2512955
26 5 3 1830444
26 5 2 28313741
26 5 1 33474454
26 5 0 14359796
26 4 10 8546495
26 4 9 25497846
26 4 8 10428032
26 4 7 31197099
26 4 6 17469393
26 4 5 9158902
26 4 4 5187171
26 4 3 22630569
26 4 2 1585674
26 4 1 23240217
26 4 0 10034563
26 3 11 27421045
26 3 10 6011885
26 3 9 14286392
26 3 8 28221171
26 3 7 389147
26 3 6 7598790
26 3 5 13780320
26 3 4 666655
26 3 3 16315639
26 3 2 26138945
26 3 1 30824243
26 3 0 3803322
26 2 11 16093772
26 2 10 32794975
26 2 9 23140277
26 2 8 26599385
26 2 7 33256348
26 2 6 6194840
26 2 5 8418437
26 2 4 18165891
26 2 3 9880151
26 2 2 9100236
26 2 1 23508129
26 2 0 232305
26 1 11 4798071
26 1 10 30673425
26 1 9 20468686
26 1 8 21312159
26 1 7 1379183
26 1 6 31567996
26 1 5 11768002
26 1 4 23672301
26 1 3 7943603
26 1 2 24694680
26 1 1 1040735
26 1 0 13784967
26 0 11 22212909
26 0 10 30807079
26 0 9 24852303
26 0 8 18950654
26 0 7 2725923
26 0 6 24821037
26 0 5 30828662
26 0 4 32399241
26 0 3 9292925
26 0 2 32085163
26 0 1 9227036
26 0 0 30723205
25 15 0 9213965
25 14 1 27525095
25 14 0 25556944
25 13 2 89332
25 13 1 6649533
25 13 0 1258667
25 12 3 11476547
25 12 2 3889622
25 12 1 1798130
25 12 0 9785697
25 11 4 3229349
25 11 3 22295372
25 11 2 2338098
25 11 1 28728247
25 11 0 33497377
25 10 5 29607245
25 10 4 31808051
25 10 3 28231356
25 10 2 2063504
25 10 1 24867887
25 10 0 10779586
25 9 6 12448414
25 9 5 30754680
25 9 4 24659892
25 9 3 4707293
25 9 2 25431218
25 9 1 11873495
25 9 0 22925362
25 8 7 9463066
25 8 6 26732941
25 8 5 132086
25 8 4 29982902
25 8 3 22976880
25 8 2 4559911
25 8 1 4339240
25 8 0 8653427
25 7 8 7283268
25 7 7 32381645
25 7 6 14194440
25 7 5 2665203
25 7 4 22617042
25 7 3 6009752
25 7 2 23696811
25 7 1 9278918
25 7 0 18491892
25 6 9 32490676
25 6 8 31180450
25 6 7 1272407
25 6 6 5947740
25 6 5 17277248
25 6 4 25964719
25 6 3 158419
25 6 2 31378466
25 6 1 20043383
25 6 0 16702952
25 5 10 8506983
25 5 9 23175614
25 5 8 13033267
25 5 7 14712241
25 5 6 14174487
25 5 5 17193722
25 5 4 10663973
25 5 3 6263665
25 5 2 12963885
25 5 1 22099359
25 5 0 31702846
25 4 11 9357596
25 4 10 21849786
25 4 9 30836860
25 4 8 23618763
25 4 7 16655127
25 4 6 22987655
25 4 5 21048622
25 4 4 1460477
25 4 3 25697661
25 4 2 17297802
25 4 1 17963291
25 4 0 32421372
25 3 11 2482924
25 3 10 26540414
25 3 9 21489407
25 3 8 16659274
25 3 7 3494348
25 3 6 4959821
25 3 5 21033763
25 3 4 1325455
25 3 3 27100920
25 3 2 26877907
25 3 1 6036434
25 3 0 16995751
25 2 11 14395903
25 2 10 11153838
25 2 9 16453380
25 2 8 28150820
25 2 7 18838317
25 2 6 33341209
25 2 5 18720969
25 2 4 24060284
25 2 3 19301651
25 2 2 20962965
25 2 1 31051751
25 2 0 4519669
25 1 11 18295567
25 1 10 33349742
25 1 9 7908710
25 1 8 31543039
25 1 7 26868138
25 1 6 18964459
25 1 5 33294029
25 1 4 18889170
25 1 3 15292237
25 1 2 21493164
25 1 1 1762882
25 1 0 31935617
25 0 11 23385936
25 0 10 22979380
25 0 9 32723745
25 0 8 20793275
25 0 7 9938326
25 0 6 25314571
25 0 5 19058248
25 0 4 21359289
25 0 3 24594908
25 0 2 15137065
25 0 1 13035612
25 0 0 24047437
24 16 0 21409695
24 15 1 21987186
24 15 0 12561400
24 14 2 19425408
24 14 1 23932082
24 14 0 16300146
24 13 3 7453175
24 13 2 10953334
24 13 1 21075067
24 13 0 13111787
24 12 4 19713287
24 12 3 16924447
24 12 2 17832434
24 12 1 2588395
24 12 0 14317798
24 11 5 21587483
24 11 4 127069
24 11 3 19746182
24 11 2 10829378
24 11 1 600188
24 11 0 9930720
24 10 6 8669790
24 10 5 16633976
24 10 4 25858267
24 10 3 19857043
24 10 2 18731165
24 10 1 1074901
24 10 0 12013054
24 9 7 27508964
24 9 6 5440650
24 9 5 4353412
24 9 4 13767695
24 9 3 13528330
24 9 2 23725955
24 9 1 25499980
24 9 0 3158171
24 8 8 24259474
24 8 7 30412553
24 8 6 2660544
24 8 5 29566487
24 8 4 551475
24 8 3 28946237
24 8 2 24753055
24 8 1 20962626
24 8 0 30971450
24 7 9 26445012
24 7 8 29923341
24 7 7 3656049
24 7 6 28946852
24 7 5 21648877
24 7 4 31869373
24 7 3 26599171
24 7 2 30382182
24 7 1 2957985
24 7 0 7580558
24 6 10 18872021
24 6 9 15113589
24 6 8 2827284
24 6 7 10911212
24 6 6 4284173
24 6 5 14916540
24 6 4 28218799
24 6 3 2333784
24 6 2 33473050
24 6 1 4311931
24 6 0 24106955
24 5 11 25715825
24 5 10 383643
24 5 9 19837351
24 5 8 944684
24 5 7 7800122
24 5 6 27255428
24 5 5 15579246
24 5 4 2656266
24 5 3 2928381
24 5 2 4120431
24 5 1 21682343
24 5 0 164768
24 4 11 31021946
24 4 10 14530843
24 4 9 2445663
24 4 8 23935919
24 4 7 10437203
24 4 6 29766610
24 4 5 6529854
24 4 4 9565825
24 4 3 30361552
24 4 2 30026275
24 4 1 17406079
24 4 0 29856256
24 3 11 32606593
24 3 10 4143646
24 3 9 32018968
24 3 8 9012496
24 3 7 25737427
24 3 6 28583370
24 3 5 12431638
24 3 4 16145244
24 3 3 31671522
24 3 2 19931127
24 3 1 17282508
24 3 0 20175990
24 2 11 13822026
24 2 10 11598427
24 2 9 6030696
24 2 8 29752884
24 2 7 6366010
24 2 6 15720863
24 2 5 21457470
24 2 4 33093736
24 2 3 23777405
24 2 2 16358414
24 2 1 5923767
24 2 0 1567283
24 1 11 29840636
24 1 10 25399978
24 1 9 12029820
24 1 8 29150809
24 1 7 18470472
24 1 6 17479145
24 1 5 21450054
24 1 4 16092146
24 1 3 27686713
24 1 2 11016856
24 1 1 17538582
24 1 0 32005618
24 0 11 5163289
24 0 10 4297311
24 0 9 27740362
24 0 8 30711116
24 0 7 7707174
24 0 6 28317510
24 0 5 28772369
24 0 4 12953235
24 0 3 14266794
24 0 2 6559823
24 0 1 21799745
24 0 0 15255161
23 17 0 8158394
23 16 1 722621
23 16 0 21347030
23 15 2 11005990
23 15 1 27470616
23 15 0 10544603
23 14 3 13502719
23 14 2 27872025
23 14 1 28030223
23 14 0 21430172
23 13 4 12774149
23 13 3 16635658
23 13 2 9913814
23 13 1 1005947
23 13 0 20126851
23 12 5 30915810
23 12 4 15896755
23 12 3 5583509
23 12 2 5382561
23 12 1 11399746
23 12 0 11979880
23 11 6 3349714
23 11 5 4184317
23 11 4 22425432
23 11 3 2710631
23 11 2 4353480
23 11 1 26094960
23 11 0 4093502
23 10 7 4591344
23 10 6 11042186
23 10 5 26632854
23 10 4 31999956
23 10 3 10195851
23 10 2 22411475
23 10 1 21834840
23 10 0 6746430
23 9 8 19808879
23 9 7 7631363
23 9 6 9515249
23 9 5 1859280
23 9 4 11499011
23 9 3 17542574
23 9 2 29799232
23 9 1 10588944
23 9 0 8652748
23 8 9 19765178
23 8 8 6027463
23 8 7 27968139
23 8 6 18975244
23 8 5 4364782
23 8 4 14143771
23 8 3 30315385
23 8 2 8266435
23 8 1 10121228
23 8 0 27267551
23 7 10 24309916
23 7 9 10503094
23 7 8 23951289
23 7 7 1811806
23 7 6 17317595
23 7 5 2700220
23 7 4 22857530
23 7 3 30697331
23 7 2 27426429
23 7 1 7948813
23 7 0 7592247
23 6 11 7391882
23 6 10 8238420
23 6 9 15851757
23 6 8 16410209
23 6 7 4287388
23 6 6 1446945
23 6 5 6942153
23 6 4 20451977
23 6 3 12489049
23 6 2 4205336
23 6 1 14827124
23 6 0 24104542
23 5 11 25123940
23 5 10 23445488
23 5 9 20074295
23 5 8 14604370
23 5 7 19697174
23 5 6 9180292
23 5 5 29923451
23 5 4 15281989
23 5 3 3451948
23 5 2 29984524
23 5 1 17520509
23 5 0 10527688
23 4 11 303418
23 4 10 13777924
23 4 9 14749020
23 4 8 67837
23 4 7 8803996
23 4 6 4755681
23 4 5 7044574
23 4 4 23467177
23 4 3 7788840
23 4 2 32907415
23 4 1 23414977
23 4 0 10879188
23 3 11 1155694
23 3 10 6199785
23 3 9 20835657
23 3 8 31345001
23 3 7 31375014
23 3 6 1901779
23 3 5 32848886
23 3 4 18092239
23 3 3 1987396
23 3 2 29795791
23 3 1 9063866
23 3 0 32608440
23 2 11 20541
23 2 10 969294
23 2 9 19899205
23 2 8 25152850
23 2 7 11851264
23 2 6 4482735
23 2 5 5525539
23 2 4 32572775
23 2 3 11295738
23 2 2 4285345
23 2 1 7880153
23 2 0 3390004
23 1 11 32104666
23 1 10 20295759
23 1 9 3463620
23 1 8 12717717
23 1 7 18511173
23 1 6 22005579
23 1 5 11675819
23 1 4 7716022
23 1 3 12803781
23 1 2 6270939
23 1 1 26446606
23 1 0 24660923
23 0 11 2115909
23 0 10 31491353
23 0 9 552201
23 0 8 16886425
23 0 7 852071
23 0 6 27756570
23 0 5 1939694
23 0 4 6334516
23 0 3 25701382
23 0 2 2476300
23 0 1 18789877
23 0 0 33374992
22 18 0 124988
22 17 1 19585431
22 17 0 25367265
22 16 2 30866802
22 16 1 5065747
22 16 0 10778973
22 15 3 19792517
22 15 2 18711829
22 15 1 33224478
22 15 0 31448540
22 14 4 2970410
22 14 3 24693309
22 14 2 10874489
22 14 1 6612473
22 14 0 2198290
22 13 5 1919749
22 13 4 9482266
22 13 3 27285480
22 13 2 31093177
22 13 1 25835675
22 13 0 9355446
22 12 6 26421794
22 12 5 19913591
22 12 4 18517505
22 12 3 13530180
22 12 2 2805900
22 12 1 18584943
22 12 0 874258
22 11 7 21785291
22 11 6 32332658
22 11 5 12195397
22 11 4 32713572
22 11 3 26442252
22 11 2 16646397
22 11 1 29202055
22 11 0 23280381
22 10 8 28469556
22 10 7 16593455
22 10 6 2342624
22 10 5 3706676
22 10 4 19036774
22 10 3 32430864
22 10 2 28366462
22 10 1 19279856
22 10 0 9099531
22 9 9 6014654
22 9 8 21588966
22 9 7 3689573
22 9 6 7125224
22 9 5 33139361
22 9 4 15326970
22 9 3 24626274
22 9 2 10573175
22 9 1 27870150
22 9 0 3595771
22 8 10 28843363
22 8 9 30572850
22 8 8 23005010
22 8 7 825842
22 8 6 21074849
22 8 5 32329394
22 8 4 32255942
22 8 3 7175371
22 8 2 28037913
22 8 1 10343343
22 8 0 12352678
22 7 11 20035379
22 7 10 21320098
22 7 9 20377585
22 7 8 25692744
22 7 7 14285712
22 7 6 180430
22 7 5 243185
22 7 4 19180042
22 7 3 17230228
22 7 2 8589181
22 7 1 18440077
22 7 0 32147599
22 6 11 23705923
22 6 10 24528080
22 6 9 7415865
22 6 8 31646196
22 6 7 16517622
22 6 6 8815690
22 6 5 29776176
22 6 4 9074977
22 6 3 28516202
22 6 2 33423222
22 6 1 32688217
22 6 0 26916018
22 5 11 23573079
22 5 10 8992771
22 5 9 24719379
22 5 8 33326153
22 5 7 33287101
22 5 6 13560965
22 5 5 19322897
22 5 4 30318625
22 5 3 31445109
22 5 2 20603820
22 5 1 25565371
22 5 0 11304707
22 4 11 3085550
22 4 10 25492712
22 4 9 19712714
22 4 8 14599381
22 4 7 20174593
22 4 6 8965873
22 4 5 6409080
22 4 4 20602767
22 4 3 33119221
22 4 2 22091601
22 4 1 28962667
22 4 0 260536
22 3 11 17173365
22 3 10 11614116
22 3 9 1956178
22 3 8 4946973
22 3 7 1070741
22 3 6 6434586
22 3 5 11628280
22 3 4 32580792
22 3 3 134763
22 3 2 27737840
22 3 1 876308
22 3 0 7496924
22 2 11 10391115
22 2 10 26391647
22 2 9 29538846
22 2 8 30048498
22 2 7 28772809
22 2 6 14352492
22 2 5 31098156
22 2 4 25919163
22 2 3 17076699
22 2 2 17738397
22 2 1 23246965
22 2 0 30380623
22 1 11 31664685
22 1 10 4806223
22 1 9 30169791
22 1 8 25752221
22 1 7 28769095
22 1 6 11774575
22 1 5 2642592
22 1 4 22221290
22 1 3 30228175
22 1 2 10996282
22 1 1 29795141
22 1 0 15801943
22 0 11 10444389
22 0 10 24562626
22 0 9 6301145
22 0 8 16296760
22 0 7 12942626
22 0 6 9506212
22 0 5 15345693
22 0 4 1818311
22 0 3 2356694
22 0 2 19171658
22 0 1 10237809
22 0 0 33258288
21 19 0 27101864
21 18 1 2654774
21 18 0 14456787
21 17 2 30461081
21 17 1 14505430
21 17 0 2073739
21 16 3 33255913
21 16 2 20071344
21 16 1 4915767
21 16 0 13788683
21 15 4 9396543
21 15 3 1237810
21 15 2 32016218
21 15 1 22778419
21 15 0 5051526
21 14 5 22361376
21 14 4 13444407
21 14 3 15057546
21 14 2 12653591
21 14 1 29154178
21 14 0 28475398
21 13 6 14644556
21 13 5 1159390
21 13 4 18081429
21 13 3 4704440
21 13 2 22203611
21 13 1 28037341
21 13 0 14339012
21 12 7 362788
21 12 6 27897462
21 12 5 2076973
21 12 4 375715
21 12 3 7966456
21 12 2 7163473
21 12 1 8051215
21 12 0 25670821
21 11 8 19368596
21 11 7 30920466
21 11 6 18083942
21 11 5 24905265
21 11 4 45233
21 11 3 2808829
21 11 2 32568248
21 11 1 16349646
21 11 0 29201619
21 10 9 9337950
21 10 8 2002025
21 10 7 11274935
21 10 6 30228976
21 10 5 8741597
21 10 4 9966876
21 10 3 24338759
21 10 2 29651321
21 10 1 30446945
21 10 0 10752539
21 9 10 902821
21 9 9 599256
21 9 8 30347377
21 9 7 16187825
21 9 6 11939939
21 9 5 3769780
21 9 4 24436328
21 9 3 132055
21 9 2 13746936
21 9 1 26133068
21 9 0 29091676
21 8 11 3070230
21 8 10 22031681
21 8 9 27459383
21 8 8 16115869
21 8 7 28429796
21 8 6 375231
21 8 5 4705094
21 8 4 5690113
21 8 3 14824762
21 8 2 6624686
21 8 1 5904134
21 8 0 11631803
21 7 11 26099788
21 7 10 19255946
21 7 9 29643037
21 7 8 32304965
21 7 7 18986735
21 7 6 2642965
21 7 5 25229317
21 7 4 28483281
21 7 3 16309858
21 7 2 21091643
21 7 1 28396957
21 7 0 11413656
21 6 11 27766067
21 6 10 5809204
21 6 9 27947097
21 6 8 3444114
21 6 7 14373174
21 6 6 30991973
21 6 5 10017504
21 6 4 15559832
21 6 3 3024982
21 6 2 7590434
21 6 1 22548007
21 6 0 22574173
21 5 11 7479223
21 5 10 29340518
21 5 9 27992339
21 5 8 28081853
21 5 7 21095119
21 5 6 31351273
21 5 5 31978856
21 5 4 21284028
21 5 3 23679446
21 5 2 7869786
21 5 1 12968694
21 5 0 31026363
21 4 11 14449301
21 4 10 5241659
21 4 9 19818633
21 4 8 24005436
21 4 7 16316302
21 4 6 6292029
21 4 5 9023422
21 4 4 7160439
21 4 3 28892676
21 4 2 21515024
21 4 1 16532291
21 4 0 16090117
21 3 11 11953435
21 3 10 6124815
21 3 9 18675637
21 3 8 24173984
21 3 7 4186315
21 3 6 32582056
21 3 5 31983288
21 3 4 28599260
21 3 3 231562
21 3 2 28582688
21 3 1 10172681
21 3 0 3045701
21 2 11 9008652
21 2 10 8377732
21 2 9 28300940
21 2 8 28788402
21 2 7 27536250
21 2 6 4621067
21 2 5 8085870
21 2 4 5661111
21 2 3 32293669
21 2 2 28599572
21 2 1 11575042
21 2 0 15575939
21 1 11 16798062
21 1 10 16708262
21 1 9 12281862
21 1 8 3800695
21 1 7 15661890
21 1 6 8935720
21 1 5 5786438
21 1 4 19339934
21 1 3 18506138
21 1 2 3544496
21 1 1 27014189
21 1 0 5152307
21 0 11 25764826
21 0 10 10565935
21 0 9 9104462
21 0 8 16584690
21 0 7 533962
21 0 6 13505290
21 0 5 21093423
21 0 4 11042892
21 0 3 24231736
21 0 2 24447311
21 0 1 28487319
21 0 0 32035596
20 20 0 33403202
20 19 1 27458418
20 19 0 24503773
20 18 2 12937517
20 18 1 24768652
20 18 0 15098881
20 17 3 23113209
20 17 2 21078616
20 17 1 23556212
20 17 0 10038567
20 16 4 24430568
20 16 3 7487773
20 16 2 13850602
20 16 1 2496950
20 16 0 5214365
20 15 5 799293
20 15 4 1854029
20 15 3 27510280
20 15 2 28577112
20 15 1 32884794
20 15 0 24506834
20 14 6 13560033
20 14 5 32777175
20 14 4 325468
20 14 3 26201787
20 14 2 372541
20 14 1 20472336
20 14 0 16532858
20 13 7 31096238
20 13 6 30377404
20 13 5 2975400
20 13 4 27961851
20 13 3 21413969
20 13 2 31014558
20 13 1 2507745
20 13 0 28372413
20 12 8 592963
20 12 7 6271217
20 12 6 26485098
20 12 5 19785591
20 12 4 19615749
20 12 3 27933369
20 12 2 32720551
20 12 1 12130459
20 12 0 26976479
20 11 9 21917678
20 11 8 7506472
20 11 7 10380924
20 11 6 24952769
20 11 5 8424857
20 11 4 15951940
20 11 3 2627109
20 11 2 30591286
20 11 1 30209189
20 11 0 20025292
20 10 10 2830474
20 10 9 18986804
20 10 8 20276562
20 10 7 17534862
20 10 6 10198070
20 10 5 6729924
20 10 4 18239881
20 10 3 7388759
20 10 2 2877320
20 10 1 7781866
20 10 0 22709679
20 9 11 29821218
20 9 10 19644463
20 9 9 6027238
20 9 8 11508154
20 9 7 28371159
20 9 6 13267
20 9 5 9290656
20 9 4 19097102
20 9 3 17321310
20 9 2 26586952
20 9 1 1436663
20 9 0 2094000
20 8 11 11681525
20 8 10 11374602
20 8 9 26222542
20 8 8 17770179
20 8 7 138138
20 8 6 9643826
20 8 5 21420410
20 8 4 20163835
20 8 3 2593748
20 8 2 23992167
20 8 1 3629180
20 8 0 23509374
20 7 11 214769
20 7 10 19909228
20 7 9 13223556
20 7 8 1010040
20 7 7 8380358
20 7 6 19448327
20 7 5 22035604
20 7 4 29176395
20 7 3 1037949
20 7 2 26956341
20 7 1 23010416
20 7 0 5779112
20 6 11 22753018
20 6 10 14226357
20 6 9 23509811
20 6 8 23621342
20 6 7 4418464
20 6 6 4980350
20 6 5 21702754
20 6 4 33094272
20 6 3 6571467
20 6 2 29153006
20 6 1 4623773
20 6 0 5156546
20 5 11 22293966
20 5 10 3651478
20 5 9 9587134
20 5 8 2371810
20 5 7 14477631
20 5 6 5734646
20 5 5 31403636
20 5 4 2565261
20 5 3 21550869
20 5 2 11682792
20 5 1 16582843
20 5 0 2915428
20 4 11 29033540
20 4 10 33062702
20 4 9 1526407
20 4 8 49229
20 4 7 5202378
20 4 6 27285662
20 4 5 20468721
20 4 4 25772848
20 4 3 32610846
20 4 2 2237177
20 4 1 11469073
20 4 0 32554310
20 3 11 2125638
20 3 10 24031190
20 3 9 22226522
20 3 8 17390731
20 3 7 20549652
20 3 6 17617672
20 3 5 2193032
20 3 4 2258938
20 3 3 7934377
20 3 2 2966872
20 3 1 22773904
20 3 0 2508972
20 2 11 8709326
20 2 10 17776930
20 2 9 2727210
20 2 8 19573390
20 2 7 21471129
20 2 6 15768694
20 2 5 11986256
20 2 4 4350316
20 2 3 1505599
20 2 2 16662587
20 2 1 25320317
20 2 0 10505358
20 1 11 17792084
20 1 10 2412640
20 1 9 133563
20 1 8 11424686
20 1 7 229324
20 1 6 22926101
20 1 5 27177671
20 1 4 22595693
20 1 3 32350999
20 1 2 310921
20 1 1 13726777
20 1 0 9593050
20 0 11 18717172
20 0 10 22188640
20 0 9 21299832
20 0 8 18934870
20 0 7 7840348
20 0 6 28720167
20 0 5 690336
20 0 4 5653415
20 0 3 6298233
20 0 2 10898075
20 0 1 4579712
20 0 0 5785175
19 21 0 13051093
19 20 1 13316958
19 20 0 9283148
19 19 2 9213841
19 19 1 25576009
19 19 0 2160632
19 18 3 11954666
19 18 2 26476658
19 18 1 8498443
19 18 0 12727526
19 17 4 13205967
19 17 3 10114353
19 17 2 31358485
19 17 1 1818902
19 17 0 21035797
19 16 5 33349142
19 16 4 21208990
19 16 3 8565208
19 16 2 2975913
19 16 1 28546089
19 16 0 19596708
19 15 6 15964150
19 15 5 20085493
19 15 4 22734322
19 15 3 10645931
19 15 2 18702296
19 15 1 28763540
19 15 0 612232
19 14 7 9200244
19 14 6 11845622
19 14 5 27317226
19 14 4 13125790
19 14 3 20950155
19 14 2 32472920
19 14 1 27430633
19 14 0 17555387
19 13 8 1247357
19 13 7 7414190
19 13 6 22757050
19 13 5 6377239
19 13 4 5939303
19 13 3 21263965
19 13 2 20944450
19 13 1 15436356
19 13 0 26553166
19 12 9 5117782
19 12 8 26938599
19 12 7 13397622
19 12 6 11175107
19 12 5 7090765
19 12 4 24219633
19 12 3 30958207
19 12 2 23013245
19 12 1 30304487
19 12 0 29365154
19 11 10 26591147
19 11 9 7522147
19 11 8 30607284
19 11 7 18137184
19 11 6 23415001
19 11 5 14694895
19 11 4 22174392
19 11 3 26472403
19 11 2 10399813
19 11 1 12329429
19 11 0 25120370
19 10 11 22355967
19 10 10 10937064
19 10 9 10887779
19 10 8 12189995
19 10 7 23604776
19 10 6 16210398
19 10 5 1229985
19 10 4 15863140
19 10 3 17259455
19 10 2 83552
19 10 1 28601245
19 10 0 28217370
19 9 11 26095412
19 9 10 25151425
19 9 9 21209762
19 9 8 27109688
19 9 7 27220781
19 9 6 23972739
19 9 5 27483876
19 9 4 1448573
19 9 3 24245455
19 9 2 19621692
19 9 1 9214706
19 9 0 31180395
19 8 11 25086557
19 8 10 23842588
19 8 9 23756397
19 8 8 23272487
19 8 7 18634825
19 8 6 30478596
19 8 5 28834686
19 8 4 32277817
19 8 3 3192173
19 8 2 25998755
19 8 1 11398222
19 8 0 27566310
19 7 11 14431446
19 7 10 7757299
19 7 9 15885503
19 7 8 26688023
19 7 7 13365306
19 7 6 11937824
19 7 5 14579077
19 7 4 31959965
19 7 3 27610486
19 7 2 8278426
19 7 1 28228860
19 7 0 2941946
19 6 11 3386995
19 6 10 439912
19 6 9 28655632
19 6 8 24694430
19 6 7 1114714
19 6 6 29536596
19 6 5 9047412
19 6 4 6491029
19 6 3 2741614
19 6 2 31956042
19 6 1 14037142
19 6 0 5552342
19 5 11 905656
19 5 10 31576566
19 5 9 427981
19 5 8 29427824
19 5 7 43342
19 5 6 29922173
19 5 5 16345886
19 5 4 23176241
19 5 3 15139886
19 5 2 27967403
19 5 1 7587815
19 5 0 26606220
19 4 11 22834309
19 4 10 33278659
19 4 9 25368750
19 4 8 4656204
19 4 7 23650391
19 4 6 844305
19 4 5 31821308
19 4 4 19928923
19 4 3 13807363
19 4 2 26538276
19 4 1 6944040
19 4 0 9003703
19 3 11 15904879
19 3 10 32988503
19 3 9 4855489
19 3 8 12231013
19 3 7 6892093
19 3 6 25539073
19 3 5 11345016
19 3 4 15990101
19 3 3 13160031
19 3 2 31423227
19 3 1 3157644
19 3 0 12127532
19 2 11 9751938
19 2 10 14856517
19 2 9 21674600
19 2 8 20829701
19 2 7 15094889
19 2 6 7356540
19 2 5 24061365
19 2 4 24110025
19 2 3 11263048
19 2 2 4324172
19 2 1 31350810
19 2 0 1257293
19 1 11 844733
19 1 10 6438888
19 1 9 212212
19 1 8 23660138
19 1 7 32685570
19 1 6 21016877
19 1 5 517900
19 1 4 23257892
19 1 3 26966730
19 1 2 25565712
19 1 1 22847921
19 1 0 3830919
19 0 11 14874122
19 0 10 1777553
19 0 9 3051382
19 0 8 5151519
19 0 7 9226164
19 0 6 19794928
19 0 5 26561242
19 0 4 32439742
19 0 3 31729868
19 0 2 17830453
19 0 1 6265761
19 0 0 5095361
18 22 0 29008561
18 21 1 16721776
18 21 0 18531767
18 20 2 7030379
18 20 1 28945526
18 20 0 21723625
18 19 3 24942842
18 19 2 16460031
18 19 1 820513
18 19 0 24677348
18 18 4 9265368
18 18 3 19381215
18 18 2 20878451
18 18 1 32816230
18 18 0 25247251
18 17 5 8571410
18 17 4 21458135
18 17 3 11633891
18 17 2 18808620
18 17 1 28108094
18 17 0 3051618
18 16 6 16883105
18 16 5 6132543
18 16 4 32261098
18 16 3 27927941
18 16 2 20704632
18 16 1 9740129
18 16 0 8933856
18 15 7 6024743
18 15 6 14074346
18 15 5 29907906
18 15 4 16634618
18 15 3 21932236
18 15 2 26242175
18 15 1 26314981
18 15 0 4325766
18 14 8 24006591
18 14 7 30213449
18 14 6 30447408
18 14 5 23388626
18 14 4 18399325
18 14 3 16064383
18 14 2 25284976
18 14 1 21631925
18 14 0 11266219
18 13 9 22762983
18 13 8 9962392
18 13 7 2580852
18 13 6 32657130
18 13 5 25437841
18 13 4 22613329
18 13 3 31752689
18 13 2 25608167
18 13 1 25997732
18 13 0 29704766
18 12 10 25734952
18 12 9 15932242
18 12 8 5982828
18 12 7 28315140
18 12 6 7604535
18 12 5 3125130
18 12 4 7724971
18 12 3 2938298
18 12 2 3074474
18 12 1 19381642
18 12 0 21833432
18 11 11 7582325
18 11 10 19438907
18 11 9 11485111
18 11 8 30516458
18 11 7 31391822
18 11 6 13979888
18 11 5 20286253
18 11 4 5075627
18 11 3 3099845
18 11 2 12016714
18 11 1 19101787
18 11 0 15452532
18 10 11 12390294
18 10 10 12030100
18 10 9 18470584
18 10 8 31910677
18 10 7 389026
18 10 6 14689512
18 10 5 24681070
18 10 4 28757914
18 10 3 25840576
18 10 2 18200450
18 10 1 12445771
18 10 0 10478639
18 9 11 13891959
18 9 10 4213181
18 9 9 8519236
18 9 8 31290530
18 9 7 10349089
18 9 6 8418238
18 9 5 26503083
18 9 4 20570777
18 9 3 28622556
18 9 2 13623058
18 9 1 9992815
18 9 0 21046736
18 8 11 17537914
18 8 10 11126525
18 8 9 869690
18 8 8 27638076
18 8 7 30231156
18 8 6 16466444
18 8 5 24797361
18 8 4 18160159
18 8 3 20671913
18 8 2 6417447
18 8 1 15655816
18 8 0 18057573
18 7 11 23948484
18 7 10 17885029
18 7 9 14283351
18 7 8 22085564
18 7 7 16967057
18 7 6 27532262
18 7 5 10570333
18 7 4 28990390
18 7 3 11832847
18 7 2 27398036
18 7 1 29539121
18 7 0 3396879
18 6 11 4507005
18 6 10 15703927
18 6 9 29909089
18 6 8 2283707
18 6 7 7239050
18 6 6 11309537
18 6 5 11778577
18 6 4 25834134
18 6 3 8686408
18 6 2 8199796
18 6 1 8820942
18 6 0 12076183
18 5 11 7946974
18 5 10 17180148
18 5 9 6242687
18 5 8 24602472
18 5 7 12919728
18 5 6 13292905
18 5 5 24557598
18 5 4 22767636
18 5 3 27093494
18 5 2 13477374
18 5 1 3893725
18 5 0 18246452
18 4 11 5888158
18 4 10 15002323
18 4 9 15499541
18 4 8 1746841
18 4 7 1504366
18 4 6 10137645
18 4 5 10030931
18 4 4 8861828
18 4 3 1802119
18 4 2 14884354
18 4 1 33273810
18 4 0 24359460
18 3 11 4645255
18 3 10 13352950
18 3 9 20741766
18 3 8 25573616
18 3 7 13852465
18 3 6 145511
18 3 5 24694897
18 3 4 9838455
18 3 3 2403953
18 3 2 28561054
18 3 1 12916225
18 3 0 486597
18 2 11 13186770
18 2 10 1965139
18 2 9 17777594
18 2 8 20366899
18 2 7 463955
18 2 6 30819094
18 2 5 25510976
18 2 4 6415807
18 2 3 13492353
18 2 2 17221100
18 2 1 13949189
18 2 0 21614668
18 1 11 30691291
18 1 10 9998369
18 1 9 9225804
18 1 8 30815126
18 1 7 29660343
18 1 6 10984980
18 1 5 9161426
18 1 4 27664170
18 1 3 11338096
18 1 2 15115516
18 1 1 33499902
18 1 0 32581162
18 0 11 15426472
18 0 10 2020727
18 0 9 15526832
18 0 8 27859556
18 0 7 13156699
18 0 6 4462801
18 0 5 8616129
18 0 4 1670509
18 0 3 25760497
18 0 2 27790091
18 0 1 26923640
18 0 0 456549
17 22 1 22722750
17 22 0 231036
17 21 2 18683122
17 21 1 28171670
17 21 0 20050246
17 20 3 1437286
17 20 2 1532227
17 20 1 19638012
17 20 0 30400126
17 19 4 32197647
17 19 3 3496825
17 19 2 4055487
17 19 1 15298036
17 19 0 30199586
17 18 5 17759810
17 18 4 12665534
17 18 3 26177106
17 18 2 26114000
17 18 1 29649526
17 18 0 11828692
17 17 6 30208546
17 17 5 20569144
17 17 4 3923587
17 17 3 15422970
17 17 2 13747232
17 17 1 7633929
17 17 0 4753410
17 16 7 4717773
17 16 6 26986665
17 16 5 16525055
17 16 4 32099109
17 16 3 10992740
17 16 2 26814279
17 16 1 22820895
17 16 0 20686380
17 15 8 26810004
17 15 7 16965274
17 15 6 24794082
17 15 5 24767707
17 15 4 1414491
17 15 3 32704117
17 15 2 11809318
17 15 1 25359102
17 15 0 20554103
17 14 9 30556866
17 14 8 27296194
17 14 7 19747783
17 14 6 29266512
17 14 5 9099362
17 14 4 15871256
17 14 3 6535171
17 14 2 31996246
17 14 1 14547260
17 14 0 26096283
17 13 10 922263
17 13 9 21828322
17 13 8 19903355
17 13 7 33346818
17 13 6 18317870
17 13 5 30431810
17 13 4 25068650
17 13 3 11994600
17 13 2 29948979
17 13 1 16127776
17 13 0 27412734
17 12 11 12488602
17 12 10 16968708
17 12 9 3277720
17 12 8 26441767
17 12 7 10346497
17 12 6 33125205
17 12 5 31684497
17 12 4 25519626
17 12 3 28294970
17 12 2 8965365
17 12 1 32560063
17 12 0 31136475
17 11 11 23652615
17 11 10 31462360
17 11 9 4031441
17 11 8 1863282
17 11 7 746312
17 11 6 15090124
17 11 5 23141771
17 11 4 2482813
17 11 3 25544494
17 11 2 13076004
17 11 1 24546731
17 11 0 28535750
17 10 11 25637869
17 10 10 15634143
17 10 9 21197478
17 10 8 19350327
17 10 7 21711966
17 10 6 5729174
17 10 5 19049892
17 10 4 31958635
17 10 3 17399096
17 10 2 5205596
17 10 1 28116252
17 10 0 27659958
17 9 11 31661156
17 9 10 18070116
17 9 9 5877030
17 9 8 31789587
17 9 7 1697455
17 9 6 28597737
17 9 5 18427785
17 9 4 32160610
17 9 3 30682564
17 9 2 21659897
17 9 1 25748243
17 9 0 12744223
17 8 11 13777392
17 8 10 18319346
17 8 9 24045678
17 8 8 27636743
17 8 7 17591210
17 8 6 31250456
17 8 5 10777408
17 8 4 643548
17 8 3 7572992
17 8 2 6257946
17 8 1 2914505
17 8 0 24933180
17 7 11 31703554
17 7 10 25708473
17 7 9 1950809
17 7 8 12186463
17 7 7 3383054
17 7 6 32748057
17 7 5 26939028
17 7 4 22609925
17 7 3 4191039
17 7 2 32921553
17 7 1 12574381
17 7 0 2399348
17 6 11 17941132
17 6 10 19383946
17 6 9 26349822
17 6 8 7639506
17 6 7 32946027
17 6 6 800518
17 6 5 30332387
17 6 4 19325880
17 6 3 23097284
17 6 2 21962508
17 6 1 9407230
17 6 0 3318670
17 5 11 8100062
17 5 10 21963286
17 5 9 6000620
17 5 8 7728937
17 5 7 6119268
17 5 6 9861655
17 5 5 21748228
17 5 4 14313552
17 5 3 30975435
17 5 2 9060667
17 5 1 3876317
17 5 0 22120048
17 4 11 4292044
17 4 10 646959
17 4 9 9016118
17 4 8 28215788
17 4 7 31478051
17 4 6 14292991
17 4 5 25833736
17 4 4 10821867
17 4 3 9484471
17 4 2 2358296
17 4 1 681393
17 4 0 9661991
17 3 11 30791634
17 3 10 1328570
17 3 9 16950269
17 3 8 16966179
17 3 7 20780520
17 3 6 18618662
17 3 5 20982433
17 3 4 9322181
17 3 3 1724792
17 3 2 31817264
17 3 1 27979111
17 3 0 18192193
17 2 11 9594677
17 2 10 2377783
17 2 9 30795794
17 2 8 33340631
17 2 7 9577058
17 2 6 8427142
17 2 5 8351168
17 2 4 29083971
17 2 3 24133561
17 2 2 15162520
17 2 1 30211929
17 2 0 31698069
17 1 11 22851991
17 1 10 22982452
17 1 9 19768778
17 1 8 4193329
17 1 7 1015485
17 1 6 991388
17 1 5 22128512
17 1 4 22022644
17 1 3 14660175
17 1 2 8955560
17 1 1 8367763
17 1 0 2278908
17 0 11 13548773
17 0 10 29962779
17 0 9 1592604
17 0 8 84374
17 0 7 25045658
17 0 6 11816202
17 0 5 11369495
17 0 4 4412593
17 0 3 28505768
17 0 2 8799374
17 0 1 12177192
17 0 0 5144082
16 22 2 21192022
16 22 1 20227456
16 22 0 28321719
16 21 3 814180
16 21 2 18004237
16 21 1 19583911
16 21 0 27326521
16 20 4 18424356
16 20 3 30949288
16 20 2 24046543
16 20 1 31093543
16 20 0 29246788
16 19 5 22756479
16 19 4 16544234
16 19 3 32722097
16 19 2 1846706
16 19 1 25956440
16 19 0 5990075
16 18 6 23956023
16 18 5 2443551
16 18 4 15847772
16 18 3 27028656
16 18 2 8508518
16 18 1 32653969
16 18 0 6391249
16 17 7 4238975
16 17 6 26657389
16 17 5 33327790
16 17 4 14328964
16 17 3 18625705
16 17 2 5543174
16 17 1 11712757
16 17 0 33128369
16 16 8 31681844
16 16 7 16100297
16 16 6 1759841
16 16 5 24376872
16 16 4 5893678
16 16 3 13429017
16 16 2 29372473
16 16 1 6911605
16 16 0 32726670
16 15 9 21195906
16 15 8 2346789
16 15 7 11997040
16 15 6 8197897
16 15 5 30438178
16 15 4 3990646
16 15 3 14100417
16 15 2 14934883
16 15 1 24602868
16 15 0 1234748
16 14 10 13258292
16 14 9 17245700
16 14 8 6376414
16 14 7 25835739
16 14 6 25683728
16 14 5 33068768
16 14 4 9097457
16 14 3 1922327
16 14 2 5097672
16 14 1 22407581
16 14 0 13576114
16 13 11 8849099
16 13 10 30198915
16 13 9 20388966
16 13 8 11897172
16 13 7 9677087
16 13 6 5473134
16 13 5 3027881
16 13 4 19306531
16 13 3 13869378
16 13 2 19882248
16 13 1 1982465
16 13 0 10096281
16 12 11 18537234
16 12 10 23015615
16 12 9 8121039
16 12 8 9003344
16 12 7 15249471
16 12 6 12800205
16 12 5 9779522
16 12 4 1430129
16 12 3 25742792
16 12 2 16861988
16 12 1 26347873
16 12 0 5432478
16 11 11 6624582
16 11 10 13109753
16 11 9 16280505
16 11 8 26148747
16 11 7 9984719
16 11 6 22976884
16 11 5 13127116
16 11 4 19360219
16 11 3 18481705
16 11 2 31739515
16 11 1 5419290
16 11 0 2798944
16 10 11 7959531
16 10 10 4242379
16 10 9 32624213
16 10 8 16614522
16 10 7 19567572
16 10 6 19335107
16 10 5 19298806
16 10 4 27663940
16 10 3 17527737
16 10 2 4366619
16 10 1 868595
16 10 0 5031479
16 9 11 597001
16 9 10 6202800
16 9 9 142426
16 9 8 2090322
16 9 7 30297311
16 9 6 12325351
16 9 5 9631407
16 9 4 9621332
16 9 3 27636000
16 9 2 11974398
16 9 1 4011072
16 9 0 31593396
16 8 11 7673566
16 8 10 24700489
16 8 9 8563607
16 8 8 2356685
16 8 7 6629465
16 8 6 14851014
16 8 5 2610500
16 8 4 15055625
16 8 3 4167848
16 8 2 27029703
16 8 1 14354369
16 8 0 23311927
16 7 11 33523659
16 7 10 2302957
16 7 9 5041416
16 7 8 1870105
16 7 7 9870179
16 7 6 2190254
16 7 5 1950238
16 7 4 15228238
16 7 3 28280006
16 7 2 9679221
16 7 1 22161918
16 7 0 9678992
16 6 11 28038766
16 6 10 12384549
16 6 9 26208372
16 6 8 1325485
16 6 7 14475618
16 6 6 29507756
16 6 5 7372469
16 6 4 8060351
16 6 3 8556959
16 6 2 3519217
16 6 1 24942260
16 6 0 15127796
16 5 11 12992512
16 5 10 24230048
16 5 9 28208161
16 5 8 3884427
16 5 7 24067144
16 5 6 14651010
16 5 5 3219585
16 5 4 17310906
16 5 3 30238856
16 5 2 9998776
16 5 1 10681268
16 5 0 3984083
16 4 11 13230117
16 4 10 24699765
16 4 9 3731416
16 4 8 27946428
16 4 7 21733330
16 4 6 5365039
16 4 5 30273954
16 4 4 16120990
16 4 3 25815369
16 4 2 31569035
16 4 1 17812048
16 4 0 32795257
16 3 11 9838103
16 3 10 24164953
16 3 9 3832406
16 3 8 11557658
16 3 7 32339643
16 3 6 28040480
16 3 5 5153371
16 3 4 9754742
16 3 3 11534728
16 3 2 2741338
16 3 1 18314362
16 3 0 593572
16 2 11 8083861
16 2 10 33101900
16 2 9 23868511
16 2 8 14244524
16 2 7 11748819
16 2 6 6785443
16 2 5 8576356
16 2 4 14847020
16 2 3 8447529
16 2 2 20935031
16 2 1 16180213
16 2 0 30224617
16 1 11 22483424
16 1 10 15610319
16 1 9 26846626
16 1 8 21187295
16 1 7 25511140
16 1 6 22858134
16 1 5 13229426
16 1 4 23357343
16 1 3 9333926
16 1 2 16127805
16 1 1 30933820
16 1 0 1477004
16 0 11 19848360
16 0 10 30829555
16 0 9 2614292
16 0 8 8683189
16 0 7 12997379
16 0 6 8472714
16 0 5 18805070
16 0 4 8044838
16 0 3 8364400
16 0 2 21694170
16 0 1 20958805
16 0 0 6379070
15 22 3 30236630
15 22 2 2319228
15 22 1 7484252
15 22 0 18681652
15 21 4 10326847
15 21 3 31090800
15 21 2 19999894
15 21 1 21930461
15 21 0 1876670
15 20 5 1283538
15 20 4 13484795
15 20 3 14014858
15 20 2 24673985
15 20 1 26379760
15 20 0 16017607
15 19 6 14315538
15 19 5 21132217
15 19 4 13086881
15 19 3 20282074
15 19 2 33033218
15 19 1 30715847
15 19 0 28863554
15 18 7 25737158
15 18 6 16534245
15 18 5 12197232
15 18 4 31539874
15 18 3 24430794
15 18 2 14943810
15 18 1 22661397
15 18 0 14817886
15 17 8 14347991
15 17 7 18705690
15 17 6 16260232
15 17 5 31093410
15 17 4 2220819
15 17 3 26742242
15 17 2 20695468
15 17 1 7204950
15 17 0 33154493
15 16 9 3421885
15 16 8 23366053
15 16 7 15773320
15 16 6 29783073
15 16 5 23741154
15 16 4 33433171
15 16 3 21060317
15 16 2 20830158
15 16 1 31128891
15 16 0 2695137
15 15 10 23064450
15 15 9 17812804
15 15 8 12077388
15 15 7 3503002
15 15 6 24682062
15 15 5 20308977
15 15 4 11987069
15 15 3 7793299
15 15 2 24346795
15 15 1 3282726
15 15 0 28087017
15 14 11 3467077
15 14 10 2422000
15 14 9 18301980
15 14 8 25438993
15 14 7 17219470
15 14 6 18711984
15 14 5 8130465
15 14 4 7832673
15 14 3 6513354
15 14 2 19600038
15 14 1 1862229
15 14 0 25521004
15 13 11 26894811
15 13 10 18536783
15 13 9 11652928
15 13 8 12780434
15 13 7 8350638
15 13 6 4610344
15 13 5 25076320
15 13 4 9665186
15 13 3 24294760
15 13 2 4735226
15 13 1 7538190
15 13 0 30272341
15 12 11 1037466
15 12 10 20101418
15 12 9 28964821
15 12 8 4256735
15 12 7 24593603
15 12 6 8827430
15 12 5 24687609
15 12 4 27776725
15 12 3 18531753
15 12 2 13489970
15 12 1 11005213
15 12 0 26867989
15 11 11 33523916
15 11 10 26042745
15 11 9 8397726
15 11 8 2617664
15 11 7 29204857
15 11 6 33534212
15 11 5 21266849
15 11 4 2877540
15 11 3 5347033
15 11 2 2438509
15 11 1 14997294
15 11 0 25652108
15 10 11 527798
15 10 10 8924824
15 10 9 32055633
15 10 8 26973530
15 10 7 8010995
15 10 6 8088337
15 10 5 33316375
15 10 4 21813378
15 10 3 8016986
15 10 2 24834797
15 10 1 15271132
15 10 0 28037171
15 9 11 30248788
15 9 10 7333457
15 9 9 29380575
15 9 8 18711589
15 9 7 5823321
15 9 6 13672194
15 9 5 28552655
15 9 4 17549268
15 9 3 24262126
15 9 2 16391125
15 9 1 25361495
15 9 0 28639100
15 8 11 3471428
15 8 10 21325229
15 8 9 21912204
15 8 8 25056152
15 8 7 2513494
15 8 6 31247040
15 8 5 24428330
15 8 4 23606773
15 8 3 11124395
15 8 2 32544829
15 8 1 995056
15 8 0 27185997
15 7 11 9924411
15 7 10 30451655
15 7 9 23966145
15 7 8 32882236
15 7 7 21164450
15 7 6 3073053
15 7 5 33112659
15 7 4 1403079
15 7 3 12070860
15 7 2 30006495
15 7 1 6009859
15 7 0 20873621
15 6 11 20381551
15 6 10 7010956
15 6 9 17436707
15 6 8 26219902
15 6 7 14094099
15 6 6 25818746
15 6 5 4681452
15 6 4 3161219
15 6 3 13926310
15 6 2 29463980
15 6 1 29490161
15 6 0 582859
15 5 11 2802999
15 5 10 29821595
15 5 9 23862231
15 5 8 8024179
15 5 7 23894302
15 5 6 11205229
15 5 5 1372180
15 5 4 10660235
15 5 3 10194863
15 5 2 5472020
15 5 1 29922878
15 5 0 3528763
15 4 11 26605844
15 4 10 9743542
15 4 9 6485849
15 4 8 13292298
15 4 7 6783900
15 4 6 9108775
15 4 5 18409621
15 4 4 830545
15 4 3 31288280
15 4 2 4339704
15 4 1 15552686
15 4 0 12193524
15 3 11 3400911
15 3 10 31742042
15 3 9 11811872
15 3 8 6846066
15 3 7 9818629
15 3 6 9975907
15 3 5 19297809
15 3 4 33229151
15 3 3 4862133
15 3 2 10433156
15 3 1 12400276
15 3 0 8871458
15 2 11 5381892
15 2 10 360553
15 2 9 28597860
15 2 8 18137174
15 2 7 6531992
15 2 6 18832849
15 2 5 26069481
15 2 4 23717518
15 2 3 26090306
15 2 2 27740426
15 2 1 4470217
15 2 0 27390369
15 1 11 31975403
15 1 10 8271753
15 1 9 31103730
15 1 8 32037364
15 1 7 22761827
15 1 6 2867465
15 1 5 16892122
15 1 4 21183093
15 1 3 1282622
15 1 2 4478365
15 1 1 24677818
15 1 0 33276289
15 0 11 10282796
15 0 10 733408
15 0 9 22969938
15 0 8 23974050
15 0 7 25487731
15 0 6 16140818
15 0 5 27075991
15 0 4 14018879
15 0 3 19612444
15 0 2 24885366
15 0 1 18917760
15 0 0 9549826
14 22 4 26650444
14 22 3 26314883
14 22 2 13669066
14 22 1 20512471
14 22 0 11055836
14 21 5 11526071
14 21 4 17087508
14 21 3 9305491
14 21 2 4152420
14 21 1 14671479
14 21 0 24929642
14 20 6 32584992
14 20 5 9262310
14 20 4 32664410
14 20 3 25283218
14 20 2 23178133
14 20 1 11636766
14 20 0 27385361
14 19 7 10243771
14 19 6 6928780
14 19 5 20428223
14 19 4 9143577
14 19 3 18450081
14 19 2 8824840
14 19 1 11289328
14 19 0 14900140
14 18 8 2665087
14 18 7 25002075
14 18 6 28553018
14 18 5 4370158
14 18 4 28600664
14 18 3 10733161
14 18 2 13776270
14 18 1 16956084
14 18 0 19935397
14 17 9 2023893
14 17 8 26446224
14 17 7 4570356
14 17 6 793213
14 17 5 14961165
14 17 4 10118722
14 17 3 19702299
14 17 2 13908963
14 17 1 1751928
14 17 0 25993443
14 16 10 4398655
14 16 9 15201003
14 16 8 15095219
14 16 7 904476
14 16 6 27298434
14 16 5 23551147
14 16 4 15495500
14 16 3 22701156
14 16 2 15408304
14 16 1 32353899
14 16 0 12737042
14 15 11 25655457
14 15 10 15601809
14 15 9 15210541
14 15 8 22830625
14 15 7 23951575
14 15 6 18203146
14 15 5 28680518
14 15 4 7552302
14 15 3 6007015
14 15 2 528635
14 15 1 13111642
14 15 0 24406991
14 14 11 13129870
14 14 10 22539050
14 14 9 11599710
14 14 8 25353970
14 14 7 23514321
14 14 6 30270312
14 14 5 6472854
14 14 4 32345458
14 14 3 19941235
14 14 2 30886706
14 14 1 29246460
14 14 0 31637816
14 13 11 12780755
14 13 10 11273884
14 13 9 22024333
14 13 8 1692579
14 13 7 889410
14 13 6 16640554
14 13 5 26257804
14 13 4 32953052
14 13 3 24423231
14 13 2 27838863
14 13 1 12477056
14 13 0 28184306
14 12 11 25417939
14 12 10 9271609
14 12 9 14710416
14 12 8 804248
14 12 7 17743645
14 12 6 19979640
14 12 5 9406408
14 12 4 1633642
14 12 3 11575854
14 12 2 18475043
14 12 1 28316553
14 12 0 5737240
14 11 11 7169490
14 11 10 11887168
14 11 9 3520763
14 11 8 5907794
14 11 7 29658043
14 11 6 19225181
14 11 5 18245659
14 11 4 11744195
14 11 3 28087062
14 11 2 10981211
14 11 1 4716919
14 11 0 5758582
14 10 11 1554772
14 10 10 852013
14 10 9 30895100
14 10 8 23758550
14 10 7 14506541
14 10 6 13174258
14 10 5 18150155
14 10 4 14497104
14 10 3 6119091
14 10 2 15024331
14 10 1 3536345
14 10 0 5567276
14 9 11 27250970
14 9 10 27035942
14 9 9 19619540
14 9 8 13959863
14 9 7 7220879
14 9 6 27322044
14 9 5 2570044
14 9 4 21600204
14 9 3 22744936
14 9 2 22150268
14 9 1 31760142
14 9 0 13417253
14 8 11 21106203
14 8 10 26949225
14 8 9 29388197
14 8 8 31650066
14 8 7 10773574
14 8 6 18303418
14 8 5 23751021
14 8 4 30936306
14 8 3 1062148
14 8 2 18976005
14 8 1 24217953
14 8 0 26904285
14 7 11 645906
14 7 10 2818150
14 7 9 89421
14 7 8 19361769
14 7 7 12381109
14 7 6 8206885
14 7 5 15331107
14 7 4 25683821
14 7 3 5383685
14 7 2 1023038
14 7 1 30638966
14 7 0 15964965
14 6 11 30954151
14 6 10 14819550
14 6 9 21930016
14 6 8 29522874
14 6 7 5549740
14 6 6 4922883
14 6 5 27078448
14 6 4 7047567
14 6 3 19177224
14 6 2 120816
14 6 1 12953353
14 6 0 11692969
14 5 11 16506409
14 5 10 26787993
14 5 9 24285984
14 5 8 8864986
14 5 7 20566371
14 5 6 24959576
14 5 5 16214015
14 5 4 14644037
14 5 3 1730687
14 5 2 7139976
14 5 1 7041631
14 5 0 30366248
14 4 11 27363816
14 4 10 3794717
14 4 9 24889510
14 4 8 29078227
14 4 7 29627587
14 4 6 16406562
14 4 5 18347963
14 4 4 20413399
14 4 3 10326189
14 4 2 22865702
14 4 1 18985036
14 4 0 12819483
14 3 11 24012849
14 3 10 3064851
14 3 9 26363418
14 3 8 1333069
14 3 7 22374074
14 3 6 1371097
14 3 5 7711756
14 3 4 15054483
14 3 3 370330
14 3 2 7055117
14 3 1 14290291
14 3 0 6015515
14 2 11 23246410
14 2 10 4550717
14 2 9 25234246
14 2 8 13234145
14 2 7 25160252
14 2 6 32613989
14 2 5 18542727
14 2 4 15508028
14 2 3 10900835
14 2 2 22948972
14 2 1 14453600
14 2 0 956066
14 1 11 11829461
14 1 10 28720751
14 1 9 13920260
14 1 8 20651674
14 1 7 22459683
14 1 6 14992479
14 1 5 14531849
14 1 4 8980185
14 1 3 21234544
14 1 2 10709287
14 1 1 28917214
14 1 0 5657764
14 0 11 21931851
14 0 10 29167743
14 0 9 23353982
14 0 8 15258350
14 0 7 10720809
14 0 6 10336125
14 0 5 5178977
14 0 4 11658416
14 0 3 5595024
14 0 2 28301166
14 0 1 12135317
14 0 0 29166078
13 22 5 9691980
13 22 4 16254746
13 22 3 23617423
13 22 2 521118
13 22 1 3869776
13 22 0 16562762
13 21 6 21782723
13 21 5 27649721
13 21 4 5028648
13 21 3 32323313
13 21 2 17823450
13 21 1 16070875
13 21 0 15747233
13 20 7 636681
13 20 6 3172722
13 20 5 11344181
13 20 4 5757784
13 20 3 15745331
13 20 2 32700778
13 20 1 250627
13 20 0 28559294
13 19 8 33006991
13 19 7 11041151
13 19 6 1556759
13 19 5 15872000
13 19 4 16219907
13 19 3 3024359
13 19 2 30162298
13 19 1 9826785
13 19 0 26565665
13 18 9 833509
13 18 8 10479441
13 18 7 15030693
13 18 6 22067870
13 18 5 8837442
13 18 4 650322
13 18 3 11252968
13 18 2 25982943
13 18 1 3220624
13 18 0 29459810
13 17 10 4097951
13 17 9 14950476
13 17 8 30838263
13 17 7 14099738
13 17 6 6286190
13 17 5 6707696
13 17 4 32860407
13 17 3 15204479
13 17 2 27023234
13 17 1 26794363
13 17 0 4948713
13 16 11 20648942
13 16 10 23808348
13 16 9 28591636
13 16 8 10600350
13 16 7 28174623
13 16 6 17002663
13 16 5 13212470
13 16 4 9618976
13 16 3 1074361
13 16 2 1284271
13 16 1 327128
13 16 0 16273063
13 15 11 15132598
13 15 10 21911215
13 15 9 21103343
13 15 8 834868
13 15 7 32720226
13 15 6 32511952
13 15 5 16134024
13 15 4 20284356
13 15 3 28826429
13 15 2 13327491
13 15 1 20852743
13 15 0 11323757
13 14 11 2622531
13 14 10 28556298
13 14 9 2391437
13 14 8 7993972
13 14 7 24942665
13 14 6 7653779
13 14 5 574731
13 14 4 11982052
13 14 3 24638218
13 14 2 30134532
13 14 1 18249962
13 14 0 28498931
13 13 11 10086604
13 13 10 24053399
13 13 9 522490
13 13 8 28867430
13 13 7 2607050
13 13 6 22994571
13 13 5 5342428
13 13 4 25261950
13 13 3 26546828
13 13 2 16328547
13 13 1 15904582
13 13 0 1423716
13 12 11 21581545
13 12 10 24963318
13 12 9 19884147
13 12 8 10645266
13 12 7 9758788
13 12 6 10544510
13 12 5 18375392
13 12 4 5702501
13 12 3 3625770
13 12 2 16116846
13 12 1 20527169
13 12 0 4733748
13 11 11 29612283
13 11 10 13802758
13 11 9 6175431
13 11 8 33278542
13 11 7 30085112
13 11 6 15888389
13 11 5 18530048
13 11 4 12701692
13 11 3 4654739
13 11 2 32818229
13 11 1 2149525
13 11 0 3540585
13 10 11 4386975
13 10 10 25405372
13 10 9 9117162
13 10 8 24777857
13 10 7 4099280
13 10 6 18334894
13 10 5 19860694
13 10 4 4592548
13 10 3 1091878
13 10 2 17949960
13 10 1 15316629
13 10 0 24206873
13 9 11 9478472
13 9 10 730856
13 9 9 7010259
13 9 8 30952777
13 9 7 16032400
13 9 6 30001749
13 9 5 29944001
13 9 4 18370386
13 9 3 17392411
13 9 2 21818868
13 9 1 19275697
13 9 0 22755069
13 8 11 18508202
13 8 10 27202952
13 8 9 1546928
13 8 8 31584855
13 8 7 26929885
13 8 6 30573012
13 8 5 3664707
13 8 4 28846749
13 8 3 30019893
13 8 2 419874
13 8 1 19552889
13 8 0 17854561
13 7 11 22880695
13 7 10 25213851
13 7 9 24068782
13 7 8 1387187
13 7 7 19156918
13 7 6 1124282
13 7 5 20946063
13 7 4 20485220
13 7 3 17315099
13 7 2 8431636
13 7 1 5295278
13 7 0 11687601
13 6 11 2673576
13 6 10 19579422
13 6 9 7355275
13 6 8 23708128
13 6 7 17487348
13 6 6 14087627
13 6 5 9855502
13 6 4 9744530
13 6 3 10685577
13 6 2 21035645
13 6 1 31909775
13 6 0 2883679
13 5 11 4324956
13 5 10 3785134
13 5 9 3838872
13 5 8 32445192
13 5 7 27614771
13 5 6 2672018
13 5 5 27073720
13 5 4 14248069
13 5 3 923040
13 5 2 7438464
13 5 1 7550916
13 5 0 18989836
13 4 11 17311421
13 4 10 5935444
13 4 9 15313740
13 4 8 27525098
13 4 7 15373829
13 4 6 16468428
13 4 5 1749686
13 4 4 19429176
13 4 3 32455955
13 4 2 16855632
13 4 1 32207667
13 4 0 19857775
13 3 11 11347619
13 3 10 7130653
13 3 9 3464571
13 3 8 26723651
13 3 7 26840756
13 3 6 26081761
13 3 5 25142857
13 3 4 13036229
13 3 3 11162383
13 3 2 14699374
13 3 1 26938412
13 3 0 26059305
13 2 11 6872671
13 2 10 19869777
13 2 9 1702667
13 2 8 18182208
13 2 7 33315238
13 2 6 28540941
13 2 5 7934969
13 2 4 32957253
13 2 3 1968108
13 2 2 19963723
13 2 1 28087438
13 2 0 6873408
13 1 11 28042370
13 1 10 26968821
13 1 9 3372510
13 1 8 20102691
13 1 7 13442563
13 1 6 7493156
13 1 5 32111484
13 1 4 19063862
13 1 3 22573381
13 1 2 5068822
13 1 1 27758372
13 1 0 24380402
13 0 11 14511716
13 0 10 12133341
13 0 9 11006465
13 0 8 11661644
13 0 7 20686721
13 0 6 22392719
13 0 5 15608668
13 0 4 10996918
13 0 3 6679857
13 0 2 27127011
13 0 1 13799760
13 0 0 5212371
12 22 6 21913183
12 22 5 7428731
12 22 4 5170668
12 22 3 21416574
12 22 2 22665188
12 22 1 31465903
12 22 0 5058764
12 21 7 11461193
12 21 6 17505277
12 21 5 10697777
12 21 4 7142827
12 21 3 14362802
12 21 2 31631228
12 21 1 23211300
12 21 0 7001188
12 20 8 18055776
12 20 7 19192412
12 20 6 13586603
12 20 5 14401224
12 20 4 19688621
12 20 3 66926
12 20 2 20349342
12 20 1 574459
12 20 0 28236872
12 19 9 27843234
12 19 8 2452679
12 19 7 13848280
12 19 6 20362275
12 19 5 14442942
12 19 4 13300469
12 19 3 13477406
12 19 2 6565762
12 19 1 10022232
12 19 0 12310817
12 18 10 22914105
12 18 9 3843756
12 18 8 2123448
12 18 7 15966628
12 18 6 20202067
12 18 5 20554159
12 18 4 31528797
12 18 3 25101190
12 18 2 13081960
12 18 1 29253842
12 18 0 5123139
12 17 11 9392619
12 17 10 10239244
12 17 9 11759855
12 17 8 24174310
12 17 7 32366719
12 17 6 20011328
12 17 5 18850152
12 17 4 13105515
12 17 3 7743236
12 17 2 14318749
12 17 1 22598831
12 17 0 27149732
12 16 11 19692281
12 16 10 27176251
12 16 9 19927028
12 16 8 9201659
12 16 7 10020642
12 16 6 32983703
12 16 5 30814898
12 16 4 1972783
12 16 3 22419177
12 16 2 23267301
12 16 1 31272737
12 16 0 33275271
12 15 11 22281349
12 15 10 32791993
12 15 9 21998762
12 15 8 20307347
12 15 7 26839861
12 15 6 12308771
12 15 5 8631618
12 15 4 14539960
12 15 3 8930252
12 15 2 21392911
12 15 1 18541722
12 15 0 7884745
12 14 11 468432
12 14 10 20512899
12 14 9 20854133
12 14 8 3079707
12 14 7 20658462
12 14 6 32490023
12 14 5 6680078
12 14 4 14214307
12 14 3 3840599
12 14 2 30314870
12 14 1 22887696
12 14 0 1937740
12 13 11 17519013
12 13 10 5282128
12 13 9 2390580
12 13 8 26973489
12 13 7 31837099
12 13 6 17995171
12 13 5 884912
12 13 4 30773508
12 13 3 13552894
12 13 2 313852
12 13 1 16579930
12 13 0 9627965
12 12 11 29512995
12 12 10 12202596
12 12 9 354750
12 12 8 1102645
12 12 7 30753532
12 12 6 10542180
12 12 5 7129831
12 12 4 716199
12 12 3 6308994
12 12 2 32277155
12 12 1 13032042
12 12 0 27131622
12 11 11 29086943
12 11 10 22560211
12 11 9 31846773
12 11 8 10050547
12 11 7 22673021
12 11 6 9942525
12 11 5 13995258
12 11 4 804336
12 11 3 27334514
12 11 2 8044919
12 11 1 6127699
12 11 0 1029476
12 10 11 20922529
12 10 10 18597710
12 10 9 16010044
12 10 8 8762913
12 10 7 6563045
12 10 6 9756772
12 10 5 904146
12 10 4 6549836
12 10 3 22058825
12 10 2 16609159
12 10 1 14868468
12 10 0 23987747
12 9 11 30107351
12 9 10 23616963
12 9 9 28741942
12 9 8 11493415
12 9 7 2385823
12 9 6 26949316
12 9 5 12157354
12 9 4 10880911
12 9 3 16147452
12 9 2 24132195
12 9 1 23178268
12 9 0 17948391
12 8 11 17127523
12 8 10 12160628
12 8 9 17142708
12 8 8 19752845
12 8 7 7437477
12 8 6 2419162
12 8 5 27374463
12 8 4 10405493
12 8 3 32791513
12 8 2 14410995
12 8 1 31819452
12 8 0 12016908
12 7 11 27384404
12 7 10 26129754
12 7 9 31121822
12 7 8 6026422
12 7 7 4424001
12 7 6 24612406
12 7 5 14760249
12 7 4 7517317
12 7 3 1543775
12 7 2 9661881
12 7 1 20129064
12 7 0 7828594
12 6 11 8018206
12 6 10 21924196
12 6 9 1569905
12 6 8 16898083
12 6 7 23972131
12 6 6 6275996
12 6 5 32465381
12 6 4 22306945
12 6 3 8381467
12 6 2 30556891
12 6 1 13072215
12 6 0 19386220
12 5 11 23563337
12 5 10 27282726
12 5 9 30969475
12 5 8 27128392
12 5 7 4610032
12 5 6 4426305
12 5 5 15658589
12 5 4 11465120
12 5 3 25433284
12 5 2 32698834
12 5 1 5846206
12 5 0 5972118
12 4 11 24038794
12 4 10 25109709
12 4 9 11146359
12 4 8 26874988
12 4 7 25147901
12 4 6 27608889
12 4 5 30914820
12 4 4 15072617
12 4 3 16769892
12 4 2 21599784
12 4 1 7395105
12 4 0 14797889
12 3 11 15178302
12 3 10 6327287
12 3 9 7623639
12 3 8 7935427
12 3 7 7878861
12 3 6 11698852
12 3 5 7853273
12 3 4 9027729
12 3 3 10852634
12 3 2 11229298
12 3 1 14866194
12 3 0 16486477
12 2 11 755828
12 2 10 32990785
12 2 9 5121532
12 2 8 14855378
12 2 7 17251833
12 2 6 7291291
12 2 5 13082615
12 2 4 32078516
12 2 3 6232960
12 2 2 24677260
12 2 1 21182078
12 2 0 23730886
12 1 11 13976769
12 1 10 20746168
12 1 9 17964583
12 1 8 2995547
12 1 7 6425128
12 1 6 10663264
12 1 5 25129513
12 1 4 26000245
12 1 3 553830
12 1 2 12828304
12 1 1 14497568
12 1 0 29388207
12 0 11 28025958
12 0 10 22336859
12 0 9 9473945
12 0 8 32305512
12 0 7 29435033
12 0 6 6682997
12 0 5 3078119
12 0 4 29670630
12 0 3 9563605
12 0 2 31723895
12 0 1 3398687
12 0 0 15053438
11 22 7 2558457
11 22 6 11732135
11 22 5 12177145
11 22 4 31955783
11 22 3 12813729
11 22 2 22393314
11 22 1 29810652
11 22 0 20483578
11 21 8 10233828
11 21 7 24698470
11 21 6 33119569
11 21 5 13722778
11 21 4 18710985
11 21 3 5620926
11 21 2 10775089
11 21 1 10072374
11 21 0 13145144
11 20 9 25715456
11 20 8 27832171
11 20 7 30838739
11 20 6 483023
11 20 5 30561224
11 20 4 21551122
11 20 3 15869726
11 20 2 15206281
11 20 1 25247209
11 20 0 3374673
11 19 10 30963256
11 19 9 26362570
11 19 8 29808528
11 19 7 2674207
11 19 6 12748553
11 19 5 9121621
11 19 4 14778017
11 19 3 1247737
11 19 2 17838895
11 19 1 23592249
11 19 0 29557257
11 18 11 12923171
11 18 10 11842950
11 18 9 2468137
11 18 8 29463975
11 18 7 4762587
11 18 6 31324518
11 18 5 32194575
11 18 4 22818382
11 18 3 10885162
11 18 2 23212304
11 18 1 5149334
11 18 0 17213886
11 17 11 18847387
11 17 10 19642569
11 17 9 12725097
11 17 8 23203711
11 17 7 3558424
11 17 6 8665582
11 17 5 30990758
11 17 4 13716129
11 17 3 2293622
11 17 2 5978637
11 17 1 30697899
11 17 0 9332841
11 16 11 22571561
11 16 10 6516887
11 16 9 24483942
11 16 8 26392927
11 16 7 33192859
11 16 6 9589974
11 16 5 5474975
11 16 4 3460640
11 16 3 15165832
11 16 2 167771
11 16 1 27129076
11 16 0 1193660
11 15 11 4087166
11 15 10 13133597
11 15 9 28847065
11 15 8 25917459
11 15 7 13055723
11 15 6 9939049
11 15 5 18367635
11 15 4 9768237
11 15 3 30243030
11 15 2 1377511
11 15 1 6979164
11 15 0 18923489
11 14 11 18778258
11 14 10 7853960
11 14 9 32654685
11 14 8 31051687
11 14 7 7147307
11 14 6 2269490
11 14 5 31088867
11 14 4 26974541
11 14 3 23159279
11 14 2 21528005
11 14 1 30260161
11 14 0 11102137
11 13 11 13974920
11 13 10 27132066
11 13 9 6713145
11 13 8 11749068
11 13 7 18638427
11 13 6 4540328
11 13 5 24948450
11 13 4 17567701
11 13 3 5486054
11 13 2 10368436
11 13 1 23321980
11 13 0 21556734
11 12 11 9573469
11 12 10 33509404
11 12 9 10837329
11 12 8 22848138
11 12 7 31515175
11 12 6 8279642
11 12 5 30256753
11 12 4 33232820
11 12 3 12443818
11 12 2 20928673
11 12 1 32823930
11 12 0 14601237
11 11 11 19103369
11 11 10 19586280
11 11 9 16447986
11 11 8 4622946
11 11 7 30585218
11 11 6 31887783
11 11 5 28125276
11 11 4 6257843
11 11 3 5564848
11 11 2 4536053
11 11 1 23738373
11 11 0 21130596
11 10 11 24413707
11 10 10 24031400
11 10 9 17806036
11 10 8 15652705
11 10 7 27709428
11 10 6 14139400
11 10 5 18284837
11 10 4 14625954
11 10 3 3592477
11 10 2 2124890
11 10 1 13097119
11 10 0 25680697
11 9 11 1495287
11 9 10 532207
11 9 9 23087231
11 9 8 27873434
11 9 7 30427587
11 9 6 24310377
11 9 5 9694830
11 9 4 17867031
11 9 3 14624343
11 9 2 14230640
11 9 1 27192450
11 9 0 15632237
11 8 11 32141831
11 8 10 12706505
11 8 9 27544644
11 8 8 18362914
11 8 7 32445714
11 8 6 5814071
11 8 5 6091111
11 8 4 7763752
11 8 3 33185628
11 8 2 26808937
11 8 1 28465595
11 8 0 23094542
11 7 11 21752366
11 7 10 12400372
11 7 9 18866064
11 7 8 17729082
11 7 7 31962226
11 7 6 6635907
11 7 5 32426885
11 7 4 2965812
11 7 3 6161651
11 7 2 24926663
11 7 1 31499368
11 7 0 11509042
11 6 11 6608741
11 6 10 20175806
11 6 9 2994237
11 6 8 2286769
11 6 7 25959739
11 6 6 33419398
11 6 5 22433793
11 6 4 13067699
11 6 3 7042325
11 6 2 22443014
11 6 1 5471721
11 6 0 27954
11 5 11 27095829
11 5 10 29551506
11 5 9 14154101
11 5 8 23186479
11 5 7 24869127
11 5 6 32150237
11 5 5 5025497
11 5 4 2759921
11 5 3 28492749
11 5 2 30943970
11 5 1 1504862
11 5 0 32425888
11 4 11 17478207
11 4 10 10051458
11 4 9 3437145
11 4 8 30439222
11 4 7 16735052
11 4 6 31310592
11 4 5 8325771
11 4 4 3825427
11 4 3 10993278
11 4 2 12088859
11 4 1 6421962
11 4 0 9091696
11 3 11 19636984
11 3 10 26316684
11 3 9 18294035
11 3 8 6175659
11 3 7 33526737
11 3 6 2571779
11 3 5 3803206
11 3 4 21762347
11 3 3 5131553
11 3 2 16448901
11 3 1 22912791
11 3 0 15696914
11 2 11 12517256
11 2 10 17986251
11 2 9 29421620
11 2 8 30837747
11 2 7 20404924
11 2 6 1647536
11 2 5 23699469
11 2 4 28558682
11 2 3 24466859
11 2 2 31195306
11 2 1 8505001
11 2 0 17773067
11 1 11 14386543
11 1 10 8915191
11 1 9 31593089
11 1 8 18039154
11 1 7 12150684
11 1 6 1627491
11 1 5 319400
11 1 4 22981209
11 1 3 26899642
11 1 2 30422779
11 1 1 9023254
11 1 0 26818735
11 0 11 2734860
11 0 10 23347586
11 0 9 10527114
11 0 8 29559321
11 0 7 6636666
11 0 6 23142516
11 0 5 26924984
11 0 4 25079763
11 0 3 16189189
11 0 2 26622328
11 0 1 28934769
11 0 0 4982964
10 22 7 10120468
10 22 6 29919022
10 22 5 32827807
10 22 4 27881286
10 22 3 20844656
10 22 2 18096495
10 22 1 27997386
10 22 0 25260369
10 21 8 6927479
10 21 7 6045833
10 21 6 11786094
10 21 5 7852481
10 21 4 11415244
10 21 3 26759031
10 21 2 19669699
10 21 1 21106129
10 21 0 27577093
10 20 9 509920
10 20 8 1008625
10 20 7 21244823
10 20 6 28935461
10 20 5 23444748
10 20 4 8002118
10 20 3 22338301
10 20 2 18458552
10 20 1 10237700
10 20 0 28230129
10 19 10 20719275
10 19 9 11814796
10 19 8 18438599
10 19 7 12037632
10 19 6 5185940
10 19 5 29126170
10 19 4 17693847
10 19 3 30274862
10 19 2 19970371
10 19 1 1442941
10 19 0 15565952
10 18 11 17016366
10 18 10 8842612
10 18 9 24207904
10 18 8 13343200
10 18 7 12575175
10 18 6 26003488
10 18 5 32344411
10 18 4 13196948
10 18 3 19816002
10 18 2 20878996
10 18 1 9596026
10 18 0 6676397
10 17 11 17446415
10 17 10 12882760
10 17 9 26610594
10 17 8 4837288
10 17 7 31494443
10 17 6 127925
10 17 5 1421079
10 17 4 16065045
10 17 3 11378719
10 17 2 19014133
10 17 1 1042102
10 17 0 27921670
10 16 11 32474438
10 16 10 8870538
10 16 9 23827067
10 16 8 7929748
10 16 7 1213220
10 16 6 8784666
10 16 5 1662352
10 16 4 27783604
10 16 3 30252702
10 16 2 15482628
10 16 1 11847865
10 16 0 31468461
10 15 11 15751721
10 15 10 5400866
10 15 9 8212483
10 15 8 20312509
10 15 7 32826541
10 15 6 10321931
10 15 5 25619278
10 15 4 28485942
10 15 3 4236135
10 15 2 4242603
10 15 1 32301256
10 15 0 25636746
10 14 11 31079620
10 14 10 32494280
10 14 9 14388545
10 14 8 19913955
10 14 7 8099337
10 14 6 11295198
10 14 5 4980454
10 14 4 8677252
10 14 3 23619484
10 14 2 17135267
10 14 1 15928914
10 14 0 8283987
10 13 11 14199957
10 13 10 1863833
10 13 9 1528720
10 13 8 32170390
10 13 7 32960527
10 13 6 14791810
10 13 5 21453879
10 13 4 3915184
10 13 3 17633431
10 13 2 9056587
10 13 1 2885027
10 13 0 8748243
10 12 11 9750525
10 12 10 2420440
10 12 9 263428
10 12 8 27535535
10 12 7 15675132
10 12 6 2939524
10 12 5 27036908
10 12 4 92991
10 12 3 30749605
10 12 2 716463
10 12 1 6445185
10 12 0 803171
10 11 11 26725852
10 11 10 10672303
10 11 9 27852801
10 11 8 32740995
10 11 7 481436
10 11 6 24014979
10 11 5 23903176
10 11 4 29946985
10 11 3 28513765
10 11 2 9962228
10 11 1 201902
10 11 0 31375473
10 10 11 19213677
10 10 10 297315
10 10 9 25197101
10 10 8 10234287
10 10 7 29556182
10 10 6 4114058
10 10 5 33395230
10 10 4 9794616
10 10 3 12378504
10 10 2 2731980
10 10 1 19410673
10 10 0 18982036
10 9 11 3046038
10 9 10 2298542
10 9 9 13382963
10 9 8 16339093
10 9 7 25174847
10 9 6 30575854
10 9 5 12706957
10 9 4 13411582
10 9 3 13284343
10 9 2 26904255
10 9 1 18913155
10 9 0 8558148
10 8 11 19096121
10 8 10 20044360
10 8 9 8702146
10 8 8 15869628
10 8 7 6644967
10 8 6 13496291
10 8 5 2510180
10 8 4 18986322
10 8 3 24745837
10 8 2 12117264
10 8 1 23534601
10 8 0 22445584
10 7 11 26222273
10 7 10 30196693
10 7 9 23175740
10 7 8 3728328
10 7 7 26366018
10 7 6 3913348
10 7 5 18527827
10 7 4 27384828
10 7 3 10456351
10 7 2 31922859
10 7 1 10836213
10 7 0 13432163
10 6 11 18576242
10 6 10 1444818
10 6 9 12024910
10 6 8 16617101
10 6 7 24169477
10 6 6 7042208
10 6 5 21557566
10 6 4 12631720
10 6 3 30694025
10 6 2 33353353
10 6 1 6057191
10 6 0 400724
10 5 11 9343418
10 5 10 930137
10 5 9 6830005
10 5 8 23250898
10 5 7 31234964
10 5 6 15944477
10 5 5 23182296
10 5 4 20445684
10 5 3 624548
10 5 2 5928012
10 5 1 4380920
10 5 0 32500722
10 4 11 4826014
10 4 10 626384
10 4 9 6733765
10 4 8 9552478
10 4 7 25476856
10 4 6 27122734
10 4 5 10653170
10 4 4 21988218
10 4 3 9428700
10 4 2 6983353
10 4 1 8993670
10 4 0 7180041
10 3 11 24136309
10 3 10 6332623
10 3 9 16741857
10 3 8 25133024
10 3 7 30995128
10 3 6 27424531
10 3 5 27544386
10 3 4 20715798
10 3 3 29039407
10 3 2 15310715
10 3 1 18116573
10 3 0 31417627
10 2 11 1513440
10 2 10 9770576
10 2 9 29216834
10 2 8 31622092
10 2 7 3804182
10 2 6 22740628
10 2 5 239946
10 2 4 33255202
10 2 3 25620127
10 2 2 10974405
10 2 1 27883328
10 2 0 13093799
10 1 11 836310
10 1 10 47359
10 1 9 23591514
10 1 8 26934918
10 1 7 18905641
10 1 6 14619344
10 1 5 30554065
10 1 4 13767439
10 1 3 21822642
10 1 2 9937291
10 1 1 25565546
10 1 0 24303965
10 0 11 21891746
10 0 10 27065510
10 0 9 32153696
10 0 8 33435441
10 0 7 9791655
10 0 6 13713849
10 0 5 11397693
10 0 4 19364653
10 0 3 28267349
10 0 2 19296465
10 0 1 27659050
10 0 0 17104318
9 22 7 247262
9 22 6 27179874
9 22 5 24976827
9 22 4 12393434
9 22 3 9471498
9 22 2 24000046
9 22 1 24941935
9 22 0 31936481
9 21 8 989048
9 21 7 30312003
9 21 6 30745620
9 21 5 13905086
9 21 4 29935602
9 21 3 6018453
9 21 2 12402769
9 21 1 7545443
9 21 0 21284443
9 20 9 17185105
9 20 8 27133862
9 20 7 12940238
9 20 6 8819247
9 20 5 20952147
9 20 4 30810590
9 20 3 24884003
9 20 2 12966432
9 20 1 12976511
9 20 0 3257187
9 19 10 32392114
9 19 9 2443501
9 19 8 30337644
9 19 7 8200535
9 19 6 10658551
9 19 5 22009673
9 19 4 5302698
9 19 3 14137721
9 19 2 26187064
9 19 1 3561836
9 19 0 17302074
9 18 11 15948795
9 18 10 1418326
9 18 9 4837535
9 18 8 9188264
9 18 7 24558955
9 18 6 25523388
9 18 5 20976693
9 18 4 12360872
9 18 3 10527205
9 18 2 21612729
9 18 1 18245119
9 18 0 1852207
9 17 11 13496800
9 17 10 31265739
9 17 9 114831
9 17 8 29860900
9 17 7 15268531
9 17 6 31052806
9 17 5 18893615
9 17 4 18696880
9 17 3 21025489
9 17 2 13420298
9 17 1 344417
9 17 0 26169492
9 16 11 22372905
9 16 10 15889730
9 16 9 8409795
9 16 8 9967529
9 16 7 2720707
9 16 6 16673661
9 16 5 14067104
9 16 4 11355155
9 16 3 28263982
9 16 2 13153523
9 16 1 26750428
9 16 0 163463
9 15 11 1357604
9 15 10 31220034
9 15 9 21185272
9 15 8 23091237
9 15 7 5088555
9 15 6 23331172
9 15 5 1789336
9 15 4 28113390
9 15 3 356628
9 15 2 14513508
9 15 1 28558739
9 15 0 14627977
9 14 11 28960522
9 14 10 24057477
9 14 9 24943884
9 14 8 13433922
9 14 7 4466722
9 14 6 7495052
9 14 5 4377517
9 14 4 16140042
9 14 3 26187292
9 14 2 15196787
9 14 1 10738188
9 14 0 33448367
9 13 11 16052256
9 13 10 12081329
9 13 9 25586348
9 13 8 3383668
9 13 7 21518510
9 13 6 1367146
9 13 5 17468170
9 13 4 29965112
9 13 3 14484919
9 13 2 5274226
9 13 1 32817179
9 13 0 26824213
9 12 11 29364784
9 12 10 9162332
9 12 9 10835562
9 12 8 7140449
9 12 7 13431392
9 12 6 26486943
9 12 5 9378719
9 12 4 2682283
9 12 3 4777509
9 12 2 20260838
9 12 1 30004889
9 12 0 14491216
9 11 11 9491734
9 11 10 16230111
9 11 9 8111752
9 11 8 7926341
9 11 7 3982615
9 11 6 18373964
9 11 5 10378772
9 11 4 9783709
9 11 3 15348680
9 11 2 21730451
9 11 1 33453229
9 11 0 12490296
9 10 11 650829
9 10 10 10113528
9 10 9 21587181
9 10 8 10116615
9 10 7 22430933
9 10 6 31494598
9 10 5 10403468
9 10 4 24362578
9 10 3 2425589
9 10 2 2938192
9 10 1 8324293
9 10 0 94570
9 9 11 4789651
9 9 10 15682790
9 9 9 14693456
9 9 8 26870111
9 9 7 17795395
9 9 6 30498585
9 9 5 16640718
9 9 4 24803394
9 9 3 698239
9 9 2 32671383
9 9 1 1410381
9 9 0 22849192
9 8 11 18891795
9 8 10 16906461
9 8 9 18911586
9 8 8 25509059
9 8 7 2169949
9 8 6 13826288
9 8 5 15210268
9 8 4 6506890
9 8 3 23572680
9 8 2 3543643
9 8 1 14307028
9 8 0 13479237
9 7 11 13783598
9 7 10 20153134
9 7 9 7633300
9 7 8 5328683
9 7 7 32201012
9 7 6 1212179
9 7 5 26351601
9 7 4 252104
9 7 3 5702601
9 7 2 12557570
9 7 1 24468246
9 7 0 204082
9 6 11 24501987
9 6 10 31507396
9 6 9 18360090
9 6 8 15902388
9 6 7 26257097
9 6 6 31868329
9 6 5 31202439
9 6 4 9189444
9 6 3 7893574
9 6 2 31056750
9 6 1 14306456
9 6 0 20822701
9 5 11 29090
9 5 10 6516210
9 5 9 3250086
9 5 8 11559244
9 5 7 25039530
9 5 6 10509636
9 5 5 11220317
9 5 4 4535279
9 5 3 21416486
9 5 2 2317704
9 5 1 2363764
9 5 0 29582350
9 4 11 13555708
9 4 10 19104361
9 4 9 18842246
9 4 8 3092792
9 4 7 29411547
9 4 6 15199798
9 4 5 20808410
9 4 4 17525974
9 4 3 31277508
9 4 2 30286382
9 4 1 31119384
9 4 0 168357
9 3 11 17083931
9 3 10 3889826
9 3 9 7933170
9 3 8 17955720
9 3 7 18293610
9 3 6 8870342
9 3 5 7299058
9 3 4 21512335
9 3 3 1529085
9 3 2 4802991
9 3 1 9552417
9 3 0 13120971
9 2 11 16514968
9 2 10 8421282
9 2 9 20905474
9 2 8 11374256
9 2 7 13021320
9 2 6 11658449
9 2 5 21240934
9 2 4 12782085
9 2 3 394289
9 2 2 18364069
9 2 1 25394589
9 2 0 9761161
9 1 11 22134323
9 1 10 9737130
9 1 9 31043731
9 1 8 195069
9 1 7 21803972
9 1 6 24285956
9 1 5 28580225
9 1 4 14122212
9 1 3 27979665
9 1 2 9461275
9 1 1 29170111
9 1 0 20085635
9 0 11 11400830
9 0 10 24424817
9 0 9 12871241
9 0 8 19807981
9 0 7 4655871
9 0 6 13874643
9 0 5 1213289
9 0 4 3054204
9 0 3 16599400
9 0 2 30306280
9 0 1 10075877
9 0 0 7956992
8 22 7 26404847
8 22 6 10120920
8 22 5 28098345
8 22 4 29973804
8 22 3 17209609
8 22 2 18350231
8 22 1 19204776
8 22 0 22953739
8 21 8 4956209
8 21 7 31052269
8 21 6 6936377
8 21 5 5664949
8 21 4 27219192
8 21 3 4102557
8 21 2 18394276
8 21 1 12752123
8 21 0 3156238
8 20 9 19846871
8 20 8 937701
8 20 7 32293354
8 20 6 25081792
8 20 5 20672812
8 20 4 4569540
8 20 3 20337030
8 20 2 30337708
8 20 1 11229785
8 20 0 19722225
8 19 10 29781324
8 19 9 27859548
8 19 8 14116531
8 19 7 10936139
8 19 6 4570763
8 19 5 20742309
8 19 4 20815677
8 19 3 9080499
8 19 2 8461664
8 19 1 26423521
8 19 0 9749814
8 18 11 22040208
8 18 10 7748406
8 18 9 4345928
8 18 8 4194378
8 18 7 23468257
8 18 6 1085288
8 18 5 15998558
8 18 4 1498726
8 18 3 33502395
8 18 2 28168382
8 18 1 14037174
8 18 0 14807151
8 17 11 9105761
8 17 10 8555559
8 17 9 29241099
8 17 8 30480383
8 17 7 3032334
8 17 6 2595839
8 17 5 20279299
8 17 4 218478
8 17 3 5238714
8 17 2 19172041
8 17 1 25980193
8 17 0 17527954
8 16 11 15550288
8 16 10 20624895
8 16 9 32722104
8 16 8 20886357
8 16 7 27898494
8 16 6 15047395
8 16 5 12733678
8 16 4 17118716
8 16 3 12537623
8 16 2 15671167
8 16 1 22078547
8 16 0 6160634
8 15 11 21498010
8 15 10 15973545
8 15 9 19472319
8 15 8 6567074
8 15 7 5048045
8 15 6 23938035
8 15 5 14732921
8 15 4 10653572
8 15 3 22923016
8 15 2 11644465
8 15 1 7998337
8 15 0 1200989
8 14 11 33099914
8 14 10 2177491
8 14 9 20655325
8 14 8 20468354
8 14 7 32698750
8 14 6 3008443
8 14 5 23489384
8 14 4 27050965
8 14 3 28095871
8 14 2 17322874
8 14 1 1030344
8 14 0 29911414
8 13 11 12033624
8 13 10 23609711
8 13 9 29039227
8 13 8 8743443
8 13 7 9272956
8 13 6 10719849
8 13 5 23085985
8 13 4 16953424
8 13 3 30329677
8 13 2 20817996
8 13 1 17411601
8 13 0 2353685
8 12 11 22694298
8 12 10 415645
8 12 9 13923193
8 12 8 15183297
8 12 7 29990844
8 12 6 8634260
8 12 5 18361569
8 12 4 25302973
8 12 3 26738108
8 12 2 22881999
8 12 1 22249550
8 12 0 33229657
8 11 11 30351857
8 11 10 14810545
8 11 9 27967491
8 11 8 2205949
8 11 7 31237505
8 11 6 19552282
8 11 5 19037351
8 11 4 9652711
8 11 3 11112512
8 11 2 25022608
8 11 1 15578098
8 11 0 25530283
8 10 11 22469865
8 10 10 22566302
8 10 9 593208
8 10 8 14989113
8 10 7 15536021
8 10 6 9613157
8 10 5 27774262
8 10 4 4729228
8 10 3 16527229
8 10 2 27068137
8 10 1 13949304
8 10 0 24007020
8 9 11 27400765
8 9 10 13280754
8 9 9 10285317
8 9 8 4773039
8 9 7 18592434
8 9 6 31676184
8 9 5 26595133
8 9 4 11828721
8 9 3 26720096
8 9 2 7040048
8 9 1 7731047
8 9 0 22590833
8 8 11 32688529
8 8 10 20312497
8 8 9 12383191
8 8 8 30191811
8 8 7 28689819
8 8 6 21819576
8 8 5 17152656
8 8 4 22102617
8 8 3 16424238
8 8 2 6658866
8 8 1 8123563
8 8 0 18413038
8 7 11 22308470
8 7 10 27490006
8 7 9 3986119
8 7 8 1488954
8 7 7 31922740
8 7 6 31292119
8 7 5 5925658
8 7 4 27651923
8 7 3 27487019
8 7 2 26671911
8 7 1 21561396
8 7 0 4962879
8 6 11 25251557
8 6 10 18535119
8 6 9 19784807
8 6 8 32647699
8 6 7 30447240
8 6 6 20888302
8 6 5 2643392
8 6 4 33474140
8 6 3 12663273
8 6 2 3273288
8 6 1 17434888
8 6 0 10211679
8 5 11 7372872
8 5 10 31072339
8 5 9 20196266
8 5 8 30999898
8 5 7 1787192
8 5 6 4356403
8 5 5 8414214
8 5 4 8312214
8 5 3 29946526
8 5 2 21600579
8 5 1 11373810
8 5 0 9684517
8 4 11 29987634
8 4 10 6364030
8 4 9 26862717
8 4 8 31025774
8 4 7 7789181
8 4 6 25269095
8 4 5 13218220
8 4 4 6087304
8 4 3 16827888
8 4 2 32825897
8 4 1 32021865
8 4 0 20644213
8 3 11 1727935
8 3 10 5480187
8 3 9 15035069
8 3 8 31316622
8 3 7 9510574
8 3 6 1082729
8 3 5 6185349
8 3 4 12488649
8 3 3 5070491
8 3 2 13095937
8 3 1 20448695
8 3 0 6148057
8 2 11 3594511
8 2 10 15767596
8 2 9 2406439
8 2 8 26363076
8 2 7 18582496
8 2 6 29906376
8 2 5 30602943
8 2 4 13709713
8 2 3 21204743
8 2 2 8996698
8 2 1 2297683
8 2 0 26955667
8 1 11 18144823
8 1 10 12750728
8 1 9 21427266
8 1 8 27314202
8 1 7 21325047
8 1 6 23752306
8 1 5 2992600
8 1 4 13948019
8 1 3 18556339
8 1 2 30414960
8 1 1 4606072
8 1 0 16874871
8 0 11 9718354
8 0 10 11441418
8 0 9 17938533
8 0 8 12732375
8 0 7 29651644
8 0 6 2587707
8 0 5 15551766
8 0 4 6466461
8 0 3 11342256
8 0 2 22621342
8 0 1 32494897
8 0 0 26981255
7 22 7 11239190
7 22 6 24039644
7 22 5 7912094
7 22 4 7272362
7 22 3 11158360
7 22 2 29729344
7 22 1 19829100
7 22 0 19106382
7 21 8 11402367
7 21 7 7151500
7 21 6 22940607
7 21 5 24738351
7 21 4 28715523
7 21 3 26278875
7 21 2 3990632
7 21 1 20234481
7 21 0 8033629
7 20 9 29396593
7 20 8 17273496
7 20 7 22540600
7 20 6 4478738
7 20 5 28404584
7 20 4 7877179
7 20 3 30185937
7 20 2 33465615
7 20 1 32645492
7 20 0 5263861
7 19 10 2434059
7 19 9 9135817
7 19 8 33181666
7 19 7 1625573
7 19 6 20399445
7 19 5 33398192
7 19 4 13678830
7 19 3 5056501
7 19 2 5452422
7 19 1 15129126
7 19 0 17770817
7 18 11 6755036
7 18 10 392920
7 18 9 11001069
7 18 8 28850658
7 18 7 29685555
7 18 6 18649126
7 18 5 2985380
7 18 4 26065391
7 18 3 23629758
7 18 2 11734848
7 18 1 9121536
7 18 0 31462106
7 17 11 28360724
7 17 10 28298993
7 17 9 5247998
7 17 8 18606635
7 17 7 3426831
7 17 6 32681948
7 17 5 25720409
7 17 4 25085446
7 17 3 16284731
7 17 2 123319
7 17 1 20160929
7 17 0 18143722
7 16 11 21331604
7 16 10 23820985
7 16 9 31804141
7 16 8 21268008
7 16 7 9607564
7 16 6 18288972
7 16 5 2568692
7 16 4 27412813
7 16 3 5926556
7 16 2 5128741
7 16 1 33068899
7 16 0 7963970
7 15 11 21498643
7 15 10 20935660
7 15 9 3986725
7 15 8 25604465
7 15 7 21268834
7 15 6 21786827
7 15 5 18118591
7 15 4 7061672
7 15 3 14075169
7 15 2 28454478
7 15 1 25134302
7 15 0 25780968
7 14 11 32803920
7 14 10 24794789
7 14 9 9722104
7 14 8 5068343
7 14 7 3224378
7 14 6 25956748
7 14 5 29586878
7 14 4 31591737
7 14 3 2093464
7 14 2 2954273
7 14 1 21407605
7 14 0 14622971
7 13 11 6456493
7 13 10 12955149
7 13 9 32274653
7 13 8 21438959
7 13 7 14452323
7 13 6 30887402
7 13 5 26035136
7 13 4 21395139
7 13 3 9427102
7 13 2 20094905
7 13 1 5213972
7 13 0 14546126
7 12 11 17412881
7 12 10 8253108
7 12 9 8168793
7 12 8 8344312
7 12 7 8224269
7 12 6 10996687
7 12 5 5990787
7 12 4 21737586
7 12 3 13169445
7 12 2 21299035
7 12 1 27862628
7 12 0 5147708
7 11 11 27325505
7 11 10 29131397
7 11 9 1813257
7 11 8 30637521
7 11 7 21535878
7 11 6 14140291
7 11 5 6692058
7 11 4 32254290
7 11 3 2194794
7 11 2 10141973
7 11 1 13688810
7 11 0 4796773
7 10 11 30870636
7 10 10 25348521
7 10 9 23078799
7 10 8 26607989
7 10 7 13430598
7 10 6 11724939
7 10 5 26649394
7 10 4 31120994
7 10 3 21377587
7 10 2 391547
7 10 1 11079519
7 10 0 9390055
7 9 11 30128341
7 9 10 22407294
7 9 9 5157167
7 9 8 20402112
7 9 7 29222019
7 9 6 8626539
7 9 5 12809449
7 9 4 17818244
7 9 3 15859291
7 9 2 10762462
7 9 1 29177799
7 9 0 10536428
7 8 11 9323925
7 8 10 11237232
7 8 9 16450775
7 8 8 8180854
7 8 7 1449140
7 8 6 14890724
7 8 5 17264285
7 8 4 12555079
7 8 3 19778415
7 8 2 6239450
7 8 1 23944187
7 8 0 12653070
7 7 11 25065071
7 7 10 11886616
7 7 9 3640536
7 7 8 788667
7 7 7 26180683
7 7 6 12799685
7 7 5 14639356
7 7 4 13174232
7 7 3 20056790
7 7 2 23746616
7 7 1 23199843
7 7 0 22928395
7 6 11 14508141
7 6 10 24907245
7 6 9 25833385
7 6 8 30132569
7 6 7 17003099
7 6 6 2452180
7 6 5 8617558
7 6 4 978732
7 6 3 29276788
7 6 2 23116917
7 6 1 16374891
7 6 0 22057779
7 5 11 3516678
7 5 10 31543567
7 5 9 19062608
7 5 8 12437890
7 5 7 19835495
7 5 6 10571820
7 5 5 26578287
7 5 4 9915318
7 5 3 2422208
7 5 2 6421643
7 5 1 2594247
7 5 0 25759827
7 4 11 6421606
7 4 10 3849277
7 4 9 6398143
7 4 8 29091624
7 4 7 7549160
7 4 6 8218072
7 4 5 23354167
7 4 4 25533997
7 4 3 12455690
7 4 2 14488601
7 4 1 23981785
7 4 0 21869098
7 3 11 11422379
7 3 10 19782920
7 3 9 6319094
7 3 8 31307059
7 3 7 23284171
7 3 6 25277792
7 3 5 8081224
7 3 4 911259
7 3 3 23465621
7 3 2 28088455
7 3 1 5712646
7 3 0 15107748
7 2 11 8741601
7 2 10 8360297
7 2 9 4935559
7 2 8 29809135
7 2 7 29095353
7 2 6 14627500
7 2 5 31429096
7 2 4 19739988
7 2 3 4735869
7 2 2 5940106
7 2 1 9680595
7 2 0 25572406
7 1 11 17759411
7 1 10 19156191
7 1 9 2563012
7 1 8 30569073
7 1 7 3265231
7 1 6 13009448
7 1 5 6645116
7 1 4 17866005
7 1 3 1116004
7 1 2 10883642
7 1 1 1783092
7 1 0 31440065
7 0 11 7995678
7 0 10 30274475
7 0 9 9022792
7 0 8 4288810
7 0 7 26502590
7 0 6 9671210
7 0 5 6107764
7 0 4 16420537
7 0 3 13885871
7 0 2 11224742
7 0 1 5903890
7 0 0 19735092
6 22 7 20681321
6 22 6 30871240
6 22 5 18382242
6 22 4 25540509
6 22 3 10959514
6 22 2 28744182
6 22 1 15413780
6 22 0 16087250
6 21 8 15616498
6 21 7 26120381
6 21 6 24991244
6 21 5 18646983
6 21 4 27265986
6 21 3 32440924
6 21 2 17212495
6 21 1 26446498
6 21 0 16979182
6 20 9 1638278
6 20 8 7351874
6 20 7 11470573
6 20 6 26126379
6 20 5 22463625
6 20 4 5274142
6 20 3 30519166
6 20 2 32057044
6 20 1 7500708
6 20 0 25165267
6 19 10 5597953
6 19 9 2099842
6 19 8 32938887
6 19 7 6210627
6 19 6 13750477
6 19 5 17993799
6 19 4 792975
6 19 3 15516414
6 19 2 11405673
6 19 1 17290519
6 19 0 12269155
6 18 11 32449245
6 18 10 31814607
6 18 9 30342777
6 18 8 13026162
6 18 7 5524895
6 18 6 29583624
6 18 5 13262638
6 18 4 16878870
6 18 3 22960314
6 18 2 18979048
6 18 1 21781128
6 18 0 21188577
6 17 11 4526790
6 17 10 19000034
6 17 9 1413428
6 17 8 27447761
6 17 7 11474381
6 17 6 25748252
6 17 5 8725489
6 17 4 17933034
6 17 3 25543906
6 17 2 28795300
6 17 1 4905153
6 17 0 29025264
6 16 11 21372811
6 16 10 10440668
6 16 9 33072958
6 16 8 19329521
6 16 7 23026596
6 16 6 30188709
6 16 5 9555557
6 16 4 29938759
6 16 3 23541576
6 16 2 7980890
6 16 1 24938476
6 16 0 7958862
6 15 11 1647445
6 15 10 23746750
6 15 9 19948541
6 15 8 17356429
6 15 7 8314615
6 15 6 26814609
6 15 5 32686216
6 15 4 18826525
6 15 3 17633021
6 15 2 17295461
6 15 1 30662076
6 15 0 23364507
6 14 11 27557774
6 14 10 23338656
6 14 9 12112915
6 14 8 18957954
6 14 7 22246379
6 14 6 923356
6 14 5 2727167
6 14 4 26218270
6 14 3 27991962
6 14 2 5211134
6 14 1 8972056
6 14 0 28831257
6 13 11 9833745
6 13 10 24862783
6 13 9 24283208
6 13 8 30355566
6 13 7 3941364
6 13 6 25517220
6 13 5 4909204
6 13 4 27120850
6 13 3 6486000
6 13 2 4391835
6 13 1 19933192
6 13 0 27329815
6 12 11 30535250
6 12 10 26615863
6 12 9 25041305
6 12 8 10090827
6 12 7 653212
6 12 6 10589001
6 12 5 11970513
6 12 4 12420170
6 12 3 14968193
6 12 2 6507463
6 12 1 20277438
6 12 0 17958629
6 11 11 7420433
6 11 10 21132097
6 11 9 8075098
6 11 8 19506412
6 11 7 19162404
6 11 6 30237003
6 11 5 8797376
6 11 4 4776089
6 11 3 26792630
6 11 2 8008601
6 11 1 8594823
6 11 0 19497667
6 10 11 6636967
6 10 10 1357879
6 10 9 7094038
6 10 8 27972352
6 10 7 4174771
6 10 6 32669301
6 10 5 7384704
6 10 4 2729769
6 10 3 4496084
6 10 2 32021455
6 10 1 32919397
6 10 0 4295251
6 9 11 17173747
6 9 10 18130805
6 9 9 32833141
6 9 8 8327986
6 9 7 12509786
6 9 6 17755030
6 9 5 14658709
6 9 4 13676333
6 9 3 8484096
6 9 2 8317407
6 9 1 19623672
6 9 0 18288501
6 8 11 8599726
6 8 10 23135640
6 8 9 1111464
6 8 8 31926874
6 8 7 4590524
6 8 6 29727673
6 8 5 18620975
6 8 4 26241732
6 8 3 8333638
6 8 2 10718441
6 8 1 20743574
6 8 0 9531348
6 7 11 3989982
6 7 10 8683517
6 7 9 11070681
6 7 8 15692217
6 7 7 32529281
6 7 6 8949977
6 7 5 26821527
6 7 4 7564221
6 7 3 26372124
6 7 2 1690361
6 7 1 17752085
6 7 0 15120576
6 6 11 32723016
6 6 10 24165653
6 6 9 29473214
6 6 8 16402189
6 6 7 19745146
6 6 6 12708706
6 6 5 5834029
6 6 4 6287370
6 6 3 5363661
6 6 2 20898361
6 6 1 17607876
6 6 0 5792763
6 5 11 18148701
6 5 10 27537750
6 5 9 5256271
6 5 8 19884663
6 5 7 30077791
6 5 6 10665951
6 5 5 3517974
6 5 4 26713435
6 5 3 18629326
6 5 2 31977249
6 5 1 18252149
6 5 0 21595735
6 4 11 2242508
6 4 10 31130337
6 4 9 23680250
6 4 8 31942819
6 4 7 24400688
6 4 6 15993918
6 4 5 6130831
6 4 4 7733858
6 4 3 26860019
6 4 2 23967114
6 4 1 23689397
6 4 0 26979123
6 3 11 24611556
6 3 10 18839102
6 3 9 11770733
6 3 8 13126386
6 3 7 12028730
6 3 6 28127894
6 3 5 15060460
6 3 4 1314206
6 3 3 25749517
6 3 2 23785680
6 3 1 13200324
6 3 0 11513525
6 2 11 8707939
6 2 10 21466508
6 2 9 25276911
6 2 8 7399121
6 2 7 28583231
6 2 6 2521386
6 2 5 12448266
6 2 4 7416244
6 2 3 4949051
6 2 2 5913802
6 2 1 177677
6 2 0 21646009
6 1 11 25157346
6 1 10 17345008
6 1 9 13095230
6 1 8 32238085
6 1 7 18289903
6 1 6 22397101
6 1 5 2072420
6 1 4 29341633
6 1 3 12954739
6 1 2 17095018
6 1 1 13281964
6 1 0 6353662
6 0 11 21531942
6 0 10 29874394
6 0 9 13957523
6 0 8 26977232
6 0 7 21148769
6 0 6 20433406
6 0 5 21116896
6 0 4 30677319
6 0 3 27006404
6 0 2 21674943
6 0 1 24394775
6 0 0 15903253
5 22 7 21176222
5 22 6 1735381
5 22 5 16960260
5 22 4 3344724
5 22 3 24748773
5 22 2 20367677
5 22 1 25767558
5 22 0 1330882
5 21 8 17596102
5 21 7 13317927
5 21 6 8073529
5 21 5 1457119
5 21 4 23491435
5 21 3 15955028
5 21 2 364254
5 21 1 16347991
5 21 0 20987352
5 20 9 11448893
5 20 8 9155748
5 20 7 18508042
5 20 6 505560
5 20 5 15634560
5 20 4 16987334
5 20 3 2172110
5 20 2 14206609
5 20 1 20646864
5 20 0 17705547
5 19 10 21259975
5 19 9 20685151
5 19 8 30476171
5 19 7 355614
5 19 6 21331309
5 19 5 1683608
5 19 4 27805348
5 19 3 16220048
5 19 2 26967413
5 19 1 1247295
5 19 0 1256735
5 18 11 6230962
5 18 10 26940235
5 18 9 30348259
5 18 8 1069852
5 18 7 1418255
5 18 6 11773342
5 18 5 13470188
5 18 4 25586927
5 18 3 11777193
5 18 2 30999107
5 18 1 31519781
5 18 0 6069005
5 17 11 2884846
5 17 10 11054746
5 17 9 6560620
5 17 8 19362631
5 17 7 26410008
5 17 6 33324051
5 17 5 3555313
5 17 4 28951891
5 17 3 24263245
5 17 2 32564051
5 17 1 1520844
5 17 0 31292112
5 16 11 27841246
5 16 10 29920575
5 16 9 21516914
5 16 8 11548776
5 16 7 22607580
5 16 6 36838
5 16 5 19438910
5 16 4 20526976
5 16 3 10025707
5 16 2 4582657
5 16 1 4973771
5 16 0 18112385
5 15 11 31054636
5 15 10 13043325
5 15 9 5169027
5 15 8 1347999
5 15 7 21944207
5 15 6 16910306
5 15 5 20386952
5 15 4 19406827
5 15 3 13409568
5 15 2 16375344
5 15 1 21745725
5 15 0 30973288
5 14 11 1233112
5 14 10 374987
5 14 9 13190369
5 14 8 37902
5 14 7 1322995
5 14 6 15292838
5 14 5 703985
5 14 4 19506660
5 14 3 26665840
5 14 2 24962073
5 14 1 30080450
5 14 0 12961398
5 13 11 24355294
5 13 10 29206499
5 13 9 21192534
5 13 8 32276935
5 13 7 3262345
5 13 6 10721004
5 13 5 10876800
5 13 4 2209803
5 13 3 5429253
5 13 2 24937369
5 13 1 2147896
5 13 0 13450385
5 12 11 15980366
5 12 10 7957016
5 12 9 31478064
5 12 8 29826981
5 12 7 23282477
5 12 6 5174331
5 12 5 27833011
5 12 4 6414939
5 12 3 5307737
5 12 2 25173759
5 12 1 6049217
5 12 0 23507418
5 11 11 4999573
5 11 10 15986275
5 11 9 32325583
5 11 8 20488187
5 11 7 29548250
5 11 6 24938368
5 11 5 18008253
5 11 4 13028786
5 11 3 12207846
5 11 2 13931502
5 11 1 32815917
5 11 0 31942466
5 10 11 9093025
5 10 10 25532404
5 10 9 10272151
5 10 8 26594968
5 10 7 21158184
5 10 6 12785467
5 10 5 18912961
5 10 4 20893633
5 10 3 6320626
5 10 2 3770724
5 10 1 24150858
5 10 0 21335537
5 9 11 19575047
5 9 10 21117434
5 9 9 23102550
5 9 8 19105299
5 9 7 32403095
5 9 6 1959131
5 9 5 19665529
5 9 4 9172503
5 9 3 9367598
5 9 2 15066927
5 9 1 19942337
5 9 0 11722822
5 8 11 19575259
5 8 10 10581979
5 8 9 22898252
5 8 8 20860600
5 8 7 21738779
5 8 6 11852467
5 8 5 13664383
5 8 4 28870157
5 8 3 11346892
5 8 2 15153285
5 8 1 15217564
5 8 0 10345438
5 7 11 15599201
5 7 10 12334615
5 7 9 32555602
5 7 8 989263
5 7 7 31777074
5 7 6 14316035
5 7 5 29768723
5 7 4 13388567
5 7 3 22334501
5 7 2 13053853
5 7 1 9405907
5 7 0 25655532
5 6 11 8882315
5 6 10 23552501
5 6 9 2823560
5 6 8 8980686
5 6 7 4461635
5 6 6 8205975
5 6 5 32740893
5 6 4 19499079
5 6 3 10341548
5 6 2 18142107
5 6 1 2539847
5 6 0 27061750
5 5 11 1342463
5 5 10 24878270
5 5 9 18535395
5 5 8 2283717
5 5 7 22497080
5 5 6 22419632
5 5 5 26022089
5 5 4 17794677
5 5 3 31891463
5 5 2 909630
5 5 1 17754814
5 5 0 24063324
5 4 11 10750273
5 4 10 594907
5 4 9 21524226
5 4 8 9954634
5 4 7 21648099
5 4 6 13051846
5 4 5 5389918
5 4 4 16156657
5 4 3 22564040
5 4 2 21614916
5 4 1 180041
5 4 0 29010465
5 3 11 28590520
5 3 10 6417865
5 3 9 16155714
5 3 8 25875884
5 3 7 30172580
5 3 6 28523541
5 3 5 6077503
5 3 4 11172762
5 3 3 22645594
5 3 2 5663167
5 3 1 14391129
5 3 0 6447936
5 2 11 29321896
5 2 10 18852482
5 2 9 32427723
5 2 8 32770824
5 2 7 6868559
5 2 6 2385761
5 2 5 3958778
5 2 4 1669919
5 2 3 15986944
5 2 2 31400287
5 2 1 12356348
5 2 0 12227670
5 1 11 597326
5 1 10 4893266
5 1 9 21346196
5 1 8 5911452
5 1 7 23292468
5 1 6 1419780
5 1 5 22462385
5 1 4 14679315
5 1 3 31740956
5 1 2 10852330
5 1 1 23554860
5 1 0 9910467
5 0 11 10504772
5 0 10 14212975
5 0 9 32944998
5 0 8 17105096
5 0 7 10132240
5 0 6 2128304
5 0 5 21983909
5 0 4 16985842
5 0 3 24503581
5 0 2 15849848
5 0 1 17737162
5 0 0 28034924
4 22 7 15381382
4 22 6 1728101
4 22 5 18403717
4 22 4 16756487
4 22 3 15471093
4 22 2 33322838
4 22 1 2030720
4 22 0 23529301
4 21 8 27971135
4 21 7 16310851
4 21 6 26721646
4 21 5 25536937
4 21 4 16578668
4 21 3 5450837
4 21 2 31695805
4 21 1 6382321
4 21 0 493600
4 20 9 21405746
4 20 8 17685377
4 20 7 25776948
4 20 6 25972017
4 20 5 5590845
4 20 4 6744991
4 20 3 6517903
4 20 2 3171826
4 20 1 14213152
4 20 0 31191754
4 19 10 20423615
4 19 9 16166545
4 19 8 32503042
4 19 7 23919645
4 19 6 27795053
4 19 5 21754038
4 19 4 31259352
4 19 3 7839321
4 19 2 17489072
4 19 1 29754651
4 19 0 20271385
4 18 11 11607622
4 18 10 18216500
4 18 9 22544673
4 18 8 11667836
4 18 7 27165919
4 18 6 13883870
4 18 5 10792957
4 18 4 9802543
4 18 3 18525414
4 18 2 19067161
4 18 1 3017347
4 18 0 21969236
4 17 11 9354395
4 17 10 2829230
4 17 9 13426603
4 17 8 17835595
4 17 7 16006246
4 17 6 31784624
4 17 5 10923231
4 17 4 27997588
4 17 3 28484979
4 17 2 19176714
4 17 1 159309
4 17 0 5637471
4 16 11 1517813
4 16 10 25028976
4 16 9 19904419
4 16 8 26307196
4 16 7 766406
4 16 6 31139781
4 16 5 17045018
4 16 4 26981869
4 16 3 26287270
4 16 2 9267391
4 16 1 26492404
4 16 0 21341562
4 15 11 722182
4 15 10 28397281
4 15 9 26365067
4 15 8 766428
4 15 7 4169409
4 15 6 17728467
4 15 5 27234584
4 15 4 7779330
4 15 3 22149351
4 15 2 15489652
4 15 1 4591115
4 15 0 20902411
4 14 11 15895344
4 14 10 10671053
4 14 9 5933187
4 14 8 27168993
4 14 7 28877327
4 14 6 17186771
4 14 5 183877
4 14 4 2543939
4 14 3 2488181
4 14 2 25686165
4 14 1 28257498
4 14 0 2494223
4 13 11 4408887
4 13 10 29298923
4 13 9 30090741
4 13 8 14035903
4 13 7 20056324
4 13 6 4073057
4 13 5 25439383
4 13 4 16079816
4 13 3 20181927
4 13 2 15994368
4 13 1 13864468
4 13 0 22574830
4 12 11 19119722
4 12 10 31289614
4 12 9 3661093
4 12 8 13855871
4 12 7 5719219
4 12 6 28458017
4 12 5 12627628
4 12 4 19608224
4 12 3 15293158
4 12 2 6175685
4 12 1 14591189
4 12 0 11531739
4 11 11 13428498
4 11 10 12188502
4 11 9 24277711
4 11 8 14184145
4 11 7 7585061
4 11 6 4695563
4 11 5 15608849
4 11 4 18770503
4 11 3 3977831
4 11 2 21299425
4 11 1 29777931
4 11 0 5146877
4 10 11 17070657
4 10 10 4022033
4 10 9 8428443
4 10 8 18181274
4 10 7 884243
4 10 6 11680629
4 10 5 12337005
4 10 4 22265945
4 10 3 6769433
4 10 2 1889740
4 10 1 11773622
4 10 0 10126188
4 9 11 9188225
4 9 10 5487397
4 9 9 27569998
4 9 8 5874934
4 9 7 25137983
4 9 6 11800564
4 9 5 32275659
4 9 4 1219069
4 9 3 1803099
4 9 2 4937495
4 9 1 32163130
4 9 0 14383681
4 8 11 2925033
4 8 10 8541817
4 8 9 15054005
4 8 8 32753944
4 8 7 26227063
4 8 6 22300141
4 8 5 19449678
4 8 4 1447417
4 8 3 17475228
4 8 2 11970437
4 8 1 12874695
4 8 0 26731549
4 7 11 8871690
4 7 10 11251039
4 7 9 16469666
4 7 8 28499834
4 7 7 25092479
4 7 6 30686040
4 7 5 17880672
4 7 4 28788132
4 7 3 3232494
4 7 2 9118574
4 7 1 11642714
4 7 0 31567769
4 6 11 19496148
4 6 10 10131325
4 6 9 2022670
4 6 8 7690624
4 6 7 13252473
4 6 6 12063281
4 6 5 748846
4 6 4 28382313
4 6 3 12247462
4 6 2 12858522
4 6 1 28319683
4 6 0 25681229
4 5 11 10380395
4 5 10 16298005
4 5 9 29851239
4 5 8 849816
4 5 7 5871736
4 5 6 18870366
4 5 5 1069794
4 5 4 1813012
4 5 3 14556924
4 5 2 28220823
4 5 1 21257644
4 5 0 8203497
4 4 11 24979799
4 4 10 11132143
4 4 9 16024678
4 4 8 32486497
4 4 7 13214558
4 4 6 21086841
4 4 5 24317504
4 4 4 20049069
4 4 3 25423166
4 4 2 20319809
4 4 1 4741774
4 4 0 3975723
4 3 11 31480082
4 3 10 2716181
4 3 9 8364747
4 3 8 4632562
4 3 7 4036197
4 3 6 29099274
4 3 5 5050089
4 3 4 26976749
4 3 3 1992205
4 3 2 9705671
4 3 1 181492
4 3 0 21086225
4 2 11 9269216
4 2 10 5981705
4 2 9 2555609
4 2 8 17471284
4 2 7 20046726
4 2 6 9279606
4 2 5 24581904
4 2 4 19882718
4 2 3 26455069
4 2 2 11454595
4 2 1 17699833
4 2 0 21326981
4 1 11 3760435
4 1 10 31274437
4 1 9 30216522
4 1 8 29085140
4 1 7 9733427
4 1 6 7945005
4 1 5 15955518
4 1 4 27432312
4 1 3 28615987
4 1 2 14903241
4 1 1 2530817
4 1 0 26449696
4 0 11 7527607
4 0 10 5634816
4 0 9 14752794
4 0 8 21741570
4 0 7 19182218
4 0 6 17493335
4 0 5 11859082
4 0 4 23817762
4 0 3 31983336
4 0 2 13113396
4 0 1 6294735
4 0 0 10372350
3 22 7 3455480
3 22 6 19575566
3 22 5 12819062
3 22 4 8007029
3 22 3 30894493
3 22 2 8001551
3 22 1 30461898
3 22 0 13250599
3 21 8 13821920
3 21 7 15125613
3 21 6 14130699
3 21 5 30607937
3 21 4 5081499
3 21 3 27047386
3 21 2 26746097
3 21 1 2625993
3 21 0 16569651
3 20 9 3985739
3 20 8 15425496
3 20 7 32233114
3 20 6 17392255
3 20 5 15173642
3 20 4 30786685
3 20 3 16402393
3 20 2 18300343
3 20 1 32504696
3 20 0 4073726
3 19 10 13882031
3 19 9 18476325
3 19 8 22800439
3 19 7 12676441
3 19 6 6356782
3 19 5 1523009
3 19 4 21807240
3 19 3 13721619
3 19 2 651433
3 19 1 31261684
3 19 0 14149339
3 18 11 20262732
3 18 10 27480189
3 18 9 5646290
3 18 8 22302294
3 18 7 31147613
3 18 6 32603514
3 18 5 32332590
3 18 4 19123167
3 18 3 3504630
3 18 2 25810161
3 18 1 19835282
3 18 0 6987901
3 17 11 27690858
3 17 10 25460945
3 17 9 25010505
3 17 8 10805938
3 17 7 24818377
3 17 6 30425214
3 17 5 14958531
3 17 4 28621030
3 17 3 4165367
3 17 2 13532974
3 17 1 29598621
3 17 0 10898077
3 16 11 3346164
3 16 10 2088272
3 16 9 6945988
3 16 8 18505097
3 16 7 33377637
3 16 6 24076575
3 16 5 3158012
3 16 4 29772383
3 16 3 29621748
3 16 2 3692845
3 16 1 13256256
3 16 0 29741218
3 15 11 5490429
3 15 10 3571442
3 15 9 22342537
3 15 8 11018927
3 15 7 28146873
3 15 6 23844068
3 15 5 32897963
3 15 4 12298434
3 15 3 15818976
3 15 2 18947797
3 15 1 32667601
3 15 0 31040897
3 14 11 9426638
3 14 10 16782823
3 14 9 20347830
3 14 8 24623748
3 14 7 20731492
3 14 6 30897463
3 14 5 30672717
3 14 4 26065735
3 14 3 22519072
3 14 2 12991760
3 14 1 29149301
3 14 0 29963629
3 13 11 15000865
3 13 10 12732185
3 13 9 23589601
3 13 8 9776555
3 13 7 29501826
3 13 6 7790839
3 13 5 13152037
3 13 4 1004702
3 13 3 11014342
3 13 2 10908001
3 13 1 18802844
3 13 0 15009656
3 12 11 22376126
3 12 10 25235906
3 12 9 10105844
3 12 8 5872560
3 12 7 29954493
3 12 6 8366592
3 12 5 28708250
3 12 4 31169729
3 12 3 1712451
3 12 2 28482017
3 12 1 30798094
3 12 0 13899234
3 11 11 19706075
3 11 10 32593679
3 11 9 13698481
3 11 8 6179683
3 11 7 10275399
3 11 6 5014204
3 11 5 30826922
3 11 4 30750089
3 11 3 22768248
3 11 2 29515736
3 11 1 29078395
3 11 0 27397924
3 10 11 24176653
3 10 10 14827514
3 10 9 465697
3 10 8 10677194
3 10 7 15084425
3 10 6 15531890
3 10 5 13998300
3 10 4 32156045
3 10 3 26714663
3 10 2 23886785
3 10 1 3341710
3 10 0 21384885
3 9 11 11786693
3 9 10 16751118
3 9 9 14043812
3 9 8 19707832
3 9 7 13772577
3 9 6 3997839
3 9 5 29799698
3 9 4 15054309
3 9 3 17725458
3 9 2 11443710
3 9 1 11203195
3 9 0 20710050
3 8 11 13355968
3 8 10 7901973
3 8 9 33353274
3 8 8 24342053
3 8 7 27995863
3 8 6 20234608
3 8 5 11004867
3 8 4 27593005
3 8 3 16035667
3 8 2 12842935
3 8 1 17889862
3 8 0 25433541
3 7 11 1314834
3 7 10 11794441
3 7 9 11843048
3 7 8 19485696
3 7 7 29457216
3 7 6 31366758
3 7 5 10918697
3 7 4 12988269
3 7 3 17383841
3 7 2 2912410
3 7 1 31919430
3 7 0 18261436
3 6 11 23669049
3 6 10 10490596
3 6 9 17634612
3 6 8 20676084
3 6 7 18394907
3 6 6 29949347
3 6 5 8531525
3 6 4 4714040
3 6 3 12732568
3 6 2 26256946
3 6 1 14813237
3 6 0 16080815
3 5 11 2598344
3 5 10 13818701
3 5 9 20709395
3 5 8 3030667
3 5 7 8112634
3 5 6 31885964
3 5 5 9171282
3 5 4 28851678
3 5 3 19193404
3 5 2 32757745
3 5 1 9622448
3 5 0 1067859
3 4 11 3666219
3 4 10 28102663
3 4 9 17286969
3 4 8 12384377
3 4 7 15791381
3 4 6 15710905
3 4 5 8291055
3 4 4 407919
3 4 3 23029200
3 4 2 25759856
3 4 1 7723227
3 4 0 16145868
3 3 11 23057767
3 3 10 22648516
3 3 9 9978872
3 3 8 32130993
3 3 7 21875255
3 3 6 13679774
3 3 5 32880556
3 3 4 3531775
3 3 3 30852301
3 3 2 4711987
3 3 1 1631589
3 3 0 9580538
3 2 11 2661042
3 2 10 15599822
3 2 9 5655094
3 2 8 30474318
3 2 7 22443348
3 2 6 29266927
3 2 5 32359835
3 2 4 19472569
3 2 3 930062
3 2 2 12321774
3 2 1 11002556
3 2 0 9191266
3 1 11 29444531
3 1 10 17940521
3 1 9 5376195
3 1 8 8938490
3 1 7 13792287
3 1 6 13403021
3 1 5 21315281
3 1 4 11393086
3 1 3 5430775
3 1 2 15326277
3 1 1 2708587
3 1 0 11639718
3 0 11 24580360
3 0 10 33461007
3 0 9 22664946
3 0 8 31761892
3 0 7 10003806
3 0 6 14457162
3 0 5 30122830
3 0 4 5256574
3 0 3 18055535
3 0 2 20662647
3 0 1 23898661
3 0 0 23726856
2 22 7 20366035
2 22 6 26275820
2 22 5 24678644
2 22 4 30398685
2 22 3 11732039
2 22 2 4416947
2 22 1 23883340
2 22 0 23774392
2 21 8 14355354
2 21 7 9068082
2 21 6 24788613
2 21 5 6611330
2 21 4 20316516
2 21 3 12960112
2 21 2 26411763
2 21 1 495745
2 21 0 32303696
2 20 9 16779211
2 20 8 30929227
2 20 7 23260066
2 20 6 19221626
2 20 5 9345005
2 20 4 19516346
2 20 3 27710171
2 20 2 24986865
2 20 1 25665846
2 20 0 16186539
2 19 10 4847714
2 19 9 15830581
2 19 8 18310249
2 19 7 2559818
2 19 6 10330758
2 19 5 20800250
2 19 4 6035431
2 19 3 5019367
2 19 2 24199853
2 19 1 33149336
2 19 0 16682140
2 18 11 15612215
2 18 10 21046314
2 18 9 33330205
2 18 8 28699521
2 18 7 10888593
2 18 6 13825739
2 18 5 23418964
2 18 4 20894647
2 18 3 6429161
2 18 2 16835628
2 18 1 22499909
2 18 0 30520224
2 17 11 19798305
2 17 10 26732267
2 17 9 1895164
2 17 8 24856625
2 17 7 2450054
2 17 6 24522812
2 17 5 21081358
2 17 4 11850057
2 17 3 18129286
2 17 2 4946726
2 17 1 7907583
2 17 0 4466103
2 16 11 17362787
2 16 10 20321166
2 16 9 20164932
2 16 8 25362291
2 16 7 30711622
2 16 6 16966653
2 16 5 10175943
2 16 4 16928678
2 16 3 14776981
2 16 2 26948914
2 16 1 22250115
2 16 0 12597
2 15 11 31025419
2 15 10 33489938
2 15 9 16422622
2 15 8 24565113
2 15 7 31453611
2 15 6 31728273
2 15 5 1253140
2 15 4 24967335
2 15 3 3201852
2 15 2 27445397
2 15 1 32710321
2 15 0 22646785
2 14 11 27114614
2 14 10 32863990
2 14 9 30568605
2 14 8 31308135
2 14 7 24547661
2 14 6 22819125
2 14 5 20950502
2 14 4 30432411
2 14 3 26706410
2 14 2 25172224
2 14 1 7903833
2 14 0 4356108
2 13 11 17898397
2 13 10 22809803
2 13 9 30629970
2 13 8 24952116
2 13 7 16605183
2 13 6 14961523
2 13 5 6417309
2 13 4 32371548
2 13 3 31513138
2 13 2 1956306
2 13 1 3800951
2 13 0 12735472
2 12 11 7655997
2 12 10 11840640
2 12 9 30691158
2 12 8 22143852
2 12 7 17394810
2 12 6 5070618
2 12 5 31231791
2 12 4 19065043
2 12 3 21807318
2 12 2 13276344
2 12 1 17411330
2 12 0 12414987
2 11 11 22641775
2 11 10 15786894
2 11 9 25972886
2 11 8 33253315
2 11 7 5932542
2 11 6 31308302
2 11 5 20544106
2 11 4 33171570
2 11 3 23766079
2 11 2 25687274
2 11 1 33300097
2 11 0 29786198
2 10 11 2947519
2 10 10 25697944
2 10 9 28633709
2 10 8 7570115
2 10 7 21800649
2 10 6 1468204
2 10 5 3151427
2 10 4 10270835
2 10 3 2448005
2 10 2 19560499
2 10 1 19419852
2 10 0 27353576
2 9 11 12349050
2 9 10 3931250
2 9 9 28030145
2 9 8 4465484
2 9 7 31449753
2 9 6 17970661
2 9 5 29475725
2 9 4 7265148
2 9 3 1649037
2 9 2 5642303
2 9 1 27167959
2 9 0 20449746
2 8 11 1205916
2 8 10 8692729
2 8 9 6489353
2 8 8 2950699
2 8 7 10779192
2 8 6 16348257
2 8 5 22778827
2 8 4 23736286
2 8 3 4430074
2 8 2 17443514
2 8 1 25761857
2 8 0 20557960
2 7 11 2793048
2 7 10 12112750
2 7 9 9698800
2 7 8 9140183
2 7 7 22028931
2 7 6 432602
2 7 5 18805685
2 7 4 9336103
2 7 3 28863678
2 7 2 23537336
2 7 1 7617004
2 7 0 28969302
2 6 11 22904980
2 6 10 3795902
2 6 9 24582612
2 6 8 11745825
2 6 7 19374599
2 6 6 7029710
2 6 5 4448278
2 6 4 10097680
2 6 3 3629490
2 6 2 7118991
2 6 1 24868943
2 6 0 26172406
2 5 11 3458866
2 5 10 18799154
2 5 9 8481196
2 5 8 2422721
2 5 7 33371573
2 5 6 1153099
2 5 5 19787300
2 5 4 23060804
2 5 3 29013116
2 5 2 22942642
2 5 1 10132010
2 5 0 9169010
2 4 11 23160766
2 4 10 19713015
2 4 9 16082177
2 4 8 2931525
2 4 7 27666873
2 4 6 3667714
2 4 5 21519160
2 4 4 14683245
2 4 3 2900001
2 4 2 19301100
2 4 1 11859580
2 4 0 4638107
2 3 11 6702787
2 3 10 13542673
2 3 9 9947670
2 3 8 11408099
2 3 7 11286137
2 3 6 15294067
2 3 5 12417062
2 3 4 3830171
2 3 3 11695730
2 3 2 21825560
2 3 1 30231057
2 3 0 14847951
2 2 11 6878335
2 2 10 6613033
2 2 9 11858889
2 2 8 30128249
2 2 7 26731657
2 2 6 2479125
2 2 5 18647414
2 2 4 19411317
2 2 3 27331490
2 2 2 11877268
2 2 1 13893705
2 2 0 19381621
2 1 11 7575443
2 1 10 13021929
2 1 9 6297838
2 1 8 28206576
2 1 7 31603006
2 1 6 33494532
2 1 5 2609537
2 1 4 31527415
2 1 3 24718102
2 1 2 8502101
2 1 1 19864849
2 1 0 11470615
2 0 11 32954354
2 0 10 14489639
2 0 9 1134807
2 0 8 2166396
2 0 7 31395719
2 0 6 3703865
2 0 5 3011240
2 0 4 21851318
2 0 3 7073964
2 0 2 6158967
2 0 1 24512995
2 0 0 18158501
1 22 7 29938597
1 22 6 15703552
1 22 5 15293221
1 22 4 10927093
1 22 3 15181776
1 22 2 22985479
1 22 1 14267143
1 22 0 17178456
1 21 8 19091209
1 21 7 15512143
1 21 6 19771421
1 21 5 23455838
1 21 4 27272504
1 21 3 33045711
1 21 2 7538724
1 21 1 31194053
1 21 0 18569934
1 20 9 11859617
1 20 8 18371578
1 20 7 10391035
1 20 6 16316446
1 20 5 17318010
1 20 4 33156617
1 20 3 11225202
1 20 2 10595300
1 20 1 19524504
1 20 0 29877883
1 19 10 19091209
1 19 9 18414217
1 19 8 8031099
1 19 7 26173718
1 19 6 30289784
1 19 5 11775553
1 19 4 5590829
1 19 3 1539293
1 19 2 14935851
1 19 1 26765324
1 19 0 4160158
1 18 11 29938597
1 18 10 32353298
1 18 9 19718529
1 18 8 10301033
1 18 7 32580627
1 18 6 7030562
1 18 5 21756753
1 18 4 3613168
1 18 3 13306555
1 18 2 3577405
1 18 1 28594898
1 18 0 7756752
1 17 11 32502068
1 17 10 16255729
1 17 9 20391474
1 17 8 24797836
1 17 7 27490394
1 17 6 7904691
1 17 5 4873993
1 17 4 26822959
1 17 3 26367486
1 17 2 8461624
1 17 1 33042004
1 17 0 31840294
1 16 11 32209857
1 16 10 28521489
1 16 9 1319721
1 16 8 18220187
1 16 7 13403727
1 16 6 23000410
1 16 5 7108960
1 16 4 10874399
1 16 3 15439712
1 16 2 23454271
1 16 1 20401446
1 16 0 18074297
1 15 11 29599424
1 15 10 15291353
1 15 9 13624774
1 15 8 24143578
1 15 7 32281498
1 15 6 31336750
1 15 5 14587711
1 15 4 25240906
1 15 3 14362423
1 15 2 30238292
1 15 1 17842136
1 15 0 22594359
1 14 11 1232624
1 14 10 4038599
1 14 9 24994811
1 14 8 25704090
1 14 7 11042150
1 14 6 21071134
1 14 5 22038325
1 14 4 4402033
1 14 3 26882082
1 14 2 26963219
1 14 1 8313662
1 14 0 25883867
1 13 11 24731949
1 13 10 4313587
1 13 9 2005713
1 13 8 20466002
1 13 7 27441768
1 13 6 27299886
1 13 5 5412561
1 13 4 6154537
1 13 3 7954352
1 13 2 25770033
1 13 1 8208570
1 13 0 16728692
1 12 11 6024559
1 12 10 690990
1 12 9 19414132
1 12 8 12605773
1 12 7 31270580
1 12 6 7849697
1 12 5 30220114
1 12 4 10207436
1 12 3 11114250
1 12 2 7814824
1 12 1 27636835
1 12 0 17014699
1 11 11 17898468
1 11 10 31782746
1 11 9 29605856
1 11 8 27978211
1 11 7 16145385
1 11 6 14905272
1 11 5 17460444
1 11 4 18215306
1 11 3 23824962
1 11 2 25800589
1 11 1 20172601
1 11 0 23401009
1 10 11 8153545
1 10 10 9181816
1 10 9 2527998
1 10 8 32007167
1 10 7 25336494
1 10 6 31082942
1 10 5 6590363
1 10 4 15644070
1 10 3 19670860
1 10 2 30369312
1 10 1 31135239
1 10 0 29273673
1 9 11 17466407
1 9 10 9530017
1 9 9 30340748
1 9 8 7733479
1 9 7 6230574
1 9 6 16662255
1 9 5 1014703
1 9 4 3482251
1 9 3 28410468
1 9 2 8915652
1 9 1 14453892
1 9 0 23495498
1 8 11 18952029
1 8 10 4841820
1 8 9 5492726
1 8 8 13573907
1 8 7 17884389
1 8 6 14652789
1 8 5 11522456
1 8 4 11511955
1 8 3 1008606
1 8 2 15454157
1 8 1 10454375
1 8 0 3826433
1 7 11 29083918
1 7 10 6096947
1 7 9 9464614
1 7 8 24918288
1 7 7 9589803
1 7 6 4823250
1 7 5 8210010
1 7 4 3591045
1 7 3 12616991
1 7 2 20117159
1 7 1 16572203
1 7 0 4563985
1 6 11 23028615
1 6 10 2747299
1 6 9 12147147
1 6 8 15337277
1 6 7 30753017
1 6 6 26014714
1 6 5 8924127
1 6 4 3661242
1 6 3 32007053
1 6 2 30068759
1 6 1 15022190
1 6 0 475005
1 5 11 16032323
1 5 10 28976849
1 5 9 3255452
1 5 8 7050022
1 5 7 16868364
1 5 6 2079905
1 5 5 19667193
1 5 4 6252923
1 5 3 23259256
1 5 2 21849863
1 5 1 2806834
1 5 0 14371382
1 4 11 29474445
1 4 10 19447786
1 4 9 17165846
1 4 8 16738099
1 4 7 6289670
1 4 6 20259846
1 4 5 12421391
1 4 4 995545
1 4 3 23873473
1 4 2 16633845
1 4 1 3370197
1 4 0 30288836
1 3 11 6710712
1 3 10 9890765
1 3 9 19229354
1 3 8 13979316
1 3 7 19703723
1 3 6 23237325
1 3 5 28690444
1 3 4 27633195
1 3 3 1300232
1 3 2 32310969
1 3 1 18799357
1 3 0 24996390
1 2 11 10476397
1 2 10 1346014
1 2 9 28293511
1 2 8 3783792
1 2 7 9226304
1 2 6 24511488
1 2 5 5344720
1 2 4 19739065
1 2 3 26839889
1 2 2 7102819
1 2 1 3355698
1 2 0 27053341
1 1 11 13517937
1 1 10 22347466
1 1 9 32454335
1 1 8 20436903
1 1 7 11292695
1 1 6 26148139
1 1 5 29512735
1 1 4 11610171
1 1 3 18406262
1 1 2 30088236
1 1 1 28521405
1 1 0 23074454
1 0 11 28052538
1 0 10 26853164
1 0 9 2298106
1 0 8 31983040
1 0 7 24167868
1 0 6 30519491
1 0 5 6122745
1 0 4 3579610
1 0 3 28092371
1 0 2 31007602
1 0 1 2747799
1 0 0 1092913
0 22 7 3090940
0 22 6 23128131
0 22 5 3588255
0 22 4 16254193
0 22 3 16005986
0 22 2 29877417
0 22 1 286457
0 22 0 20820683
0 21 8 12363760
0 21 7 9241543
0 21 6 21651375
0 21 5 18137821
0 21 4 5356260
0 21 3 6024475
0 21 2 31821117
0 21 1 28805141
0 21 0 24570861
0 20 9 18545640
0 20 8 25110913
0 20 7 10407111
0 20 6 67118
0 20 5 29809600
0 20 4 14748008
0 20 3 22770625
0 20 2 32723445
0 20 1 12458242
0 20 0 21538862
0 19 10 12363760
0 19 9 16284040
0 19 8 14304825
0 19 7 5970473
0 19 6 30713983
0 19 5 6121580
0 19 4 6686828
0 19 3 16828140
0 19 2 3357990
0 19 1 13033307
0 19 0 8612689
0 18 11 3090940
0 18 10 12778430
0 18 9 3208229
0 18 8 31523419
0 18 7 22331454
0 18 6 3638875
0 18 5 6467343
0 18 4 18347072
0 18 3 7004049
0 18 2 29539305
0 18 1 11343601
0 18 0 21104461
0 17 11 1937498
0 17 10 19066261
0 17 9 2883380
0 17 8 7845882
0 17 7 15748165
0 17 6 23608295
0 17 5 31745054
0 17 4 20002530
0 17 3 3687717
0 17 2 27701841
0 17 1 31561934
0 17 0 26048021
0 16 11 4264473
0 16 10 8816979
0 16 9 14749678
0 16 8 21452468
0 16 7 29014156
0 16 6 18313851
0 16 5 8607722
0 16 4 24515629
0 16 3 28676462
0 16 2 19587538
0 16 1 32878129
0 16 0 11172399
0 15 11 29670035
0 15 10 32746653
0 15 9 20908228
0 15 8 4617863
0 15 7 10162409
0 15 6 4458984
0 15 5 18965886
0 15 4 32435710
0 15 3 31289033
0 15 2 14378893
0 15 1 31398949
0 15 0 29207719
0 14 11 33502333
0 14 10 21471181
0 14 9 12084169
0 14 8 28801983
0 14 7 27826207
0 14 6 17828546
0 14 5 23033074
0 14 4 11933820
0 14 3 26604840
0 14 2 2713314
0 14 1 22349280
0 14 0 33288887
0 13 11 4235
0 13 10 16237793
0 13 9 28119241
0 13 8 19430832
0 13 7 12966641
0 13 6 21824592
0 13 5 30751645
0 13 4 31981188
0 13 3 24697821
0 13 2 1502274
0 13 1 25110204
0 13 0 22152418
0 12 11 5222041
0 12 10 304756
0 12 9 27945951
0 12 8 14204976
0 12 7 11559773
0 12 6 28367
0 12 5 31344460
0 12 4 6616479
0 12 3 29063804
0 12 2 27248351
0 12 1 18210213
0 12 0 716567
0 11 11 15087287
0 11 10 13124427
0 11 9 16994234
0 11 8 23666580
0 11 7 25961441
0 11 6 6797202
0 11 5 17081287
0 11 4 20074260
0 11 3 5604237
0 11 2 18454644
0 11 1 4077744
0 11 0 8295645
0 10 11 19031608
0 10 10 10860877
0 10 9 31206156
0 10 8 29641558
0 10 7 31619649
0 10 6 32273145
0 10 5 27597555
0 10 4 11672659
0 10 3 16974950
0 10 2 3362879
0 10 1 12581885
0 10 0 12899570
0 9 11 31743946
0 9 10 32175522
0 9 9 30863546
0 9 8 22595318
0 9 7 15237730
0 9 6 10852929
0 9 5 18646585
0 9 4 8131760
0 9 3 27098727
0 9 2 3979112
0 9 1 1783802
0 9 0 18657317
0 8 11 21446394
0 8 10 30045573
0 8 9 15137109
0 8 8 25769579
0 8 7 24195255
0 8 6 32156036
0 8 5 4964960
0 8 4 16528376
0 8 3 10688540
0 8 2 2653393
0 8 1 22778236
0 8 0 28260403
0 7 11 14929293
0 7 10 3254372
0 7 9 26012262
0 7 8 16761287
0 7 7 25753466
0 7 6 27836411
0 7 5 28848505
0 7 4 30080358
0 7 3 33158886
0 7 2 2893394
0 7 1 26180364
0 7 0 12498660
0 6 11 4956472
0 6 10 6087299
0 6 9 8145259
0 6 8 26802440
0 6 7 2560746
0 6 6 5583444
0 6 5 9902815
0 6 4 9706222
0 6 3 8686233
0 6 2 27763159
0 6 1 27411208
0 6 0 29517972
0 5 11 862373
0 5 10 10677379
0 5 9 17537179
0 5 8 20916213
0 5 7 28464951
0 5 6 13584677
0 5 5 18242430
0 5 4 29687151
0 5 3 15229198
0 5 2 24323141
0 5 1 29454766
0 5 0 6985485
0 4 11 11804695
0 4 10 6652220
0 4 9 2551710
0 4 8 8058946
0 4 7 22685067
0 4 6 27974929
0 4 5 18478427
0 4 4 9341094
0 4 3 17160991
0 4 2 4001289
0 4 1 32379167
0 4 0 28015232
0 3 11 24517459
0 3 10 17926665
0 3 9 9824581
0 3 8 29448740
0 3 7 3436253
0 3 6 13703399
0 3 5 2196508
0 3 4 15328803
0 3 3 23665663
0 3 2 13916950
0 3 1 29535809
0 3 0 2851716
0 2 11 2224354
0 2 10 6138455
0 2 9 3603390
0 2 8 23820119
0 2 7 1699204
0 2 6 5829170
0 2 5 4314531
0 2 4 20457498
0 2 3 27667138
0 2 2 10891054
0 2 1 15839363
0 2 0 21766077
0 1 11 20345577
0 1 10 12691724
0 1 9 1304993
0 1 8 29680708
0 1 7 492097
0 1 6 25344158
0 1 5 10925834
0 1 4 27464988
0 1 3 24019721
0 1 2 14477395
0 1 1 21128154
0 1 0 2111796
# c0 den 4970
28 6 0 4
28 5 1 12
28 5 0 28
28 4 2 12
28 4 1 68
28 4 0 80
28 3 3 4
28 3 2 52
28 3 1 152
28 3 0 120
28 2 3 12
28 2 2 84
28 2 1 168
28 2 0 100
28 1 3 12
28 1 2 60
28 1 1 92
28 1 0 44
28 0 3 4
28 0 2 16
28 0 1 20
28 0 0 8
27 7 0 33554377
27 6 1 33554329
27 6 0 100
27 5 2 33554297
27 5 1 252
27 5 0 1164
27 4 3 33554329
27 4 2 156
27 4 1 2676
27 4 0 3760
27 3 4 33554377
27 3 3 33554349
27 3 2 1812
27 3 1 6904
27 3 0 5960
27 2 4 33554345
27 2 3 252
27 2 2 3540
27 2 1 8136
27 2 0 5124
27 1 4 33554345
27 1 3 380
27 1 2 2748
27 1 1 4620
27 1 0 2300
27 0 4 33554377
27 0 3 148
27 0 2 768
27 0 1 1028
27 0 0 424
26 7 1 64
26 7 0 33553569
26 6 2 208
26 6 1 33551549
26 6 0 33554001
26 5 3 240
26 5 2 33550661
26 5 1 33552053
26 5 0 21152
26 4 4 112
26 4 3 33552213
26 4 2 33548621
26 4 1 45600
26 4 0 82800
26 3 5 16
26 3 4 33553973
26 3 3 33548589
26 3 2 24592
26 3 1 146680
26 3 0 140680
26 2 5 48
26 2 4 33552461
26 2 3 33552461
26 2 2 67968
26 2 1 187044
26 2 0 125336
26 1 5 48
26 1 4 33552237
26 1 3 3628
26 1 2 58980
26 1 1 110636
26 1 0 57488
26 0 5 16
26 0 4 33553637
26 0 3 2176
26 0 2 17436
26 0 1 25240
26 0 0 10752
25 9 0 80
25 8 1 240
25 8 0 584
25 7 2 176
25 7 1 4616
25 7 0 33535873
25 6 3 33554297
25 6 2 11020
25 6 1 33499185
25 6 0 33502089
25 5 4 33554249
25 5 3 11252
25 5 2 33493757
25 5 1 33397385
25 5 0 204784
25 4 5 33554377
25 4 4 5036
25 4 3 33527125
25 4 2 33346641
25 4 1 401968
25 4 0 1129480
25 3 6 16
25 3 5 820
25 3 4 33553581
25 3 3 33414681
25 3 2 96656
25 3 1 1925672
25 3 0 2098184
25 2 6 48
25 2 5 2556
25 2 4 33520301
25 2 3 33412825
25 2 2 768516
25 2 1 2713464
25 2 0 1947680
25 1 6 48
25 1 5 2588
25 1 4 33509509
25 1 3 33524485
25 1 2 784124
25 1 1 1681184
25 1 0 914576
25 0 6 16
25 0 5 868
25 0 4 33537609
25 0 3 10564
25 0 2 248536
25 0 1 394000
25 0 0 173664
24 10 0 33554313
24 9 1 33553833
24 9 0 3224
24 8 2 33553193
24 8 1 7656
24 8 0 26036
24 7 3 33553289
24 7 2 1464
24 7 1 133284
24 7 0 33317813
24 6 4 33553841
24 6 3 33544397
24 6 2 261460
24 6 1 32965773
24 6 0 32466849
24 5 5 33554081
24 5 4 33544757
24 5 3 239648
24 5 2 33096677
24 5 1 30673121
24 5 0 792976
24 4 6 33554209
24 4 5 33551909
24 4 4 100548
24 4 3 33510653
24 4 2 30349661
24 4 1 1118256
24 4 0 10598244
24 3 7 33554353
24 3 6 4
24 3 5 16348
24 3 4 121768
24 3 3 31751973
24 3 2 31741813
24 3 1 17324180
24 3 0 22170236
24 2 7 33554273
24 2 6 1116
24 2 5 60828
24 2 4 33228329
24 2 3 30932809
24 2 2 5355936
24 2 1 27844020
24 2 0 21586640
24 1 7 33554273
24 1 6 1484
24 1 5 64236
24 1 4 32984021
24 1 3 32293037
24 1 2 7168176
24 1 1 18196464
24 1 0 10399936
24 0 7 33554353
24 0 6 556
24 0 5 21928
24 0 4 33322221
24 0 3 33404481
24 0 2 2487880
24 0 1 4390784
24 0 0 2006496
23 11 0 33554249
23 10 1 33554281
23 10 0 33549649
23 9 2 848
23 9 1 33528401
23 9 0 56320
23 8 3 1776
23 8 2 33505361
23 8 1 87016
23 8 0 544636
23 7 4 1440
23 7 3 33513617
23 7 2 33444569
23 7 1 2210052
23 7 0 31769213
23 6 5 816
23 6 4 33536261
23 6 3 33224329
23 6 2 3713188
23 6 1 30396309
23 6 0 20452249
23 5 6 528
23 5 5 33544637
23 5 4 33287133
23 5 3 3051340
23 5 2 203292
23 5 1 1997401
23 5 0 27030145
23 4 7 208
23 4 6 33548637
23 4 5 33468989
23 4 4 1150968
23 4 3 3321804
23 4 2 2984165
23 4 1 15800921
23 4 0 4241354
23 3 8 16
23 3 7 33553301
23 3 6 33542133
23 3 5 155392
23 3 4 2619352
23 3 3 18969821
23 3 2 30411030
23 3 1 10422137
23 3 0 8532711
23 2 8 48
23 2 7 33549869
23 2 6 3036
23 2 5 868800
23 2 4 32136261
23 2 3 4428189
23 2 2 18760320
23 2 1 13295734
23 2 0 13825395
23 1 8 48
23 1 7 33549453
23 1 6 17188
23 1 5 983484
23 1 4 28681373
23 1 3 15405473
23 1 2 13410151
23 1 1 15051804
23 1 0 22881454
23 0 8 16
23 0 7 33552677
23 0 6 8176
23 0 5 344908
23 0 4 31320201
23 0 3 29964153
23 0 2 18506856
23 0 1 3629927
23 0 0 17656416
22 12 0 256
22 11 1 1344
22 11 0 33550017
22 10 2 2176
22 10 1 4264
22 10 0 33433221
22 9 3 1344
22 9 2 49784
22 9 1 33006005
22 9 0 524292
22 8 4 576
22 8 3 84904
22 8 2 32646013
22 8 1 23696
22 8 0 7091772
22 7 5 576
22 7 4 67328
22 7 3 32897725
22 7 2 30157849
22 7 1 24233040
22 7 0 27671789
22 6 6 144
22 6 5 38644
22 6 4 33328689
22 6 3 27638089
22 6 2 1668603
22 6 1 3812132
22 6 0 25493096
22 5 7 33554249
22 5 6 22844
22 5 5 33445861
22 5 4 29241813
22 5 3 25423340
22 5 2 10188391
22 5 1 30335636
22 5 0 32652505
22 4 8 33554377
22 4 7 8444
22 4 6 33485317
22 4 5 32058353
22 4 4 7800284
22 4 3 21947571
22 4 2 4921946
22 4 1 13109193
22 4 0 7346842
22 3 9 16
22 3 8 724
22 3 7 33545869
22 3 6 33268857
22 3 5 344576
22 3 4 30247460
22 3 3 27190787
22 3 2 5526931
22 3 1 31479930
22 3 0 19755156
22 2 9 48
22 2 8 2268
22 2 7 33476717
22 2 6 33338521
22 2 5 8357084
22 2 4 5598196
22 2 3 8310795
22 2 2 19705502
22 2 1 12132790
22 2 0 30376725
22 1 9 48
22 1 8 2300
22 1 7 33459109
22 1 6 35204
22 1 5 10466772
22 1 4 4951529
22 1 3 33260766
22 1 2 17670130
22 1 1 24522740
22 1 0 11941486
22 0 9 16
22 0 8 772
22 0 7 33519673
22 0 6 57316
22 0 5 3803704
22 0 4 17780385
22 0 3 27238210
22 0 2 4648845
22 0 1 13833441
22 0 0 22353333
21 13 0 80
21 12 1 33553609
21 12 0 11368
21 11 2 33550985
21 11 1 50280
21 11 0 33506161
21 10 3 33549353
21 10 2 68952
21 10 1 262992
21 10 0 31722285
21 9 4 33549881
21 9 3 27000
21 9 2 1243288
21 9 1 26570077
21 9 0 2071700
21 8 5 33550457
21 8 4 33551513
21 8 3 1844608
21 8 2 23593553
21 8 1 21772725
21 8 0 30668971
21 7 6 33551609
21 7 5 480
21 7 4 1419776
21 7 3 27865985
21 7 2 16602226
21 7 1 20277663
21 7 0 570299
21 6 7 33553385
21 6 6 33546773
21 6 5 807256
21 6 4 32870357
21 6 3 31663907
21 6 2 31319514
21 6 1 31280270
21 6 0 10012208
21 5 8 33554153
21 5 7 33544205
21 5 6 442676
21 5 5 33495317
21 5 4 20718254
21 5 3 4277988
21 5 2 6060856
21 5 1 11617211
21 5 0 6541625
21 4 9 33554281
21 4 8 33552413
21 4 7 154004
21 4 6 33326073
21 4 5 17057837
21 4 4 22740068
21 4 3 11220673
21 4 2 5284337
21 4 1 16248140
21 4 0 24113117
21 3 10 33554377
21 3 9 220
21 3 8 12732
21 3 7 72600
21 3 6 30186825
21 3 5 23765413
21 3 4 67149
21 3 3 9840621
21 3 2 29786938
21 3 1 16033499
21 3 0 1840811
21 2 10 33554345
21 2 9 1332
21 2 8 47676
21 2 7 32761409
21 2 6 29304205
21 2 5 23478691
21 2 4 10274444
21 2 3 31200168
21 2 2 15499459
21 2 1 25735686
21 2 0 22474208
21 1 10 33554345
21 1 9 1556
21 1 8 50436
21 1 7 32411533
21 1 6 32003829
21 1 5 15442166
21 1 4 27245756
21 1 3 32201843
21 1 2 14686549
21 1 1 26688291
21 1 0 32758867
21 0 10 33554377
21 0 9 556
21 0 8 17232
21 0 7 33113933
21 0 6 7888
21 0 5 31363528
21 0 4 17118827
21 0 3 31843514
21 0 2 26165027
21 0 1 5937992
21 0 0 25396172
20 14 0 33554033
20 13 1 33552993
20 13 0 400
20 12 2 33553377
20 12 1 33513353
20 12 0 229908
20 11 3 1176
20 11 2 33412793
20 11 1 850420
20 11 0 33505573
20 10 4 1824
20 10 3 33359561
20 10 2 912228
20 10 1 5488336
20 10 0 14908069
20 9 5 2016
20 9 4 33383897
20 9 3 33515949
20 9 2 18310576
20 9 1 7383874
20 9 0 21865117
20 8 6 2784
20 8 5 33412793
20 8 4 32982097
20 8 3 24343644
20 8 2 31111127
20 8 1 23756190
20 8 0 24583396
20 7 7 1824
20 7 6 33460985
20 7 5 33141201
20 7 4 18023736
20 7 3 11646193
20 7 2 14929003
20 7 1 22955693
20 7 0 30369350
20 6 8 516
20 6 7 33522893
20 6 6 33173929
20 6 5 9970956
20 6 4 17103676
20 6 3 32912730
20 6 2 12007125
20 6 1 31076447
20 6 0 19625254
20 5 9 204
20 5 8 33547601
20 5 7 33286797
20 5 6 5086092
20 5 5 12905528
20 5 4 12796087
20 5 3 4539220
20 5 2 10961875
20 5 1 29404480
20 5 0 5622491
20 4 10 76
20 4 9 33551097
20 4 8 33495573
20 4 7 1655128
20 4 6 4104728
20 4 5 9082236
20 4 4 5996020
20 4 3 25369542
20 4 2 3784741
20 4 1 21091000
20 4 0 13703626
20 3 11 4
20 3 10 33554033
20 3 9 33552213
20 3 8 107408
20 3 7 2300420
20 3 6 8890577
20 3 5 18982249
20 3 4 8541281
20 3 3 26054043
20 3 2 17538975
20 3 1 22847297
20 3 0 10883419
20 2 11 12
20 2 10 33552857
20 2 9 15276
20 2 8 599484
20 2 7 28359729
20 2 6 23017330
20 2 5 10859008
20 2 4 14475510
20 2 3 21119681
20 2 2 12227393
20 2 1 24105426
20 2 0 28617046
20 1 11 12
20 1 10 33552705
20 1 9 22888
20 1 8 678520
20 1 7 24020529
20 1 6 8744725
20 1 5 31694102
20 1 4 3869848
20 1 3 16402292
20 1 2 28023092
20 1 1 10765327
20 1 0 8036260
20 0 11 4
20 0 10 33553805
20 0 9 8932
20 0 8 237956
20 0 7 29626213
20 0 6 29438001
20 0 5 33400103
20 0 4 6055722
20 0 3 22162501
20 0 2 29580323
20 0 1 22283725
20 0 0 8615671
19 15 0 80
19 14 1 1680
19 14 0 33541273
19 13 2 4880
19 13 1 33513673
19 13 0 33510049
19 12 3 6384
19 12 2 33548169
19 12 1 32630425
19 12 0 2821052
19 11 4 6912
19 11 3 85856
19 11 2 30860689
19 11 1 8478980
19 11 0 5091492
19 10 5 7392
19 10 4 116896
19 10 3 30109209
19 10 2 5599464
19 10 1 158570
19 10 0 31433489
19 9 6 4704
19 9 5 121184
19 9 4 30653641
19 9 3 26131225
19 9 2 13856307
19 9 1 12029247
19 9 0 18880740
19 8 7 1440
19 8 6 127456
19 8 5 31280505
19 8 4 20403921
19 8 3 17724322
19 8 2 11015165
19 8 1 27717019
19 8 0 27592113
19 7 8 624
19 7 7 75776
19 7 6 32166793
19 7 5 23799649
19 7 4 19857636
19 7 3 20746242
19 7 2 24087002
19 7 1 19298007
19 7 0 8252163
19 6 9 272
19 6 8 22816
19 6 7 33139425
19 6 6 26490597
19 6 5 14164518
19 6 4 28084444
19 6 3 7414301
19 6 2 4591274
19 6 1 33266564
19 6 0 25731597
19 5 10 33554345
19 5 9 8176
19 5 8 33484633
19 5 7 29623333
19 5 6 4639491
19 5 5 18891711
19 5 4 23504569
19 5 3 15531556
19 5 2 30464823
19 5 1 25950948
19 5 0 31590312
19 4 11 33554377
19 4 10 2544
19 4 9 33513617
19 4 8 32659905
19 4 7 11385812
19 4 6 3088766
19 4 5 28075569
19 4 4 22488607
19 4 3 13299707
19 4 2 26045662
19 4 1 12088054
19 4 0 11068312
19 3 11 96
19 3 10 33552153
19 3 9 33473265
19 3 8 243024
19 3 7 26319232
19 3 6 19735204
19 3 5 30411269
19 3 4 20991527
19 3 3 11007963
19 3 2 13781936
19 3 1 24488201
19 3 0 17674296
19 2 11 384
19 2 10 33531929
19 2 9 78952
19 2 8 5069264
19 2 7 12662113
19 2 6 26268270
19 2 5 30514101
19 2 4 15085593
19 2 3 30143084
19 2 2 15089538
19 2 1 4998974
19 2 0 16219911
19 1 11 416
19 1 10 33526601
19 1 9 198936
19 1 8 6312832
19 1 7 8556358
19 1 6 17905059
19 1 5 21037413
19 1 4 25344892
19 1 3 8240093
19 1 2 16304209
19 1 1 31562448
19 1 0 3756464
19 0 11 144
19 0 10 33544233
19 0 9 87536
19 0 8 2289128
19 0 7 7385909
19 0 6 18476162
19 0 5 23773534
19 0 4 625323
19 0 3 16600321
19 0 2 33470574
19 0 1 10905825
19 0 0 3902242
18 16 0 256
18 15 1 448
18 15 0 4952
18 14 2 33552761
18 14 1 63792
18 14 0 33335957
18 13 3 33549689
18 13 2 164688
18 13 1 33059789
18 13 0 32431677
18 12 4 33548153
18 12 3 201312
18 12 2 445068
18 12 1 21251241
18 12 0 23492988
18 11 5 33545657
18 11 4 206232
18 11 3 2212268
18 11 2 2328809
18 11 1 19928023
18 11 0 7447106
18 10 6 33544985
18 10 5 203616
18 10 4 2824912
18 10 3 30259870
18 10 2 31630053
18 10 1 26629320
18 10 0 31460359
18 9 7 33548825
18 9 6 112896
18 9 5 2793896
18 9 4 4330505
18 9 3 10652708
18 9 2 25193454
18 9 1 5369208
18 9 0 22065456
18 8 8 33551897
18 8 7 21792
18 8 6 2539000
18 8 5 12321401
18 8 4 4016413
18 8 3 14327842
18 8 2 11774710
18 8 1 24285725
18 8 0 9446823
18 7 9 33553113
18 7 8 7416
18 7 7 1403672
18 7 6 21874361
18 7 5 14491316
18 7 4 26616497
18 7 3 10537147
18 7 2 21210741
18 7 1 7486119
18 7 0 8020200
18 6 10 33554073
18 6 9 3512
18 6 8 429616
18 6 7 30843749
18 6 6 23054259
18 6 5 18370535
18 6 4 19867686
18 6 3 7631664
18 6 2 12754677
18 6 1 18715916
18 6 0 119156
18 5 10 33551681
18 5 9 142568
18 5 8 33442781
18 5 7 29354902
18 5 6 22666447
18 5 5 30943247
18 5 4 10416276
18 5 3 25440124
18 5 2 28444180
18 5 1 32985667
18 5 0 19177542
18 4 11 33553841
18 4 10 38416
18 4 9 33305553
18 4 8 25001653
18 4 7 15291423
18 4 6 19525603
18 4 5 2255773
18 4 4 6060892
18 4 3 5468591
18 4 2 9229454
18 4 1 28041903
18 4 0 29342504
18 3 11 776
18 3 10 18592
18 3 9 32586281
18 3 8 29055969
18 3 7 22714291
18 3 6 32880121
18 3 5 4892493
18 3 4 11321600
18 3 3 22146068
18 3 2 21315418
18 3 1 14268197
18 3 0 2527231
18 2 11 5640
18 2 10 33357353
18 2 9 33489217
18 2 8 30486432
18 2 7 3725573
18 2 6 20213776
18 2 5 18163964
18 2 4 22330387
18 2 3 29446634
18 2 2 14067356
18 2 1 24682792
18 2 0 8517257
18 1 11 6744
18 1 10 33269841
18 1 9 1095816
18 1 8 9766659
18 1 7 29160693
18 1 6 11627428
18 1 5 27408490
18 1 4 1920032
18 1 3 24430203
18 1 2 15364284
18 1 1 32864811
18 1 0 9464120
18 0 11 2432
18 0 10 33444665
18 0 9 579496
18 0 8 16357620
18 0 7 32745453
18 0 6 23838023
18 0 5 29205417
18 0 4 33271485
18 0 3 8077901
18 0 2 567495
18 0 1 2291573
18 0 0 32531770
17 17 0 33554249
17 16 1 33552937
17 16 0 7640
17 15 2 33551209
17 15 1 4248
17 15 0 116312
17 14 3 33550697
17 14 2 33476297
17 14 1 1104816
17 14 0 31361421
17 13 4 33549209
17 13 3 33365177
17 13 2 2538192
17 13 1 30734925
17 13 0 19413245
17 12 5 33549017
17 12 4 33301841
17 12 3 2828648
17 12 2 10909848
17 12 1 23906960
17 12 0 5747232
17 11 6 33553049
17 11 5 33227969
17 11 4 2650216
17 11 3 31552520
17 11 2 21577048
17 11 1 31266431
17 11 0 13527202
17 10 7 864
17 10 6 33233849
17 10 5 2335592
17 10 4 4859351
17 10 3 4047712
17 10 2 19849855
17 10 1 4910109
17 10 0 7825114
17 9 8 336
17 9 7 33371129
17 9 6 970144
17 9 5 2828583
17 9 4 10792662
17 9 3 33448208
17 9 2 4873964
17 9 1 24025740
17 9 0 31605148
17 8 9 624
17 8 8 33474449
17 8 7 33432745
17 8 6 29928592
17 8 5 11284580
17 8 4 17742485
17 8 3 22110896
17 8 2 6417786
17 8 1 29783491
17 8 0 10557002
17 7 10 560
17 7 9 33517105
17 7 8 33447729
17 7 7 15528560
17 7 6 10936978
17 7 5 6986433
17 7 4 11452700
17 7 3 21784363
17 7 2 29304623
17 7 1 5851978
17 7 0 17223657
17 6 11 80
17 6 10 33546209
17 6 9 33526089
17 6 8 4693204
17 6 7 29358809
17 6 6 23421190
17 6 5 21979826
17 6 4 24399941
17 6 3 28278356
17 6 2 15513468
17 6 1 663083
17 6 0 18127754
17 5 11 264
17 5 10 33496689
17 5 9 1452852
17 5 8 4911636
17 5 7 12255300
17 5 6 28408772
17 5 5 7164715
17 5 4 26463828
17 5 3 10317673
17 5 2 2042457
17 5 1 24433171
17 5 0 16864970
17 4 11 33545785
17 4 10 344024
17 4 9 33207029
17 4 8 10888394
17 4 7 22916354
17 4 6 26834485
17 4 5 9697486
17 4 4 11492164
17 4 3 32377987
17 4 2 6586341
17 4 1 12579202
17 4 0 23825167
17 3 11 33553393
17 3 10 457488
17 3 9 26773377
17 3 8 6139722
17 3 7 9754427
17 3 6 29029530
17 3 5 28821853
17 3 4 21157599
17 3 3 33545487
17 3 2 3785766
17 3 1 18847339
17 3 0 19983964
17 2 11 50088
17 2 10 32420193
17 2 9 29448089
17 2 8 32480865
17 2 7 31023114
17 2 6 4445509
17 2 5 16313209
17 2 4 2321488
17 2 3 291045
17 2 2 14701598
17 2 1 3890533
17 2 0 3778729
17 1 11 67904
17 1 10 31525121
17 1 9 3572908
17 1 8 26692470
17 1 7 30646450
17 1 6 10799621
17 1 5 23139439
17 1 4 15888658
17 1 3 3306059
17 1 2 21185547
17 1 1 9191462
17 1 0 30941591
17 0 11 25608
17 0 10 32723825
17 0 9 2688804
17 0 8 23209374
17 0 7 18378373
17 0 6 29388862
17 0 5 7009282
17 0 4 27837602
17 0 3 10279753
17 0 2 11403613
17 0 1 409770
17 0 0 14891493
16 18 0 33554313
16 17 1 336
16 17 0 33549057
16 16 2 2512
16 16 1 33509937
16 16 0 102076
16 15 3 5040
16 15 2 33469345
16 15 1 33449701
16 15 0 1542068
16 14 4 8208
16 14 3 33470553
16 14 2 31987421
16 14 1 11613000
16 14 0 18871597
16 13 5 13104
16 13 4 33451633
16 13 3 30162421
16 13 2 23552320
16 13 1 33379729
16 13 0 17839552
16 12 6 13104
16 12 5 33475377
16 12 4 29078073
16 12 3 22871244
16 12 2 28792057
16 12 1 25660086
16 12 0 3442366
16 11 7 8208
16 11 6 36680
16 11 5 28135273
16 11 4 18139848
16 11 3 25586344
16 11 2 2826454
16 11 1 29419600
16 11 0 980853
16 10 8 5040
16 10 7 77488
16 10 6 28624377
16 10 5 12676440
16 10 4 7436654
16 10 3 20001852
16 10 2 26810061
16 10 1 16313814
16 10 0 16800396
16 9 9 2512
16 9 8 41000
16 9 7 30856273
16 9 6 668136
16 9 5 8953031
16 9 4 5399636
16 9 3 6456570
16 9 2 30967721
16 9 1 1987976
16 9 0 11710147
16 8 10 336
16 8 9 30200
16 8 8 32427117
16 8 7 27434705
16 8 6 1393409
16 8 5 4813168
16 8 4 31202948
16 8 3 12645362
16 8 2 28953446
16 8 1 18705455
16 8 0 12110198
16 7 11 33554313
16 7 10 18024
16 7 9 33072125
16 7 8 30277541
16 7 7 14472005
16 7 6 10857407
16 7 5 3586695
16 7 4 22793729
16 7 3 9086259
16 7 2 2771527
16 7 1 20398608
16 7 0 3951745
16 6 11 2184
16 6 10 33464501
16 6 9 32523385
16 6 8 33508228
16 6 7 17998938
16 6 6 31336135
16 6 5 13666651
16 6 4 25579776
16 6 3 7257442
16 6 2 5788603
16 6 1 20942625
16 6 0 18866187
16 5 11 7772
16 5 10 32865953
16 5 9 9662104
16 5 8 31175415
16 5 7 28074759
16 5 6 15294418
16 5 5 608524
16 5 4 27368935
16 5 3 26656399
16 5 2 9503191
16 5 1 10799109
16 5 0 9580306
16 4 11 33474093
16 4 10 2001084
16 4 9 6914892
16 4 8 3960984
16 4 7 14863872
16 4 6 20772332
16 4 5 13983626
16 4 4 33364658
16 4 3 14318759
16 4 2 3337970
16 4 1 7197999
16 4 0 17591326
16 3 11 33478337
16 3 10 4288824
16 3 9 2400901
16 3 8 9464849
16 3 7 21991208
16 3 6 17599257
16 3 5 28330146
16 3 4 18154163
16 3 3 28217154
16 3 2 13369740
16 3 1 4718721
16 3 0 21980756
16 2 11 296912
16 2 10 29247437
16 2 9 33362322
16 2 8 12639160
16 2 7 27105511
16 2 6 13557788
16 2 5 8086364
16 2 4 23595532
16 2 3 7053574
16 2 2 13777269
16 2 1 2857858
16 2 0 6931947
16 1 11 475596
16 1 10 22857713
16 1 9 2725416
16 1 8 4392372
16 1 7 24236424
16 1 6 14983267
16 1 5 16379491
16 1 4 6855109
16 1 3 11650093
16 1 2 9470730
16 1 1 25024607
16 1 0 21932436
16 0 11 188436
16 0 10 28871549
16 0 9 8586652
16 0 8 26365041
16 0 7 32158363
16 0 6 30850806
16 0 5 32859031
16 0 4 15451597
16 0 3 20201494
16 0 2 20036082
16 0 1 22377613
16 0 0 28350907
15 19 0 80
15 18 1 560
15 18 0 33552609
15 17 2 624
15 17 1 14664
15 17 0 33465369
15 16 3 336
15 16 2 81480
15 16 1 32936273
15 16 0 791316
15 15 4 864
15 15 3 159048
15 15 2 32560153
15 15 1 30847525
15 15 0 13460972
15 14 5 33553049
15 14 4 254904
15 14 3 32859057
15 14 2 15227921
15 14 1 15801122
15 14 0 32929031
15 13 6 33549017
15 13 5 377160
15 13 4 32987569
15 13 3 30693586
15 13 2 11113404
15 13 1 29600409
15 13 0 14967633
15 12 7 33549209
15 12 6 354312
15 12 5 143080
15 12 4 20120122
15 12 3 10418701
15 12 2 21846223
15 12 1 11567883
15 12 0 1843920
15 11 8 33550697
15 11 7 211800
15 11 6 1631336
15 11 5 13545178
15 11 4 21971199
15 11 3 31721803
15 11 2 19287941
15 11 1 20059893
15 11 0 6869338
15 10 9 33551209
15 10 8 121512
15 10 7 1802824
15 10 6 21692842
15 10 5 4752952
15 10 4 26225148
15 10 3 28617076
15 10 2 13579341
15 10 1 6230678
15 10 0 3628684
15 9 10 33552937
15 9 9 54376
15 9 8 969872
15 9 7 10075505
15 9 6 5077194
15 9 5 976860
15 9 4 32049937
15 9 3 15118561
15 9 2 21988999
15 9 1 29847613
15 9 0 5469251
15 8 11 33554249
15 8 10 3816
15 8 9 553208
15 8 8 24348677
15 8 7 23206051
15 8 6 21439157
15 8 5 3233565
15 8 4 15047245
15 8 3 10000159
15 8 2 3752689
15 8 1 13707868
15 8 0 7444959
15 7 11 33551585
15 7 10 261200
15 7 9 29947181
15 7 8 29569638
15 7 7 714970
15 7 6 9654068
15 7 5 1100338
15 7 4 20736817
15 7 3 19706254
15 7 2 32083018
15 7 1 20546046
15 7 0 20155533
15 6 11 26664
15 6 10 33034153
15 6 9 21923909
15 6 8 30112908
15 6 7 11232553
15 6 6 23731537
15 6 5 25984972
15 6 4 3726881
15 6 3 15524709
15 6 2 18351912
15 6 1 28153625
15 6 0 13909923
15 5 11 106056
15 5 10 28185697
15 5 9 10052311
15 5 8 24273147
15 5 7 23204032
15 5 6 5936852
15 5 5 16295145
15 5 4 18537690
15 5 3 25421546
15 5 2 29968825
15 5 1 15896619
15 5 0 21707817
15 4 11 33057305
15 4 10 7599296
15 4 9 1121462
15 4 8 11463335
15 4 7 9732402
15 4 6 19128185
15 4 5 21129250
15 4 4 6404216
15 4 3 6144551
15 4 2 1347441
15 4 1 27711371
15 4 0 27550240
15 3 11 32761913
15 3 10 25608560
15 3 9 7633407
15 3 8 21997378
15 3 7 29147010
15 3 6 17211070
15 3 5 5860162
15 3 4 8320445
15 3 3 9034344
15 3 2 1037586
15 3 1 26069991
15 3 0 5905779
15 2 11 1210752
15 2 10 24226873
15 2 9 685001
15 2 8 25128632
15 2 7 19860973
15 2 6 25166936
15 2 5 15143583
15 2 4 17659349
15 2 3 13774921
15 2 2 23077333
15 2 1 16596011
15 2 0 10698715
15 1 11 2458800
15 1 10 23962522
15 1 9 26283666
15 1 8 2650275
15 1 7 14631594
15 1 6 13256645
15 1 5 9251041
15 1 4 26015213
15 1 3 18604337
15 1 2 21160035
15 1 1 1814666
15 1 0 19553807
15 0 11 1029384
15 0 10 13152385
15 0 9 16136152
15 0 8 21835943
15 0 7 12155292
15 0 6 8357606
15 0 5 10574219
15 0 4 4073083
15 0 3 33119969
15 0 2 4827459
15 0 1 21992035
15 0 0 9206182
14 19 1 33554073
14 19 0 2296
14 18 2 33553113
14 18 1 13464
14 18 0 33538621
14 17 3 33551897
14 17 2 8136
14 17 1 264404
14 17 0 32659909
14 16 4 33548825
14 16 3 33543089
14 16 2 1198956
14 16 1 28391945
14 16 0 3767892
14 15 5 33544985
14 15 4 33531449
14 15 3 2263276
14 15 2 27127225
14 15 1 3699625
14 15 0 16577034
14 14 6 33545657
14 14 5 33449057
14 14 4 3529688
14 14 3 32598733
14 14 2 24972865
14 14 1 22333948
14 14 0 26577063
14 13 7 33548153
14 13 6 33347249
14 13 5 4864384
14 13 4 3791776
14 13 3 4700360
14 13 2 10956682
14 13 1 16198457
14 13 0 30310533
14 12 8 33549689
14 12 7 33366737
14 12 6 4263728
14 12 5 12842480
14 12 4 5853658
14 12 3 25991989
14 12 2 2835913
14 12 1 2723547
14 12 0 25034299
14 11 9 33552761
14 11 8 33425657
14 11 7 2365792
14 11 6 24027136
14 11 5 15442115
14 11 4 18319657
14 11 3 32002424
14 11 2 6579788
14 11 1 10730446
14 11 0 11657193
14 10 10 448
14 10 9 33463377
14 10 8 1242596
14 10 7 21645776
14 10 6 22954697
14 10 5 15025786
14 10 4 14854344
14 10 3 3134146
14 10 2 17452893
14 10 1 16795335
14 10 0 1188321
14 9 11 256
14 9 10 33517985
14 9 9 482940
14 9 8 11435980
14 9 7 917244
14 9 6 23789289
14 9 5 18582647
14 9 4 6100544
14 9 3 87160
14 9 2 18101924
14 9 1 20138455
14 9 0 4167226
14 8 11 33551441
14 8 10 33532797
14 8 9 5651056
14 8 8 19771350
14 8 7 25378398
14 8 6 9337676
14 8 5 20460803
14 8 4 19803623
14 8 3 25795200
14 8 2 23909640
14 8 1 16976730
14 8 0 10655529
14 7 11 33511197
14 7 10 2271232
14 7 9 16868313
14 7 8 4538464
14 7 7 17649740
14 7 6 5267464
14 7 5 19192798
14 7 4 468475
14 7 3 13377613
14 7 2 6739640
14 7 1 20775896
14 7 0 33129505
14 6 11 189604
14 6 10 32283093
14 6 9 22136407
14 6 8 16347904
14 6 7 15191647
14 6 6 7509424
14 6 5 26653383
14 6 4 17936677
14 6 3 7632113
14 6 2 4629780
14 6 1 32471255
14 6 0 25327399
14 5 11 889816
14 5 10 3991113
14 5 9 29502841
14 5 8 32678970
14 5 7 599860
14 5 6 14508886
14 5 5 13955357
14 5 4 32047661
14 5 3 31800826
14 5 2 8937010
14 5 1 20974601
14 5 0 1546231
14 4 11 31433025
14 4 10 16217308
14 4 9 22515422
14 4 8 11886234
14 4 7 29533561
14 4 6 23940048
14 4 5 32996647
14 4 4 20164898
14 4 3 2250304
14 4 2 28039029
14 4 1 30211515
14 4 0 1782976
14 3 11 28654677
14 3 10 8846821
14 3 9 25740117
14 3 8 21051250
14 3 7 29647239
14 3 6 33482103
14 3 5 5285150
14 3 4 18727121
14 3 3 26299392
14 3 2 25899887
14 3 1 32708219
14 3 0 14787170
14 2 11 3267916
14 2 10 1632564
14 2 9 21843750
14 2 8 31234660
14 2 7 27284934
14 2 6 15504692
14 2 5 5202673
14 2 4 23391841
14 2 3 23951854
14 2 2 25693037
14 2 1 18101105
14 2 0 32432872
14 1 11 9714504
14 1 10 31825685
14 1 9 30833449
14 1 8 18816420
14 1 7 28747365
14 1 6 9316683
14 1 5 14489219
14 1 4 2319584
14 1 3 27148302
14 1 2 5597514
14 1 1 370971
14 1 0 9873531
14 0 11 4328464
14 0 10 30341019
14 0 9 31370409
14 0 8 7914308
14 0 7 28183126
14 0 6 26682888
14 0 5 12280219
14 0 4 9777106
14 0 3 16333822
14 0 2 14771366
14 0 1 24950696
14 0 0 27960049
13 21 0 33554377
13 20 1 33554345
13 20 0 33554257
13 19 2 272
13 19 1 33545425
13 19 0 30056
13 18 3 624
13 18 2 33521985
13 18 1 142416
13 18 0 33501173
13 17 4 1440
13 17 3 33491809
13 17 2 33534561
13 17 1 2748940
13 17 0 27469397
13 16 5 4704
13 16 4 33421305
13 16 3 33135513
13 16 2 10635784
13 16 1 4887533
13 16 0 9689676
13 15 6 7392
13 15 5 33346969
13 15 4 32682937
13 15 3 19282552
13 15 2 11466297
13 15 1 27855939
13 15 0 18577865
13 14 7 6912
13 14 6 33378609
13 14 5 31419225
13 14 4 28945376
13 14 3 30723256
13 14 2 10563564
13 14 1 28235005
13 14 0 966314
13 13 8 6384
13 13 7 33442945
13 13 6 30270721
13 13 5 3510887
13 13 4 14846638
13 13 3 5567781
13 13 2 7749273
13 13 1 8125097
13 13 0 9522681
13 12 9 4880
13 12 8 33479961
13 12 7 30723537
13 12 6 29815184
13 12 5 16712252
13 12 4 1124181
13 12 3 11459371
13 12 2 3971310
13 12 1 16049122
13 12 0 26648319
13 11 10 1680
13 11 9 33540201
13 11 8 31694713
13 11 7 14586784
13 11 6 2497610
13 11 5 29958678
13 11 4 33536195
13 11 3 312641
13 11 2 19021664
13 11 1 7875110
13 11 0 13496199
13 10 11 80
13 10 10 17928
13 10 9 32407553
13 10 8 6641852
13 10 7 29611292
13 10 6 10830544
13 10 5 5771072
13 10 4 30021534
13 10 3 11414412
13 10 2 681581
13 10 1 21890242
13 10 0 14065056
13 9 11 6696
13 9 10 33144865
13 9 9 1967164
13 9 8 16856890
13 9 7 30701764
13 9 6 19782193
13 9 5 20567034
13 9 4 23484982
13 9 3 6978885
13 9 2 24024913
13 9 1 2301882
13 9 0 8804631
13 8 11 33529609
13 8 10 32826929
13 8 9 3791819
13 8 8 18482213
13 8 7 8508301
13 8 6 4262918
13 8 5 18706345
13 8 4 18432093
13 8 3 11460206
13 8 2 7836586
13 8 1 17197501
13 8 0 15787320
13 7 11 33161185
13 7 10 13270208
13 7 9 23224938
13 7 8 17138583
13 7 7 18534774
13 7 6 4127705
13 7 5 32656849
13 7 4 9883871
13 7 3 28357087
13 7 2 32770404
13 7 1 14854880
13 7 0 2996276
13 6 11 842984
13 6 10 4056824
13 6 9 4542627
13 6 8 21789634
13 6 7 11209468
13 6 6 16710874
13 6 5 33061417
13 6 4 3726132
13 6 3 29016556
13 6 2 24934645
13 6 1 8257788
13 6 0 30866293
13 5 11 5132432
13 5 10 14207020
13 5 9 5798894
13 5 8 31453051
13 5 7 26137180
13 5 6 26868887
13 5 5 32991612
13 5 4 7198856
13 5 3 9777744
13 5 2 3597558
13 5 1 16522972
13 5 0 28582193
13 4 11 27416305
13 4 10 29671777
13 4 9 9367510
13 4 8 20661287
13 4 7 12034916
13 4 6 30716387
13 4 5 13206997
13 4 4 50485
13 4 3 2233127
13 4 2 27144178
13 4 1 12092425
13 4 0 10201265
13 3 11 12302617
13 3 10 16416134
13 3 9 5905951
13 3 8 26799800
13 3 7 27556652
13 3 6 31748038
13 3 5 26408473
13 3 4 27730941
13 3 3 29535148
13 3 2 25794886
13 3 1 18932973
13 3 0 6532079
13 2 11 4426800
13 2 10 1140821
13 2 9 18031049
13 2 8 31173114
13 2 7 599320
13 2 6 30997802
13 2 5 24394688
13 2 4 7222244
13 2 3 24235543
13 2 2 28716065
13 2 1 20532115
13 2 0 6749941
13 1 11 29947040
13 1 10 30824755
13 1 9 27094931
13 1 8 138962
13 1 7 4023916
13 1 6 25893407
13 1 5 17215248
13 1 4 19784001
13 1 3 596841
13 1 2 29618738
13 1 1 8456904
13 1 0 14629410
13 0 11 14334192
13 0 10 6595990
13 0 9 29386641
13 0 8 25414715
13 0 7 28735876
13 0 6 18038028
13 0 5 19824657
13 0 4 12652118
13 0 3 13776273
13 0 2 6018475
13 0 1 11936023
13 0 0 15719943
12 22 0 4
12 21 1 76
12 21 0 33554029
12 20 2 204
12 20 1 33553829
12 20 0 33551109
12 19 3 516
12 19 2 8556
12 19 1 33440669
12 19 0 237740
12 18 4 1824
12 18 3 21156
12 18 2 33184369
12 18 1 850408
12 18 0 195616
12 17 5 2784
12 17 4 51552
12 17 3 32858665
12 17 2 32374637
12 17 1 18850676
12 17 0 3765305
12 16 6 2016
12 16 5 134016
12 16 4 32156193
12 16 3 28059593
12 16 2 30064027
12 16 1 24358600
12 16 0 30609745
12 15 7 1824
12 15 6 193536
12 15 5 31570657
12 15 4 22391681
12 15 3 9092509
12 15 2 25947989
12 15 1 29289555
12 15 0 32854176
12 14 8 1176
12 14 7 179496
12 14 6 32110881
12 14 5 11315825
12 14 4 22222140
12 14 3 23220979
12 14 2 606142
12 14 1 16936907
12 14 0 801656
12 13 9 33553377
12 13 8 153336
12 13 7 32855113
12 13 6 3775553
12 13 5 16168227
12 13 4 15422721
12 13 3 20703106
12 13 2 15184696
12 13 1 1682800
12 13 0 17188990
12 12 10 33552993
12 12 9 103832
12 12 8 33201477
12 12 7 9043505
12 12 6 30160733
12 12 5 33315807
12 12 4 10425347
12 12 3 10611746
12 12 2 1554453
12 12 1 12567396
12 12 0 23077262
12 11 11 33554033
12 11 10 31800
12 11 9 116892
12 11 8 18189317
12 11 7 15717983
12 11 6 15920130
12 11 5 883309
12 11 4 9831656
12 11 3 1780178
12 11 2 11679666
12 11 1 7993434
12 11 0 7055134
12 10 11 480
12 10 10 271132
12 10 9 25058161
12 10 8 15237260
12 10 7 17528267
12 10 6 19528076
12 10 5 8106066
12 10 4 14164227
12 10 3 17020069
12 10 2 24226808
12 10 1 2592032
12 10 0 33354873
12 9 11 78772
12 9 10 30822465
12 9 9 33460897
12 9 8 20042324
12 9 7 195772
12 9 6 3056942
12 9 5 12192904
12 9 4 26587647
12 9 3 26019805
12 9 2 1603496
12 9 1 1619969
12 9 0 29222687
12 8 11 33459941
12 8 10 26589021
12 8 9 3914679
12 8 8 2911766
12 8 7 30199404
12 8 6 21562745
12 8 5 33315116
12 8 4 11318247
12 8 3 14824743
12 8 2 29557855
12 8 1 17167482
12 8 0 18154789
12 7 11 31163985
12 7 10 21536255
12 7 9 16745709
12 7 8 15447047
12 7 7 11593241
12 7 6 672917
12 7 5 20522278
12 7 4 625380
12 7 3 25525459
12 7 2 8479744
12 7 1 13049070
12 7 0 9827528
12 6 11 2202880
12 6 10 18277955
12 6 9 11765949
12 6 8 8923388
12 6 7 251225
12 6 6 7173467
12 6 5 21349377
12 6 4 3379528
12 6 3 8919555
12 6 2 17491681
12 6 1 4905938
12 6 0 1317339
12 5 11 21549748
12 5 10 1380203
12 5 9 31238058
12 5 8 3832899
12 5 7 30673765
12 5 6 22709631
12 5 5 2782918
12 5 4 8769027
12 5 3 27004274
12 5 2 16987726
12 5 1 10162998
12 5 0 22597952
12 4 11 23189781
12 4 10 24565726
12 4 9 8616304
12 4 8 30054718
12 4 7 23458862
12 4 6 30098999
12 4 5 6202071
12 4 4 24925169
12 4 3 18380768
12 4 2 8466965
12 4 1 31825227
12 4 0 26190881
12 3 11 31932095
12 3 10 30184775
12 3 9 25026583
12 3 8 20189381
12 3 7 31104378
12 3 6 31651495
12 3 5 2537206
12 3 4 5649684
12 3 3 25087690
12 3 2 5064938
12 3 1 23724180
12 3 0 33242546
12 2 11 27243573
12 2 10 20049139
12 2 9 8032592
12 2 8 25241015
12 2 7 8134046
12 2 6 19710123
12 2 5 26660860
12 2 4 3057418
12 2 3 3263693
12 2 2 14200486
12 2 1 7445490
12 2 0 31814638
12 1 11 5749970
12 1 10 4583276
12 1 9 21795585
12 1 8 26697050
12 1 7 11875097
12 1 6 8352343
12 1 5 11516949
12 1 4 23627182
12 1 3 19266935
12 1 2 9895161
12 1 1 32486234
12 1 0 29535758
12 0 11 4377555
12 0 10 32341594
12 0 9 3782405
12 0 8 22534947
12 0 7 11667975
12 0 6 26648686
12 0 5 24886880
12 0 4 24860830
12 0 3 29462442
12 0 2 1428012
12 0 1 20096352
12 0 0 20013933
11 22 1 33554377
11 22 0 92
11 21 2 33554281
11 21 1 1620
11 21 0 33550661
11 20 3 33554153
11 20 2 3828
11 20 1 620
11 20 0 33518301
11 19 4 33553385
11 19 3 9420
11 19 2 115956
11 19 1 32689549
11 19 0 1268356
11 18 5 33551609
11 18 4 30960
11 18 3 295268
11 18 2 31043581
11 18 1 2949612
11 18 0 3154936
11 17 6 33550457
11 17 5 39360
11 17 4 723808
11 17 3 29051837
11 17 2 21454509
11 17 1 24278150
11 17 0 25562620
11 16 7 33549881
11 16 6 14400
11 16 5 1644992
11 16 4 25148369
11 16 3 25539398
11 16 2 2928940
11 16 1 15479561
11 16 0 22903949
11 15 8 33549353
11 15 7 3168
11 15 6 2218672
11 15 5 23082353
11 15 4 18788387
11 15 3 3159703
11 15 2 5870546
11 15 1 28912958
11 15 0 1051431
11 14 9 33550985
11 14 8 33544193
11 14 7 2007440
11 14 6 28095665
11 14 5 22712069
11 14 4 11785619
11 14 3 19331798
11 14 2 25569477
11 14 1 26804262
11 14 0 20321180
11 13 10 33553609
11 13 9 33514753
11 13 8 1596544
11 13 7 33144641
11 13 6 25133918
11 13 5 5780034
11 13 4 9989547
11 13 3 22796842
11 13 2 31322634
11 13 1 18269784
11 13 0 22226562
11 12 11 80
11 12 10 33521921
11 12 9 972152
11 12 8 1042812
11 12 7 29436005
11 12 6 11204794
11 12 5 19431621
11 12 4 13670774
11 12 3 18843973
11 12 2 22479103
11 12 1 27882986
11 12 0 25405137
11 11 11 33547073
11 11 10 260160
11 11 9 2601940
11 11 8 18274319
11 11 7 8975731
11 11 6 1819584
11 11 5 16520072
11 11 4 32047517
11 11 3 891588
11 11 2 12191043
11 11 1 20310174
11 11 0 7734838
11 10 11 33545329
11 10 10 2274656
11 10 9 25786206
11 10 8 30236194
11 10 7 23430620
11 10 6 18424175
11 10 5 29318617
11 10 4 3527789
11 10 3 21656852
11 10 2 19829982
11 10 1 8491882
11 10 0 22323490
11 9 11 553064
11 9 10 21608977
11 9 9 21267698
11 9 8 22240363
11 9 7 31111018
11 9 6 21923755
11 9 5 23351982
11 9 4 33294470
11 9 3 6731564
11 9 2 2230030
11 9 1 20888780
11 9 0 12282134
11 8 11 19376
11 8 10 27694930
11 8 9 32583704
11 8 8 6242842
11 8 7 23651342
11 8 6 30735214
11 8 5 6500367
11 8 4 9398401
11 8 3 13388113
11 8 2 8020199
11 8 1 15384676
11 8 0 7918454
11 7 11 23226697
11 7 10 32673660
11 7 9 21966265
11 7 8 8438365
11 7 7 15343039
11 7 6 11034389
11 7 5 24717502
11 7 4 10687712
11 7 3 9736984
11 7 2 1915905
11 7 1 15973047
11 7 0 19416033
11 6 11 1552064
11 6 10 17410209
11 6 9 5883968
11 6 8 2014938
11 6 7 17816394
11 6 6 13393209
11 6 5 4730509
11 6 4 21677920
11 6 3 8917183
11 6 2 33273131
11 6 1 13196091
11 6 0 21688751
11 5 11 884974
11 5 10 13916194
11 5 9 19913657
11 5 8 29501971
11 5 7 6120273
11 5 6 8545436
11 5 5 5102630
11 5 4 28119775
11 5 3 13111720
11 5 2 11450858
11 5 1 29772106
11 5 0 4344302
11 4 11 415304
11 4 10 9885831
11 4 9 17749070
11 4 8 31621598
11 4 7 16766254
11 4 6 8158650
11 4 5 27570004
11 4 4 2056546
11 4 3 27985792
11 4 2 4020722
11 4 1 17965829
11 4 0 23609372
11 3 11 30880406
11 3 10 14682391
11 3 9 2478202
11 3 8 25992900
11 3 7 32785590
11 3 6 30807662
11 3 5 31195974
11 3 4 11607548
11 3 3 15316496
11 3 2 8016427
11 3 1 5118958
11 3 0 124601
11 2 11 12421906
11 2 10 29177155
11 2 9 13936862
11 2 8 19133097
11 2 7 1907468
11 2 6 32711691
11 2 5 8815700
11 2 4 24765459
11 2 3 11834321
11 2 2 31752833
11 2 1 9776358
11 2 0 22860320
11 1 11 6213468
11 1 10 7262279
11 1 9 16269603
11 1 8 2872441
11 1 7 3648602
11 1 6 11349796
11 1 5 6399074
11 1 4 5874475
11 1 3 84422
11 1 2 26534711
11 1 1 3348906
11 1 0 15624766
11 0 11 13797230
11 0 10 3992568
11 0 9 21103564
11 0 8 18630582
11 0 7 16121051
11 0 6 3645871
11 0 5 15467886
11 0 4 5516001
11 0 3 20206904
11 0 2 9289497
11 0 1 28077778
11 0 0 6591108
10 22 2 16
10 22 1 33554053
10 22 0 956
10 21 3 33554377
10 21 2 33552093
10 21 1 15488
10 21 0 33531621
10 20 4 33554249
10 20 3 33548925
10 20 2 30448
10 20 1 51280
10 20 0 33315421
10 19 5 144
10 19 4 33532549
10 19 3 70448
10 19 2 911808
10 19 1 29151249
10 19 0 4821684
10 18 6 576
10 18 5 33499113
10 18 4 211132
10 18 3 2341008
10 18 2 22344093
10 18 1 4393508
10 18 0 18165904
10 17 7 576
10 17 6 33478201
10 17 5 172904
10 17 4 5664476
10 17 3 14971789
10 17 2 30189715
10 17 1 23757543
10 17 0 929489
10 16 8 1344
10 16 7 33469593
10 16 6 33400929
10 16 5 11695504
10 16 4 2526285
10 16 3 25946947
10 16 2 10541687
10 16 1 22175678
10 16 0 29894006
10 15 9 2176
10 15 8 33468385
10 15 7 33243265
10 15 6 14816480
10 15 5 3122953
10 15 4 5008840
10 15 3 19711447
10 15 2 25450396
10 15 1 18700654
10 15 0 4258052
10 14 10 1344
10 14 9 33502849
10 14 8 33152517
10 14 7 12915136
10 14 6 32587953
10 14 5 23388384
10 14 4 16045740
10 14 3 2978600
10 14 2 16781018
10 14 1 31118461
10 14 0 27922515
10 13 11 256
10 13 10 33545873
10 13 9 33031109
10 13 8 9559964
10 13 7 21080168
10 13 6 11847714
10 13 5 4192242
10 13 4 11298781
10 13 3 4540371
10 13 2 27369983
10 13 1 12793481
10 13 0 19709996
10 12 11 2568
10 12 10 33225277
10 12 9 5244416
10 12 8 21457876
10 12 7 28668741
10 12 6 16878758
10 12 5 3576828
10 12 4 24169883
10 12 3 29957146
10 12 2 27376836
10 12 1 7480317
10 12 0 5586902
10 11 11 33488045
10 11 10 1168560
10 11 9 20036432
10 11 8 31068642
10 11 7 28022766
10 11 6 25048243
10 11 5 15402197
10 11 4 1328518
10 11 3 11326709
10 11 2 25619038
10 11 1 23202189
10 11 0 2931793
10 10 11 33407325
10 10 10 12264844
10 10 9 29280473
10 10 8 24520310
10 10 7 12096764
10 10 6 26953643
10 10 5 21957354
10 10 4 30918550
10 10 3 12470124
10 10 2 4650724
10 10 1 30930196
10 10 0 10020381
10 9 11 2586088
10 9 10 31679538
10 9 9 21982813
10 9 8 1862690
10 9 7 24127449
10 9 6 19785989
10 9 5 25084852
10 9 4 5264977
10 9 3 21712755
10 9 2 4740844
10 9 1 25234776
10 9 0 11678644
10 8 11 2093160
10 8 10 15437681
10 8 9 4312407
10 8 8 20842520
10 8 7 11997382
10 8 6 30036921
10 8 5 2180383
10 8 4 20264289
10 8 3 24657287
10 8 2 5272100
10 8 1 31543974
10 8 0 18161189
10 7 11 741405
10 7 10 1544877
10 7 9 11812423
10 7 8 29418199
10 7 7 28010994
10 7 6 1167570
10 7 5 33435291
10 7 4 12354448
10 7 3 4245642
10 7 2 19152663
10 7 1 5446006
10 7 0 20882304
10 6 11 20312925
10 6 10 27672733
10 6 9 13583719
10 6 8 6557275
10 6 7 20817279
10 6 6 8784283
10 6 5 20943118
10 6 4 16883955
10 6 3 782184
10 6 2 31126258
10 6 1 17335235
10 6 0 24329966
10 5 11 29723092
10 5 10 23597166
10 5 9 27410338
10 5 8 29681415
10 5 7 15016272
10 5 6 29443834
10 5 5 8927029
10 5 4 17459682
10 5 3 21706619
10 5 2 14891504
10 5 1 26150027
10 5 0 16193637
10 4 11 28765967
10 4 10 15833213
10 4 9 30333416
10 4 8 5796769
10 4 7 30250944
10 4 6 25588342
10 4 5 23114659
10 4 4 18319034
10 4 3 11308099
10 4 2 31084742
10 4 1 27936683
10 4 0 8192734
10 3 11 7651322
10 3 10 10548344
10 3 9 135155
10 3 8 4037280
10 3 7 7377357
10 3 6 33383317
10 3 5 18886381
10 3 4 4909607
10 3 3 9401251
10 3 2 852862
10 3 1 31002850
10 3 0 19848921
10 2 11 29992374
10 2 10 31464748
10 2 9 8474812
10 2 8 4351291
10 2 7 15200822
10 2 6 20968890
10 2 5 28571530
10 2 4 24653621
10 2 3 33394093
10 2 2 20618532
10 2 1 142771
10 2 0 10045352
10 1 11 12260850
10 1 10 9105029
10 1 9 11235224
10 1 8 21328900
10 1 7 29326053
10 1 6 10605979
10 1 5 32628281
10 1 4 14591405
10 1 3 32247292
10 1 2 7195946
10 1 1 25118852
10 1 0 12880507
10 0 11 5431132
10 0 10 8843940
10 0 9 913578
10 0 8 10191180
10 0 7 20788239
10 0 6 17931425
10 0 5 6479794
10 0 4 24529724
10 0 3 29658680
10 0 2 20100398
10 0 1 13910959
10 0 0 29140108
9 22 3 16
9 22 2 324
9 22 1 33551153
9 22 0 5932
9 21 4 208
9 21 3 44
9 21 2 33533381
9 21 1 87628
9 21 0 33462453
9 20 5 528
9 20 4 33553877
9 20 3 33500853
9 20 2 128880
9 20 1 447924
9 20 0 32491133
9 19 6 816
9 19 5 7236
9 19 4 33349309
9 19 3 256408
9 19 2 4683200
9 19 1 17700549
9 19 0 13441508
9 18 7 1440
9 18 6 18384
9 18 5 33073749
9 18 4 639388
9 18 3 11978984
9 18 2 32801202
9 18 1 23169413
9 18 0 32684455
9 17 8 1776
9 17 7 23424
9 17 6 32918761
9 17 5 33263453
9 17 4 28312884
9 17 3 17609802
9 17 2 26356345
9 17 1 332646
9 17 0 32032020
9 16 9 848
9 16 8 35784
9 16 7 32879145
9 16 6 30891833
9 16 5 20502307
9 16 4 838046
9 16 3 27667471
9 16 2 25441790
9 16 1 10766507
9 16 0 29992248
9 15 10 33554281
9 15 9 41704
9 15 8 32932129
9 15 7 29816297
9 15 6 30702343
9 15 5 7639549
9 15 4 11787773
9 15 3 19698348
9 15 2 20446729
9 15 1 16710140
9 15 0 13790844
9 14 11 33554249
9 14 10 22296
9 14 9 33232233
9 14 8 29675621
9 14 7 19695607
9 14 6 25108938
9 14 5 8458154
9 14 4 6247347
9 14 3 8289766
9 14 2 30965512
9 14 1 11984372
9 14 0 15417297
9 13 11 3864
9 13 10 33534145
9 13 9 29882437
9 13 8 2852227
9 13 7 21524400
9 13 6 22337541
9 13 5 14065250
9 13 4 32334029
9 13 3 3831409
9 13 2 22689671
9 13 1 1537001
9 13 0 10365372
9 12 11 30592
9 12 10 31611889
9 12 9 17744340
9 12 8 27687181
9 12 7 26323482
9 12 6 16373149
9 12 5 30454622
9 12 4 5392876
9 12 3 23656601
9 12 2 18036112
9 12 1 18449668
9 12 0 9157864
9 11 11 33201713
9 11 10 2862864
9 11 9 24662326
9 11 8 10056368
9 11 7 9922366
9 11 6 10317219
9 11 5 16924405
9 11 4 26863816
9 11 3 18297305
9 11 2 16347838
9 11 1 22465958
9 11 0 7905255
9 10 11 32538049
9 10 10 12133935
9 10 9 12308090
9 10 8 17866277
9 10 7 26211593
9 10 6 11872672
9 10 5 23094445
9 10 4 7533807
9 10 3 11701080
9 10 2 11237949
9 10 1 29171559
9 10 0 24370894
9 9 11 8487616
9 9 10 30847619
9 9 9 22427794
9 9 8 29295931
9 9 7 21639135
9 9 6 31073163
9 9 5 6877634
9 9 4 19571064
9 9 3 25756196
9 9 2 4988706
9 9 1 15676771
9 9 0 5329093
9 8 11 11903960
9 8 10 9846749
9 8 9 31140253
9 8 8 32361176
9 8 7 28061702
9 8 6 19991075
9 8 5 1452431
9 8 4 23106418
9 8 3 15353240
9 8 2 14890690
9 8 1 22072444
9 8 0 28005274
9 7 11 22681019
9 7 10 19151719
9 7 9 16645984
9 7 8 7532955
9 7 7 4989049
9 7 6 3964852
9 7 5 28809575
9 7 4 26258669
9 7 3 1617623
9 7 2 30472565
9 7 1 33057744
9 7 0 19398032
9 6 11 139442
9 6 10 21506354
9 6 9 29318300
9 6 8 14936087
9 6 7 32711463
9 6 6 28893372
9 6 5 19974880
9 6 4 27965999
9 6 3 1128578
9 6 2 12730114
9 6 1 33252253
9 6 0 2155775
9 5 11 1771463
9 5 10 26129620
9 5 9 18672706
9 5 8 6280288
9 5 7 15899376
9 5 6 10618467
9 5 5 31365824
9 5 4 13055084
9 5 3 26617218
9 5 2 20721934
9 5 1 13471933
9 5 0 7547045
9 4 11 13760106
9 4 10 15333797
9 4 9 10844764
9 4 8 33030809
9 4 7 3551481
9 4 6 27141976
9 4 5 21525396
9 4 4 32338470
9 4 3 10843470
9 4 2 3126899
9 4 1 12394979
9 4 0 4748228
9 3 11 14118703
9 3 10 15112370
9 3 9 21782140
9 3 8 22479868
9 3 7 948841
9 3 6 30896816
9 3 5 674953
9 3 4 601891
9 3 3 5475468
9 3 2 22950267
9 3 1 11816039
9 3 0 28727209
9 2 11 12389563
9 2 10 26182473
9 2 9 14867226
9 2 8 19620962
9 2 7 8317068
9 2 6 28493834
9 2 5 2709404
9 2 4 1389262
9 2 3 2101569
9 2 2 8317716
9 2 1 9768324
9 2 0 21229457
9 1 11 17767249
9 1 10 2277640
9 1 9 27740759
9 1 8 20766713
9 1 7 11718196
9 1 6 17812793
9 1 5 20433986
9 1 4 13824058
9 1 3 7253942
9 1 2 3416418
9 1 1 18337690
9 1 0 11599807
9 0 11 27270059
9 0 10 13278372
9 0 9 12399796
9 0 8 24093144
9 0 7 5836889
9 0 6 1857538
9 0 5 32370342
9 0 4 33398902
9 0 3 13746528
9 0 2 15375473
9 0 1 13274289
9 0 0 16894474
8 22 4 33554353
8 22 3 236
8 22 2 2904
8 22 1 33536125
8 22 0 24468
8 21 5 33554209
8 21 4 2988
8 21 3 2964
8 21 2 33441805
8 21 1 325856
8 21 0 33296285
8 20 6 33554081
8 20 5 7164
8 20 4 11804
8 20 3 33254553
8 20 2 274728
8 20 1 2141376
8 20 0 30198245
8 19 7 33553841
8 19 6 10644
8 19 5 93076
8 19 4 32450697
8 19 3 275204
8 19 2 16672248
8 19 1 25573226
8 19 0 27822668
8 18 8 33553289
8 18 7 17448
8 18 6 204932
8 18 5 31153253
8 18 4 33469409
8 18 3 8583283
8 18 2 28622239
8 18 1 20014991
8 18 0 3474651
8 17 9 33553193
8 17 8 18744
8 17 7 270784
8 17 6 30567205
8 17 5 27082085
8 17 4 29384806
8 17 3 23617171
8 17 2 951175
8 17 1 30971444
8 17 0 2231463
8 16 10 33553833
8 16 9 5608
8 16 8 349628
8 16 7 30590505
8 16 6 16196477
8 16 5 3791655
8 16 4 26185390
8 16 3 6124818
8 16 2 15204460
8 16 1 6378848
8 16 0 7630371
8 15 11 33554313
8 15 10 33549905
8 15 9 338348
8 15 8 31113373
8 15 7 11908841
8 15 6 22111327
8 15 5 30680100
8 15 4 12719994
8 15 3 28032017
8 15 2 8180251
8 15 1 1548158
8 15 0 9009673
8 14 11 33551825
8 14 10 161012
8 14 9 32552729
8 14 8 13373333
8 14 7 12570608
8 14 6 30761698
8 14 5 10068785
8 14 4 25977218
8 14 3 12811429
8 14 2 30474184
8 14 1 192521
8 14 0 27669889
8 13 11 25108
8 13 10 158392
8 13 9 17503889
8 13 8 23685502
8 13 7 12139030
8 13 6 6847876
8 13 5 32023022
8 13 4 12100276
8 13 3 27777997
8 13 2 4190313
8 13 1 29309801
8 13 0 9557480
8 12 11 198172
8 12 10 26100413
8 12 9 3901803
8 12 8 22284699
8 12 7 26886856
8 12 6 25608567
8 12 5 1490136
8 12 4 317911
8 12 3 1164036
8 12 2 12551801
8 12 1 30700521
8 12 0 27142598
8 11 11 32340929
8 11 10 1959848
8 11 9 14890604
8 11 8 14206240
8 11 7 4833736
8 11 6 25512677
8 11 5 22725092
8 11 4 21377820
8 11 3 23803575
8 11 2 706828
8 11 1 7089895
8 11 0 31912990
8 10 11 29260281
8 10 10 21463633
8 10 9 29843360
8 10 8 23517893
8 10 7 24819488
8 10 6 1774161
8 10 5 8679402
8 10 4 32413274
8 10 3 1201708
8 10 2 32422178
8 10 1 24618310
8 10 0 24492386
8 9 11 20016148
8 9 10 22195827
8 9 9 8660831
8 9 8 30782755
8 9 7 3171567
8 9 6 12134531
8 9 5 5794818
8 9 4 1815239
8 9 3 4312844
8 9 2 25981837
8 9 1 24344993
8 9 0 19566318
8 8 11 5621107
8 8 10 17957655
8 8 9 15592815
8 8 8 24621694
8 8 7 25575433
8 8 6 6486118
8 8 5 30793659
8 8 4 22510285
8 8 3 26121366
8 8 2 20386891
8 8 1 6051391
8 8 0 24482267
8 7 11 28637477
8 7 10 10111702
8 7 9 12653732
8 7 8 31826694
8 7 7 10735238
8 7 6 10737074
8 7 5 19791430
8 7 4 5190525
8 7 3 8183419
8 7 2 25804045
8 7 1 30488066
8 7 0 33371564
8 6 11 21013222
8 6 10 5761086
8 6 9 22751784
8 6 8 25721094
8 6 7 29157636
8 6 6 16085619
8 6 5 19619012
8 6 4 24944691
8 6 3 8282592
8 6 2 3399242
8 6 1 6850131
8 6 0 26849580
8 5 11 27624872
8 5 10 8101285
8 5 9 23218302
8 5 8 21097365
8 5 7 1242942
8 5 6 10641779
8 5 5 30446104
8 5 4 750498
8 5 3 3846593
8 5 2 18397223
8 5 1 24781346
8 5 0 565913
8 4 11 13212695
8 4 10 7850438
8 4 9 6890526
8 4 8 6502143
8 4 7 7847551
8 4 6 18727754
8 4 5 4630058
8 4 4 14103534
8 4 3 30380226
8 4 2 3624458
8 4 1 23952808
8 4 0 28116425
8 3 11 11702249
8 3 10 9343223
8 3 9 28849901
8 3 8 2183287
8 3 7 24265986
8 3 6 24520972
8 3 5 5445586
8 3 4 3407697
8 3 3 20732522
8 3 2 32606217
8 3 1 22522557
8 3 0 29667472
8 2 11 22653441
8 2 10 14630875
8 2 9 14939404
8 2 8 3896223
8 2 7 21513594
8 2 6 33350272
8 2 5 9235109
8 2 4 28977634
8 2 3 9314705
8 2 2 19386878
8 2 1 23480473
8 2 0 20322646
8 1 11 23334894
8 1 10 3694481
8 1 9 18666539
8 1 8 7191044
8 1 7 6352133
8 1 6 11110754
8 1 5 25005530
8 1 4 22227415
8 1 3 28225690
8 1 2 10722312
8 1 1 593561
8 1 0 13677948
8 0 11 18170854
8 0 10 28744504
8 0 9 31857310
8 0 8 8285008
8 0 7 30158158
8 0 6 4999553
8 0 5 12509640
8 0 4 33180024
8 0 3 31571044
8 0 2 11304291
8 0 1 19631408
8 0 0 23830641
7 22 5 16
7 22 4 33553813
7 22 3 1496
7 22 2 15172
7 22 1 33486713
7 22 0 70644
7 21 6 33554377
7 21 5 33551757
7 21 4 18436
7 21 3 25844
7 21 2 33161885
7 21 1 835884
7 21 0 33039741
7 20 7 33554249
7 20 6 33549357
7 20 5 40276
7 20 4 126624
7 20 3 32483989
7 20 2 23360
7 20 1 6691860
7 20 0 25824261
7 19 8 33554297
7 19 7 33545317
7 19 6 54044
7 19 5 588472
7 19 4 29777993
7 19 3 31998953
7 19 2 8872983
7 19 1 20508343
7 19 0 9175427
7 18 9 176
7 18 8 33538977
7 18 7 80452
7 18 6 1195244
7 18 5 25974017
7 18 4 25548353
7 18 3 4551093
7 18 2 2481227
7 18 1 21523132
7 18 0 25025535
7 17 10 240
7 17 9 33539601
7 17 8 68960
7 17 7 1566900
7 17 6 24961501
7 17 5 580729
7 17 4 30047250
7 17 3 7073481
7 17 2 26320624
7 17 1 28252727
7 17 0 899710
7 16 11 80
7 16 10 33548177
7 16 9 33546401
7 16 8 1817940
7 16 7 25910901
7 16 6 566606
7 16 5 13702957
7 16 4 17951718
7 16 3 32703841
7 16 2 13946846
7 16 1 12688972
7 16 0 16707444
7 15 11 33553649
7 15 10 33507689
7 15 9 1546300
7 15 8 28259509
7 15 7 23530463
7 15 6 18441073
7 15 5 14390124
7 15 4 15980752
7 15 3 14010699
7 15 2 7912115
7 15 1 2339112
7 15 0 14316128
7 14 11 33534897
7 14 10 662736
7 14 9 32439901
7 14 8 567938
7 14 7 1329980
7 14 6 30101788
7 14 5 2795526
7 14 4 7178379
7 14 3 24109789
7 14 2 7634062
7 14 1 23090085
7 14 0 17825952
7 13 11 90200
7 13 10 1392312
7 13 9 20148994
7 13 8 8495932
7 13 7 30045849
7 13 6 20155102
7 13 5 22400563
7 13 4 13668733
7 13 3 13706027
7 13 2 13064401
7 13 1 19466868
7 13 0 16918449
7 12 11 804768
7 12 10 13991513
7 12 9 7663199
7 12 8 3058307
7 12 7 30882723
7 12 6 10412950
7 12 5 18182562
7 12 4 1383980
7 12 3 6365014
7 12 2 10557306
7 12 1 18258062
7 12 0 24792966
7 11 11 30753945
7 11 10 22251017
7 11 9 15108842
7 11 8 10224706
7 11 7 26960347
7 11 6 17843542
7 11 5 14933503
7 11 4 27872048
7 11 3 18879127
7 11 2 11566924
7 11 1 907037
7 11 0 9798509
7 10 11 21255385
7 10 10 3565777
7 10 9 19062658
7 10 8 16061786
7 10 7 29083046
7 10 6 12590140
7 10 5 29030963
7 10 4 22088745
7 10 3 30835836
7 10 2 23687758
7 10 1 30517153
7 10 0 9628935
7 9 11 431959
7 9 10 386248
7 9 9 20305140
7 9 8 31082163
7 9 7 29704132
7 9 6 8670704
7 9 5 3116192
7 9 4 1992644
7 9 3 557843
7 9 2 10316520
7 9 1 16980375
7 9 0 32481310
7 8 11 21161462
7 8 10 18540858
7 8 9 16995443
7 8 8 23756618
7 8 7 22152815
7 8 6 22498880
7 8 5 2984878
7 8 4 7210292
7 8 3 18095456
7 8 2 30102749
7 8 1 33526316
7 8 0 24762403
7 7 11 16919678
7 7 10 25436321
7 7 9 26151791
7 7 8 267782
7 7 7 4726591
7 7 6 15552322
7 7 5 25093293
7 7 4 15416960
7 7 3 27706639
7 7 2 26878787
7 7 1 26034210
7 7 0 22067329
7 6 11 3518466
7 6 10 16961965
7 6 9 16619300
7 6 8 29159075
7 6 7 30225271
7 6 6 31643119
7 6 5 12658170
7 6 4 23582835
7 6 3 5080208
7 6 2 8021881
7 6 1 7540368
7 6 0 963506
7 5 11 20719939
7 5 10 16210151
7 5 9 28129960
7 5 8 30418248
7 5 7 8567554
7 5 6 6134649
7 5 5 23652283
7 5 4 7648465
7 5 3 33346751
7 5 2 31230906
7 5 1 19284181
7 5 0 24257468
7 4 11 30458949
7 4 10 7251534
7 4 9 278913
7 4 8 31592560
7 4 7 20440047
7 4 6 4941810
7 4 5 12699848
7 4 4 14784586
7 4 3 847087
7 4 2 8487536
7 4 1 1531757
7 4 0 7682554
7 3 11 31043383
7 3 10 8932167
7 3 9 28633688
7 3 8 9341086
7 3 7 11805943
7 3 6 25688887
7 3 5 24437583
7 3 4 17543495
7 3 3 28677290
7 3 2 9182841
7 3 1 31436797
7 3 0 11460455
7 2 11 30407764
7 2 10 3291910
7 2 9 7665765
7 2 8 20094270
7 2 7 12427807
7 2 6 5386269
7 2 5 27828105
7 2 4 11187504
7 2 3 18544954
7 2 2 22165818
7 2 1 12023180
7 2 0 7349935
7 1 11 3591948
7 1 10 13989672
7 1 9 12417309
7 1 8 25032273
7 1 7 15328718
7 1 6 17323159
7 1 5 18364284
7 1 4 21695700
7 1 3 13725906
7 1 2 20689539
7 1 1 1181446
7 1 0 32988054
7 0 11 29517323
7 0 10 24291347
7 0 9 18155476
7 0 8 17097485
7 0 7 13248916
7 0 6 1938804
7 0 5 1657072
7 0 4 17065647
7 0 3 16089797
7 0 2 4965024
7 0 1 33458168
7 0 0 13214052
6 22 6 16
6 22 5 228
6 22 4 33550761
6 22 3 5292
6 22 2 51160
6 22 1 33381485
6 22 0 146324
6 21 7 112
6 21 6 140
6 21 5 33538317
6 21 4 63428
6 21 3 113524
6 21 2 32621629
6 21 1 1508720
6 21 0 32824797
6 20 8 240
6 20 7 33553925
6 20 6 33521661
6 20 5 118200
6 20 4 589156
6 20 3 30997913
6 20 2 31944801
6 20 1 14531904
6 20 0 20402437
6 19 9 208
6 19 8 780
6 19 7 33496069
6 19 6 122272
6 19 5 2199824
6 19 4 24980121
6 19 3 25310445
6 19 2 11089830
6 19 1 20343644
6 19 0 14395115
6 18 10 64
6 18 9 3320
6 18 8 33465993
6 18 7 147580
6 18 6 4211448
6 18 5 17960433
6 18 4 1107949
6 18 3 21117463
6 18 2 618982
6 18 1 21315659
6 18 0 31827975
6 17 10 3096
6 17 9 33478077
6 17 8 43176
6 17 7 5386460
6 17 6 18483081
6 17 5 4744175
6 17 4 24960681
6 17 3 14038435
6 17 2 405328
6 17 1 11509149
6 17 0 26453839
6 16 11 936
6 16 10 33526053
6 16 9 33357401
6 16 8 5747752
6 16 7 22866253
6 16 6 314793
6 16 5 30511975
6 16 4 25786116
6 16 3 11049194
6 16 2 12570916
6 16 1 24069893
6 16 0 7905746
6 15 11 33552005
6 15 10 33316089
6 15 9 4415520
6 15 8 29040993
6 15 7 18074406
6 15 6 32012985
6 15 5 26233125
6 15 4 152483
6 15 3 12927037
6 15 2 3638812
6 15 1 27473634
6 15 0 20679509
6 14 11 33470981
6 14 10 1703284
6 14 9 2887620
6 14 8 19957757
6 14 7 5237051
6 14 6 30644763
6 14 5 25381768
6 14 4 21778514
6 14 3 60469
6 14 2 2733779
6 14 1 28600921
6 14 0 23222374
6 13 11 187848
6 13 10 5198608
6 13 9 5702343
6 13 8 10224841
6 13 7 17059361
6 13 6 26820034
6 13 5 22128871
6 13 4 11183331
6 13 3 19931552
6 13 2 16193775
6 13 1 7334439
6 13 0 15107340
6 12 11 2186808
6 12 10 31297622
6 12 9 22543937
6 12 8 22365804
6 12 7 14706651
6 12 6 7230561
6 12 5 14865180
6 12 4 2101282
6 12 3 2730140
6 12 2 24598726
6 12 1 19588166
6 12 0 11450111
6 11 11 29256317
6 11 10 21538658
6 11 9 1375875
6 11 8 26117145
6 11 7 3627249
6 11 6 20902236
6 11 5 12245308
6 11 4 2972758
6 11 3 4440312
6 11 2 9248384
6 11 1 11157299
6 11 0 14304480
6 10 11 8656781
6 10 10 5457890
6 10 9 24111460
6 10 8 11609101
6 10 7 18586024
6 10 6 22129508
6 10 5 4498671
6 10 4 13813057
6 10 3 30573454
6 10 2 2139188
6 10 1 13884674
6 10 0 24927282
6 9 11 7061967
6 9 10 12658851
6 9 9 33025579
6 9 8 10424233
6 9 7 6042972
6 9 6 11600428
6 9 5 32913169
6 9 4 14683031
6 9 3 8561932
6 9 2 752032
6 9 1 32860496
6 9 0 27224294
6 8 11 8960644
6 8 10 9577197
6 8 9 1349453
6 8 8 590740
6 8 7 18434596
6 8 6 13406594
6 8 5 25084967
6 8 4 668547
6 8 3 14193198
6 8 2 13649122
6 8 1 25892422
6 8 0 20774917
6 7 11 25533002
6 7 10 7340819
6 7 9 31811057
6 7 8 777157
6 7 7 30995597
6 7 6 15042976
6 7 5 17329487
6 7 4 16147013
6 7 3 3025909
6 7 2 7123637
6 7 1 32020168
6 7 0 16388420
6 6 11 25437810
6 6 10 706825
6 6 9 3402477
6 6 8 6392087
6 6 7 4880750
6 6 6 23082179
6 6 5 18534373
6 6 4 19470508
6 6 3 16441417
6 6 2 4547523
6 6 1 15280537
6 6 0 32768648
6 5 11 11640318
6 5 10 33463314
6 5 9 22861422
6 5 8 957105
6 5 7 26822293
6 5 6 24790515
6 5 5 21824621
6 5 4 1766413
6 5 3 22307320
6 5 2 10132130
6 5 1 2078319
6 5 0 15628459
6 4 11 32179835
6 4 10 16458855
6 4 9 31826312
6 4 8 2664125
6 4 7 19540808
6 4 6 14063536
6 4 5 15529849
6 4 4 25200236
6 4 3 18570086
6 4 2 8236480
6 4 1 1381772
6 4 0 21848373
6 3 11 30844637
6 3 10 29191179
6 3 9 10580962
6 3 8 22221984
6 3 7 4354023
6 3 6 7514556
6 3 5 14757589
6 3 4 42364
6 3 3 17674640
6 3 2 27587180
6 3 1 32061732
6 3 0 15543106
6 2 11 29396750
6 2 10 25661447
6 2 9 32269018
6 2 8 30458961
6 2 7 13403536
6 2 6 2299052
6 2 5 4480760
6 2 4 17911583
6 2 3 18497285
6 2 2 22876743
6 2 1 2861600
6 2 0 1501333
6 1 11 7558015
6 1 10 31033358
6 1 9 18976898
6 1 8 9406809
6 1 7 10562074
6 1 6 29889274
6 1 5 31746748
6 1 4 4244526
6 1 3 17649690
6 1 2 29892705
6 1 1 1076796
6 1 0 16657942
6 0 11 5343564
6 0 10 15800342
6 0 9 10476943
6 0 8 9516056
6 0 7 5063442
6 0 6 2719993
6 0 5 29140437
6 0 4 6327226
6 0 3 15299278
6 0 2 24718022
6 0 1 12189756
6 0 0 18431781
5 22 7 33554377
5 22 6 140
5 22 5 1352
5 22 4 33541597
5 22 3 11312
5 22 2 116300
5 22 1 33243729
5 22 0 218980
5 21 8 33554329
5 21 7 900
5 21 6 2244
5 21 5 33500093
5 21 4 131844
5 21 3 301572
5 21 2 32017069
5 21 1 1915572
5 21 0 32833757
5 20 9 33554297
5 20 8 1788
5 20 7 2900
5 20 6 33440809
5 20 5 179372
5 20 4 1601696
5 20 3 29401597
5 20 2 28560313
5 20 1 22417084
5 20 0 17027437
5 19 10 33554329
5 19 9 1364
5 19 8 11524
5 19 7 33357857
5 19 6 42864
5 19 5 5239344
5 19 4 20533185
5 19 3 13530321
5 19 2 3646709
5 19 1 16723296
5 19 0 4288779
5 18 11 33554377
5 18 10 264
5 18 9 21156
5 18 8 33282897
5 18 7 33469873
5 18 6 9529424
5 18 5 12993761
5 18 4 28793855
5 18 3 8367817
5 18 2 32930840
5 18 1 16306024
5 18 0 31926022
5 17 11 33554321
5 17 10 16232
5 17 9 33342553
5 17 8 33105465
5 17 7 11778312
5 17 6 19666097
5 17 5 19761138
5 17 4 2391134
5 17 3 22253634
5 17 2 31135506
5 17 1 31790907
5 17 0 27723162
5 16 11 4592
5 16 10 33488401
5 16 9 32686009
5 16 8 11659368
5 16 7 30484729
5 16 6 14496065
5 16 5 10150025
5 16 4 14515486
5 16 3 27738549
5 16 2 13405074
5 16 1 8271510
5 16 0 33535654
5 15 11 33553201
5 15 10 32843065
5 15 9 8190248
5 15 8 7036760
5 15 7 3229377
5 15 6 23363667
5 15 5 13101158
5 15 4 22322936
5 15 3 11127198
5 15 2 12770058
5 15 1 10552892
5 15 0 8971362
5 14 11 33332017
5 14 10 2798504
5 14 9 14115152
5 14 8 9057083
5 14 7 12164332
5 14 6 21459643
5 14 5 30564055
5 14 4 27659701
5 14 3 21782110
5 14 2 17355959
5 14 1 21331355
5 14 0 12414880
5 13 11 199568
5 13 10 11670296
5 13 9 586240
5 13 8 15940030
5 13 7 30886463
5 13 6 3197698
5 13 5 29961611
5 13 4 3036873
5 13 3 24190023
5 13 2 25002323
5 13 1 17309066
5 13 0 16715060
5 12 11 4089128
5 12 10 21553098
5 12 9 12162248
5 12 8 8735791
5 12 7 26884643
5 12 6 21410673
5 12 5 23091313
5 12 4 6374465
5 12 3 31863859
5 12 2 10186534
5 12 1 31559780
5 12 0 28736810
5 11 11 29497273
5 11 10 10883131
5 11 9 28412180
5 11 8 9369463
5 11 7 18181425
5 11 6 28161723
5 11 5 1122461
5 11 4 12768884
5 11 3 17415742
5 11 2 14613079
5 11 1 13895624
5 11 0 25610138
5 10 11 30993810
5 10 10 17517822
5 10 9 4608551
5 10 8 33039542
5 10 7 10849174
5 10 6 5768915
5 10 5 29228662
5 10 4 26320497
5 10 3 3235584
5 10 2 15120031
5 10 1 12356900
5 10 0 28200429
5 9 11 31813688
5 9 10 26896734
5 9 9 12536876
5 9 8 29827663
5 9 7 6420163
5 9 6 14569869
5 9 5 31759167
5 9 4 6996323
5 9 3 13814632
5 9 2 570128
5 9 1 3926644
5 9 0 22809607
5 8 11 1646371
5 8 10 21366843
5 8 9 30237028
5 8 8 453129
5 8 7 24686748
5 8 6 5432671
5 8 5 19558792
5 8 4 4352678
5 8 3 15375480
5 8 2 14624264
5 8 1 17127725
5 8 0 2033670
5 7 11 23259196
5 7 10 27075594
5 7 9 22091810
5 7 8 30977202
5 7 7 1226337
5 7 6 8283063
5 7 5 19861273
5 7 4 23893986
5 7 3 31548281
5 7 2 30450706
5 7 1 18831274
5 7 0 20686840
5 6 11 31418166
5 6 10 24602709
5 6 9 33503688
5 6 8 560986
5 6 7 17396460
5 6 6 12552336
5 6 5 18443649
5 6 4 760062
5 6 3 17967199
5 6 2 10767056
5 6 1 31947855
5 6 0 16352304
5 5 11 32204604
5 5 10 15493604
5 5 9 27868872
5 5 8 5548502
5 5 7 29585133
5 5 6 20983162
5 5 5 33305850
5 5 4 32270210
5 5 3 19292072
5 5 2 9787099
5 5 1 26983047
5 5 0 21883456
5 4 11 3272486
5 4 10 32763298
5 4 9 5251687
5 4 8 18261039
5 4 7 15999156
5 4 6 16512232
5 4 5 4163350
5 4 4 11203083
5 4 3 32012797
5 4 2 14269547
5 4 1 6113955
5 4 0 19129870
5 3 11 25170683
5 3 10 20748880
5 3 9 29163240
5 3 8 4844649
5 3 7 9118497
5 3 6 1208231
5 3 5 21992300
5 3 4 11223772
5 3 3 25885667
5 3 2 22023753
5 3 1 6985819
5 3 0 21105150
5 2 11 10759980
5 2 10 5138447
5 2 9 12725309
5 2 8 24383826
5 2 7 14252677
5 2 6 839888
5 2 5 31693560
5 2 4 2374561
5 2 3 22555091
5 2 2 5923833
5 2 1 29183750
5 2 0 19242282
5 1 11 15746617
5 1 10 32368109
5 1 9 32426165
5 1 8 3646779
5 1 7 24853104
5 1 6 2331974
5 1 5 20723255
5 1 4 23264025
5 1 3 2637548
5 1 2 595874
5 1 1 20218144
5 1 0 20843679
5 0 11 8819438
5 0 10 18766195
5 0 9 15754423
5 0 8 872524
5 0 7 16001285
5 0 6 13922189
5 0 5 16705366
5 0 4 1335491
5 0 3 5239688
5 0 2 19352553
5 0 1 6381404
5 0 0 14652652
4 22 8 4
4 22 7 33554269
4 22 6 488
4 22 5 4316
4 22 4 33526717
4 22 3 14660
4 22 2 180408
4 22 1 33162069
4 22 0 234904
4 21 9 12
4 21 8 33553929
4 21 7 2844
4 21 6 9996
4 21 5 33443681
4 21 4 166512
4 21 3 513292
4 21 2 31804053
4 21 1 1676740
4 21 0 33084913
4 20 10 12
4 20 9 33553729
4 20 8 5128
4 20 7 19760
4 20 6 33322777
4 20 5 81956
4 20 4 2754920
4 20 3 29001913
4 20 2 25301477
4 20 1 24549572
4 20 0 18405873
4 19 11 4
4 19 10 33553961
4 19 9 3096
4 19 8 47540
4 19 7 33171389
4 19 6 33145661
4 19 5 8164292
4 19 4 20650365
4 19 3 3728865
4 19 2 32122602
4 19 1 15282431
4 19 0 19181592
4 18 11 33554285
4 18 10 33554157
4 18 9 66268
4 18 8 33070145
4 18 7 32642965
4 18 6 14123264
4 18 5 17762313
4 18 4 32816156
4 18 3 19376650
4 18 2 32045833
4 18 1 7476351
4 18 0 28075461
4 17 11 33553833
4 17 10 44976
4 17 9 33217321
4 17 8 31937569
4 17 7 16726992
4 17 6 33478509
4 17 5 3623987
4 17 4 15814437
4 17 3 10003396
4 17 2 24752495
4 17 1 32088331
4 17 0 19799200
4 16 11 12160
4 16 10 33479121
4 16 9 31572177
4 16 8 15343180
4 16 7 16466824
4 16 6 30581831
4 16 5 10610671
4 16 4 11340421
4 16 3 24477493
4 16 2 3732705
4 16 1 8367326
4 16 0 14859502
4 15 11 11944
4 15 10 32229345
4 15 9 9865164
4 15 8 26615852
4 15 7 1185594
4 15 6 31111016
4 15 5 15588179
4 15 4 33190474
4 15 3 4986274
4 15 2 28903568
4 15 1 17479436
4 15 0 4641804
4 14 11 33171225
4 14 10 2851972
4 14 9 27560320
4 14 8 32595808
4 14 7 32992997
4 14 6 3473773
4 14 5 20419388
4 14 4 11185540
4 14 3 26209955
4 14 2 22198354
4 14 1 4488104
4 14 0 3853600
4 13 11 33553989
4 13 10 16999624
4 13 9 5394216
4 13 8 23637352
4 13 7 30836820
4 13 6 15882997
4 13 5 17752679
4 13 4 6475661
4 13 3 23984664
4 13 2 28706047
4 13 1 5424923
4 13 0 5960620
4 12 11 5279236
4 12 10 28019842
4 12 9 17774147
4 12 8 21890401
4 12 7 4796946
4 12 6 17194709
4 12 5 30571618
4 12 4 14007126
4 12 3 1785915
4 12 2 24830310
4 12 1 15143744
4 12 0 13291879
4 11 11 31956013
4 11 10 22743348
4 11 9 3960726
4 11 8 17096852
4 11 7 31563851
4 11 6 718089
4 11 5 16783361
4 11 4 22180368
4 11 3 26587810
4 11 2 13409628
4 11 1 29881736
4 11 0 10314535
4 10 11 29789846
4 10 10 21941693
4 10 9 19470444
4 10 8 27206183
4 10 7 30615033
4 10 6 7578031
4 10 5 32645162
4 10 4 10801228
4 10 3 2188795
4 10 2 13083215
4 10 1 33189406
4 10 0 23755102
4 9 11 12593320
4 9 10 4571124
4 9 9 48826
4 9 8 24367537
4 9 7 14973764
4 9 6 5650982
4 9 5 19318694
4 9 4 13583415
4 9 3 11626959
4 9 2 10403146
4 9 1 31729198
4 9 0 31395940
4 8 11 10867908
4 8 10 18368971
4 8 9 29816798
4 8 8 31684199
4 8 7 7912219
4 8 6 16934703
4 8 5 16379527
4 8 4 650956
4 8 3 6216665
4 8 2 1886511
4 8 1 5880463
4 8 0 26067694
4 7 11 32904722
4 7 10 25991371
4 7 9 2914610
4 7 8 23273038
4 7 7 21526914
4 7 6 28146777
4 7 5 22464241
4 7 4 28923077
4 7 3 3615914
4 7 2 11317690
4 7 1 15124976
4 7 0 4470996
4 6 11 19604946
4 6 10 23876195
4 6 9 20996395
4 6 8 19888731
4 6 7 19422867
4 6 6 20683060
4 6 5 10547596
4 6 4 863950
4 6 3 29590576
4 6 2 14944866
4 6 1 13733556
4 6 0 7595234
4 5 11 24759100
4 5 10 1847990
4 5 9 22701299
4 5 8 26562924
4 5 7 13094360
4 5 6 3810278
4 5 5 24394125
4 5 4 958924
4 5 3 31982693
4 5 2 32691545
4 5 1 26229502
4 5 0 21411090
4 4 11 33398618
4 4 10 9327718
4 4 9 2819377
4 4 8 18418432
4 4 7 12839381
4 4 6 24341152
4 4 5 33388708
4 4 4 25375234
4 4 3 20395250
4 4 2 5782958
4 4 1 20238724
4 4 0 22829894
4 3 11 25947744
4 3 10 9133473
4 3 9 32919847
4 3 8 29226761
4 3 7 26170606
4 3 6 23305536
4 3 5 16963026
4 3 4 14180491
4 3 3 11592543
4 3 2 22269488
4 3 1 9830698
4 3 0 28562913
4 2 11 2455366
4 2 10 23297873
4 2 9 11382834
4 2 8 30959264
4 2 7 12596208
4 2 6 14336276
4 2 5 21964445
4 2 4 14738167
4 2 3 6636251
4 2 2 11740400
4 2 1 15674559
4 2 0 2898022
4 1 11 3489785
4 1 10 21836401
4 1 9 1663996
4 1 8 30772263
4 1 7 24786116
4 1 6 10010704
4 1 5 4846428
4 1 4 7680310
4 1 3 26026833
4 1 2 21316377
4 1 1 21312423
4 1 0 24063919
4 0 11 30636864
4 0 10 7788452
4 0 9 18339803
4 0 8 2475749
4 0 7 10179781
4 0 6 2700481
4 0 5 22521386
4 0 4 5743619
4 0 3 22309513
4 0 2 1306423
4 0 1 24156520
4 0 0 7465964
3 22 8 24
3 22 7 33554017
3 22 6 860
3 22 5 8000
3 22 4 33516841
3 22 3 10648
3 22 2 188444
3 22 1 33213305
3 22 0 176096
3 21 9 72
3 21 8 33553081
3 21 7 4428
3 21 6 21660
3 21 5 33415337
3 21 4 119048
3 21 3 563740
3 21 2 32212533
3 21 1 964544
3 21 0 33380281
3 20 10 72
3 20 9 33552617
3 20 8 6924
3 20 7 47108
3 20 6 33269797
3 20 5 33393457
3 20 4 3042068
3 20 3 30302253
3 20 2 25096645
3 20 1 18683136
3 20 0 23709881
3 19 11 24
3 19 10 33553273
3 19 9 2180
3 19 8 95644
3 19 7 33113501
3 19 6 32559581
3 19 5 8273388
3 19 4 25832509
3 19 3 4945805
3 19 2 31612579
3 19 1 25956018
3 19 0 4553312
3 18 11 33554113
3 18 10 33551513
3 18 9 114684
3 18 8 33050841
3 18 7 31733509
3 18 6 13560188
3 18 5 29211613
3 18 4 7224931
3 18 3 1504840
3 18 2 17872680
3 18 1 13296069
3 18 0 24041354
3 17 11 33552689
3 17 10 71192
3 17 9 33256321
3 17 8 30918057
3 17 7 15224244
3 17 6 15589396
3 17 5 4626582
3 17 4 29891499
3 17 3 17038243
3 17 2 1665266
3 17 1 493708
3 17 0 1866144
3 16 11 18656
3 16 10 33537193
3 16 9 30889505
3 16 8 12779388
3 16 7 31672132
3 16 6 649644
3 16 5 23723020
3 16 4 18182529
3 16 3 23864659
3 16 2 26342778
3 16 1 8005341
3 16 0 26790075
3 15 11 34928
3 15 10 31996121
3 15 9 7414996
3 15 8 3676075
3 15 7 17849764
3 15 6 30688712
3 15 5 32375499
3 15 4 32099658
3 15 3 18347992
3 15 2 32353387
3 15 1 32013845
3 15 0 23420132
3 14 11 33128473
3 14 10 1581776
3 14 9 31186060
3 14 8 4893781
3 14 7 5056853
3 14 6 22423970
3 14 5 13368355
3 14 4 24083343
3 14 3 28521284
3 14 2 16306692
3 14 1 9168017
3 14 0 26243967
3 13 11 33264217
3 13 10 16201016
3 13 9 19300403
3 13 8 32948322
3 13 7 11989954
3 13 6 25127844
3 13 5 27115094
3 13 4 20043712
3 13 3 9711987
3 13 2 7221182
3 13 1 32819736
3 13 0 32183229
3 12 11 4614024
3 12 10 12562217
3 12 9 21639175
3 12 8 30145114
3 12 7 10546777
3 12 6 15354805
3 12 5 10406637
3 12 4 15768231
3 12 3 19287566
3 12 2 1025330
3 12 1 29800560
3 12 0 11892455
3 11 11 1078136
3 11 10 9901291
3 11 9 30315879
3 11 8 22932760
3 11 7 12355717
3 11 6 7142919
3 11 5 33334415
3 11 4 11931796
3 11 3 32796869
3 11 2 18745686
3 11 1 19439523
3 11 0 24061261
3 10 11 6782977
3 10 10 22831829
3 10 9 15620849
3 10 8 10313892
3 10 7 6759307
3 10 6 27612729
3 10 5 1719904
3 10 4 22000694
3 10 3 6002071
3 10 2 32178864
3 10 1 25850998
3 10 0 20000198
3 9 11 31117553
3 9 10 24449984
3 9 9 9535236
3 9 8 15502636
3 9 7 12538853
3 9 6 11188877
3 9 5 5060898
3 9 4 33129966
3 9 3 3962945
3 9 2 5766367
3 9 1 15847166
3 9 0 29802116
3 8 11 20323966
3 8 10 26330812
3 8 9 17642077
3 8 8 25151586
3 8 7 14172083
3 8 6 16637573
3 8 5 32518354
3 8 4 28963262
3 8 3 9031954
3 8 2 9560248
3 8 1 4578807
3 8 0 28742138
3 7 11 8693120
3 7 10 4720233
3 7 9 17956123
3 7 8 26702191
3 7 7 18214496
3 7 6 18000370
3 7 5 23333186
3 7 4 12728410
3 7 3 26858799
3 7 2 14067282
3 7 1 31106784
3 7 0 14245754
3 6 11 6285165
3 6 10 18593742
3 6 9 4938073
3 6 8 13195111
3 6 7 5610383
3 6 6 5689619
3 6 5 25988444
3 6 4 1327466
3 6 3 272157
3 6 2 30512455
3 6 1 3943953
3 6 0 24182913
3 5 11 6017641
3 5 10 12536461
3 5 9 32447450
3 5 8 5246709
3 5 7 25397073
3 5 6 28401502
3 5 5 4155679
3 5 4 28812579
3 5 3 18163288
3 5 2 33387049
3 5 1 23655947
3 5 0 27847552
3 4 11 25634308
3 4 10 21722097
3 4 9 5253357
3 4 8 20064219
3 4 7 30051698
3 4 6 29975708
3 4 5 9420813
3 4 4 13554938
3 4 3 32187218
3 4 2 22584952
3 4 1 12453779
3 4 0 19582168
3 3 11 5263143
3 3 10 26380037
3 3 9 8918904
3 3 8 28667889
3 3 7 392067
3 3 6 16809349
3 3 5 22113432
3 3 4 31583898
3 3 3 1535997
3 3 2 4594244
3 3 1 13452094
3 3 0 30477402
3 2 11 28505739
3 2 10 29004522
3 2 9 18750035
3 2 8 21146177
3 2 7 15483814
3 2 6 8630219
3 2 5 20933681
3 2 4 3650934
3 2 3 17943785
3 2 2 13396568
3 2 1 23921643
3 2 0 18367173
3 1 11 14901209
3 1 10 7962357
3 1 9 17176849
3 1 8 493170
3 1 7 27278119
3 1 6 31131572
3 1 5 27020354
3 1 4 777664
3 1 3 31485600
3 1 2 1351366
3 1 1 11345487
3 1 0 20382703
3 0 11 8629632
3 0 10 1610585
3 0 9 30292374
3 0 8 29989477
3 0 7 23224928
3 0 6 9302277
3 0 5 20131586
3 0 4 22081109
3 0 3 30037223
3 0 2 21465678
3 0 1 24179244
3 0 0 18491468
2 22 8 52
2 22 7 33553837
2 22 6 800
2 22 5 8600
2 22 4 33523229
2 22 3 3060
2 22 2 126760
2 22 1 33360057
2 22 0 87552
2 21 9 156
2 21 8 33552585
2 21 7 3444
2 21 6 25128
2 21 5 33449661
2 21 4 35808
2 21 3 386220
2 21 2 32899937
2 21 1 329440
2 21 0 33538265
2 20 10 156
2 20 9 33552097
2 20 8 4096
2 20 7 55868
2 20 6 33349069
2 20 5 33264073
2 20 4 2092488
2 20 3 32155141
2 20 2 28166337
2 20 1 9400032
2 20 0 29258585
2 19 11 52
2 19 10 33553001
2 19 9 33552665
2 19 8 103280
2 19 7 33265625
2 19 6 32482001
2 19 5 5232784
2 19 4 31361689
2 19 3 16277109
2 19 2 27780040
2 19 1 21962937
2 19 0 32736473
2 18 11 33554045
2 18 10 33548685
2 18 9 111724
2 18 8 33269585
2 18 7 31754449
2 18 6 8053692
2 18 5 3104636
2 18 4 12565730
2 18 3 18971843
2 18 2 28192886
2 18 1 12594742
2 18 0 19561934
2 17 11 33551865
2 17 10 64392
2 17 9 33433429
2 17 8 31197937
2 17 7 8427668
2 17 6 17931328
2 17 5 27317032
2 17 4 18496319
2 17 3 15899979
2 17 2 23849023
2 17 1 13520188
2 17 0 13384999
2 16 11 16504
2 16 10 51180
2 16 9 31431257
2 16 8 6261056
2 16 7 27568948
2 16 6 32824545
2 16 5 26045585
2 16 4 32474011
2 16 3 1866324
2 16 2 21735581
2 16 1 13286315
2 16 0 5236028
2 15 11 43932
2 15 10 32433465
2 15 9 3120152
2 15 8 28401056
2 15 7 15591404
2 15 6 8938181
2 15 5 32735110
2 15 4 21090667
2 15 3 27620460
2 15 2 22916765
2 15 1 1360518
2 15 0 20352305
2 14 11 33260757
2 14 10 218804
2 14 9 21203364
2 14 8 31585723
2 14 7 31680704
2 14 6 33176273
2 14 5 21778982
2 14 4 25273965
2 14 3 25449553
2 14 2 33490297
2 14 1 26836208
2 14 0 21259739
2 13 11 33182289
2 13 10 9739896
2 13 9 3018741
2 13 8 726942
2 13 7 3149009
2 13 6 885302
2 13 5 27832776
2 13 4 12672603
2 13 3 19121879
2 13 2 30965924
2 13 1 17924531
2 13 0 17113854
2 12 11 2596128
2 12 10 27800701
2 12 9 8341436
2 12 8 29353060
2 12 7 19475991
2 12 6 12574657
2 12 5 25694964
2 12 4 15043116
2 12 3 15002124
2 12 2 11679032
2 12 1 963479
2 12 0 13770452
2 11 11 1803308
2 11 10 19998018
2 11 9 16099756
2 11 8 32448831
2 11 7 2812367
2 11 6 6690508
2 11 5 10368522
2 11 4 13389816
2 11 3 22274755
2 11 2 28549105
2 11 1 2673860
2 11 0 32396578
2 10 11 20931573
2 10 10 844579
2 10 9 765846
2 10 8 15009240
2 10 7 29300693
2 10 6 30155146
2 10 5 5424847
2 10 4 13207676
2 10 3 19610070
2 10 2 13673620
2 10 1 12132067
2 10 0 6684769
2 9 11 27735305
2 9 10 33269357
2 9 9 11648848
2 9 8 1704343
2 9 7 13743271
2 9 6 19374497
2 9 5 22785394
2 9 4 6261419
2 9 3 14509807
2 9 2 27812941
2 9 1 28654169
2 9 0 14741885
2 8 11 1471359
2 8 10 3689551
2 8 9 24454146
2 8 8 10239096
2 8 7 24944696
2 8 6 31378021
2 8 5 5739774
2 8 4 13190704
2 8 3 4846445
2 8 2 31250279
2 8 1 33273555
2 8 0 6288900
2 7 11 13791172
2 7 10 5299439
2 7 9 29302330
2 7 8 3852438
2 7 7 1214242
2 7 6 8835519
2 7 5 33358857
2 7 4 26315784
2 7 3 19095460
2 7 2 33317987
2 7 1 2242619
2 7 0 12040687
2 6 11 11928118
2 6 10 10230904
2 6 9 33368677
2 6 8 19751634
2 6 7 18560726
2 6 6 8904651
2 6 5 5027569
2 6 4 19977837
2 6 3 11576181
2 6 2 6494690
2 6 1 11154361
2 6 0 26088809
2 5 11 11578385
2 5 10 32166514
2 5 9 9293758
2 5 8 6022920
2 5 7 9310647
2 5 6 15940815
2 5 5 8604347
2 5 4 9650591
2 5 3 688460
2 5 2 20209539
2 5 1 13126934
2 5 0 309707
2 4 11 12845495
2 4 10 20748404
2 4 9 28785023
2 4 8 29185467
2 4 7 4805160
2 4 6 22829746
2 4 5 25721846
2 4 4 32338853
2 4 3 22714391
2 4 2 31703953
2 4 1 12047244
2 4 0 15801581
2 3 11 19225536
2 3 10 4703972
2 3 9 16600381
2 3 8 25643935
2 3 7 24697664
2 3 6 8381410
2 3 5 22835269
2 3 4 6257433
2 3 3 28694065
2 3 2 10299473
2 3 1 8165483
2 3 0 7348972
2 2 11 16099865
2 2 10 8569063
2 2 9 15141307
2 2 8 27113440
2 2 7 24211765
2 2 6 27804787
2 2 5 18665802
2 2 4 13809031
2 2 3 3603128
2 2 2 27922441
2 2 1 6646020
2 2 0 352634
2 1 11 26860121
2 1 10 30098304
2 1 9 11701749
2 1 8 4117698
2 1 7 22002231
2 1 6 14732883
2 1 5 10360999
2 1 4 22239836
2 1 3 3203771
2 1 2 9834410
2 1 1 24256893
2 1 0 17362633
2 0 11 1513728
2 0 10 28515545
2 0 9 4171481
2 0 8 33108302
2 0 7 22522307
2 0 6 27383757
2 0 5 30849680
2 0 4 21384111
2 0 3 11973705
2 0 2 444875
2 0 1 29632278
2 0 0 23380982
1 22 8 48
1 22 7 33553993
1 22 6 368
1 22 5 4960
1 22 4 33539945
1 22 3 33553673
1 22 2 49552
1 22 1 33489113
1 22 0 25920
1 21 9 144
1 21 8 33553177
1 21 7 1152
1 21 6 14992
1 21 5 33511273
1 21 4 33549241
1 21 3 149920
1 21 2 33373929
1 21 1 51648
1 21 0 12096
1 20 10 144
1 20 9 33552953
1 20 8 432
1 20 7 33152
1 20 6 33475353
1 20 5 33367353
1 20 4 816176
1 20 3 33251417
1 20 2 31591913
1 20 1 2811456
1 20 0 32426009
1 19 11 48
1 19 10 33553561
1 19 9 33551209
1 19 8 57520
1 19 7 33459369
1 19 6 32977929
1 19 5 1866416
1 19 4 68176
1 19 3 27569241
1 19 2 6806224
1 19 1 32247833
1 19 0 32723225
1 18 11 33554185
1 18 10 33549737
1 18 9 57376
1 18 8 33484601
1 18 7 32642985
1 18 6 2654496
1 18 5 2965824
1 18 4 15245881
1 18 3 10989536
1 18 2 32769040
1 18 1 16744306
1 18 0 20222784
1 17 11 33552569
1 17 10 30848
1 17 9 33553641
1 17 8 32438137
1 17 7 2510688
1 17 6 9059344
1 17 5 122793
1 17 4 1153216
1 17 3 32054382
1 17 2 29380148
1 17 1 7061184
1 17 0 20409408
1 16 11 7776
1 16 10 51824
1 16 9 32627065
1 16 8 1509168
1 16 7 12280480
1 16 6 28454930
1 16 5 5985465
1 16 4 14793434
1 16 3 17020797
1 16 2 27001674
1 16 1 19628642
1 16 0 8410710
1 15 11 27056
1 15 10 33106009
1 15 9 526960
1 15 8 11641680
1 15 7 2197161
1 15 6 22981627
1 15 5 21735791
1 15 4 8414665
1 15 3 7585443
1 15 2 23612255
1 15 1 17482382
1 15 0 18460936
1 14 11 33440841
1 14 10 33343465
1 14 9 8049408
1 14 8 18263737
1 14 7 6119675
1 14 6 1277855
1 14 5 14276259
1 14 4 16561605
1 14 3 16216082
1 14 2 3389905
1 14 1 4554996
1 14 0 12278137
1 13 11 33345593
1 13 10 3342016
1 13 9 28222761
1 13 8 28726795
1 13 7 10058826
1 13 6 9569988
1 13 5 22690056
1 13 4 9673852
1 13 3 22430558
1 13 2 31214885
1 13 1 31312424
1 13 0 4292997
1 12 11 843808
1 12 10 33419305
1 12 9 25229106
1 12 8 18926910
1 12 7 15757659
1 12 6 9712314
1 12 5 8432252
1 12 4 12601979
1 12 3 20041996
1 12 2 2191198
1 12 1 30641390
1 12 0 23528441
1 11 11 958096
1 11 10 19421337
1 11 9 22879216
1 11 8 6520200
1 11 7 30427553
1 11 6 29796828
1 11 5 9125303
1 11 4 24482157
1 11 3 24055903
1 11 2 4972399
1 11 1 17113985
1 11 0 11573381
1 10 11 30057449
1 10 10 3652720
1 10 9 2487740
1 10 8 19143681
1 10 7 10079754
1 10 6 13708083
1 10 5 1177944
1 10 4 8579107
1 10 3 31764987
1 10 2 31018971
1 10 1 12988215
1 10 0 3113314
1 9 11 30704889
1 9 10 1989671
1 9 9 22157346
1 9 8 9902612
1 9 7 7079052
1 9 6 5389114
1 9 5 1509039
1 9 4 21360115
1 9 3 17703633
1 9 2 31549820
1 9 1 3875900
1 9 0 14550774
1 8 11 8317472
1 8 10 22095273
1 8 9 21772737
1 8 8 10836800
1 8 7 14264965
1 8 6 17470387
1 8 5 32158471
1 8 4 32308327
1 8 3 26998580
1 8 2 23637513
1 8 1 11010351
1 8 0 14009875
1 7 11 5666448
1 7 10 12979378
1 7 9 24497424
1 7 8 23712795
1 7 7 22726309
1 7 6 11294320
1 7 5 25571478
1 7 4 22796072
1 7 3 1074817
1 7 2 21543847
1 7 1 4552434
1 7 0 24911036
1 6 11 22345769
1 6 10 16385968
1 6 9 9627718
1 6 8 23200075
1 6 7 32590127
1 6 6 9824128
1 6 5 5961727
1 6 4 21984368
1 6 3 24836897
1 6 2 16420090
1 6 1 16842321
1 6 0 1307170
1 5 11 26463097
1 5 10 15352039
1 5 9 9321671
1 5 8 30077756
1 5 7 22311563
1 5 6 29080630
1 5 5 29073580
1 5 4 1659158
1 5 3 7169977
1 5 2 32928833
1 5 1 31191629
1 5 0 250818
1 4 11 7986528
1 4 10 21789881
1 4 9 3149903
1 4 8 6477581
1 4 7 8080124
1 4 6 21018751
1 4 5 22249587
1 4 4 25234218
1 4 3 24750046
1 4 2 5397316
1 4 1 24406836
1 4 0 30785587
1 3 11 4868352
1 3 10 9466073
1 3 9 1608370
1 3 8 20828155
1 3 7 14421799
1 3 6 22112052
1 3 5 11151869
1 3 4 29915773
1 3 3 3571285
1 3 2 10904867
1 3 1 4258073
1 3 0 1110904
1 2 11 31093721
1 2 10 3856896
1 2 9 27470
1 2 8 28837220
1 2 7 20620276
1 2 6 8976018
1 2 5 16011529
1 2 4 28094314
1 2 3 15785110
1 2 2 428469
1 2 1 12570243
1 2 0 1470699
1 1 11 32185817
1 1 10 4976640
1 1 9 25007616
1 1 8 3867531
1 1 7 22578493
1 1 6 29049534
1 1 5 11414367
1 1 4 14699540
1 1 3 24406806
1 1 2 8593544
1 1 1 18624473
1 1 0 5921997
1 0 11 124416
1 0 10 33181145
1 0 9 31190489
1 0 8 7091712
1 0 7 15303168
1 0 6 21199282
1 0 5 25180594
1 0 4 25121397
1 0 3 13226023
1 0 2 27430717
1 0 1 15638489
1 0 0 20193319
0 22 8 16
0 22 7 33554281
0 22 6 64
0 22 5 1184
0 22 4 33551529
0 22 3 33553897
0 22 2 8544
0 22 1 33544601
0 22 0 3456
0 21 9 48
0 21 8 33554073
0 21 7 80
0 21 6 3616
0 21 5 33546985
0 21 4 33550041
0 21 3 25136
0 21 2 33533561
0 21 1 576
0 21 0 3456
0 20 10 48
0 20 9 33554041
0 20 8 33554073
0 20 7 7856
0 20 6 33542121
0 20 5 33509593
0 20 4 137824
0 20 3 33535817
0 20 2 33241337
0 20 1 378432
0 20 0 33419609
0 19 11 16
0 19 10 33554201
0 19 9 33553177
0 19 8 12992
0 19 7 33543513
0 19 6 33429049
0 19 5 284736
0 19 4 139136
0 19 3 32647561
0 19 2 707232
0 19 1 62784
0 19 0 33391961
0 18 11 33554345
0 18 10 33553001
0 18 9 12080
0 18 8 33552697
0 18 7 33365817
0 18 6 363824
0 18 5 736432
0 18 4 30865561
0 18 3 831152
0 18 2 4859040
0 18 1 27472409
0 18 0 2160000
0 17 11 33553881
0 17 10 6048
0 17 9 10096
0 17 8 33334969
0 17 7 291088
0 17 6 1807232
0 17 5 29005481
0 17 4 31703353
0 17 3 13631856
0 17 2 23762681
0 17 1 31119641
0 17 0 3100032
0 16 11 1504
0 16 10 15408
0 16 9 33383385
0 16 8 98688
0 16 7 2260752
0 16 6 28861673
0 16 5 26478457
0 16 4 27942432
0 16 3 23048713
0 16 2 24733522
0 16 1 19233127
0 16 0 15268697
0 15 11 6640
0 15 10 33478361
0 15 9 33533241
0 15 8 2010240
0 15 7 30175289
0 15 6 19219961
0 15 5 5750727
0 15 4 13992384
0 15 3 22287316
0 15 2 4908398
0 15 1 162919
0 15 0 2246489
0 14 11 33535689
0 14 10 33472361
0 14 9 1312464
0 14 8 32444825
0 14 7 17913593
0 14 6 32654256
0 14 5 11344503
0 14 4 30249654
0 14 3 25029175
0 14 2 30801354
0 14 1 33446241
0 14 0 19785422
0 13 11 33508345
0 13 10 496608
0 13 9 33451913
0 13 8 22578297
0 13 7 20425424
0 13 6 2826318
0 13 5 925350
0 13 4 30178987
0 13 3 15375744
0 13 2 28190810
0 13 1 32028040
0 13 0 14894915
0 12 11 119488
0 12 10 217488
0 12 9 27505529
0 12 8 6081856
0 12 7 49822
0 12 6 713364
0 12 5 4570966
0 12 4 8748293
0 12 3 902068
0 12 2 87953
0 12 1 4045416
0 12 0 14066543
0 11 11 191984
0 11 10 31695641
0 11 9 378752
0 11 8 3624935
0 11 7 32669771
0 11 6 13908111
0 11 5 13161150
0 11 4 19275281
0 11 3 25993803
0 11 2 1266017
0 11 1 18934749
0 11 0 6671771
0 10 11 33126793
0 10 10 33304841
0 10 9 17394128
0 10 8 15077113
0 10 7 16713334
0 10 6 29600111
0 10 5 17220199
0 10 4 10837822
0 10 3 9560130
0 10 2 5849604
0 10 1 3805825
0 10 0 8836458
0 9 11 33043609
0 9 10 4161888
0 9 9 938384
0 9 8 21463211
0 9 7 21509221
0 9 6 22476027
0 9 5 14855938
0 9 4 28802196
0 9 3 12772859
0 9 2 24600921
0 9 1 26724430
0 9 0 23532067
0 8 11 876512
0 8 10 33553001
0 8 9 2486553
0 8 8 32021504
0 8 7 20239567
0 8 6 1891559
0 8 5 8727154
0 8 4 20353557
0 8 3 26882527
0 8 2 23669095
0 8 1 10401440
0 8 0 20223889
0 7 11 876048
0 7 10 27900761
0 7 9 27265209
0 7 8 4815477
0 7 7 31585220
0 7 6 22503419
0 7 5 28170279
0 7 4 17608057
0 7 3 8617876
0 7 2 11951941
0 7 1 18245126
0 7 0 1786945
0 6 11 32545897
0 6 10 270768
0 6 9 32906032
0 6 8 2164361
0 6 7 30641635
0 6 6 12555211
0 6 5 19034970
0 6 4 24306245
0 6 3 11115344
0 6 2 27936246
0 6 1 29444146
0 6 0 11959896
0 5 11 32636153
0 5 10 4562208
0 5 9 11190048
0 5 8 15750699
0 5 7 11614176
0 5 6 5145513
0 5 5 13092848
0 5 4 22950400
0 5 3 31563155
0 5 2 30900892
0 5 1 16475390
0 5 0 5444876
0 4 11 602496
0 4 10 33322841
0 4 9 14842457
0 4 8 16198272
0 4 7 24571715
0 4 6 16914287
0 4 5 21303768
0 4 4 16862699
0 4 3 6139260
0 4 2 25623689
0 4 1 20702686
0 4 0 4242188
0 3 11 525312
0 3 10 31543001
0 3 9 25087193
0 3 8 4164391
0 3 7 1261351
0 3 6 543215
0 3 5 20604672
0 3 4 28247920
0 3 3 18082682
0 3 2 1825836
0 3 1 6102406
0 3 0 29783986
0 2 11 33409241
0 2 10 62208
0 2 9 4375296
0 2 8 30132953
0 2 7 22007986
0 2 6 10675495
0 2 5 24844739
0 2 4 31025135
0 2 3 30728275
0 2 2 24515974
0 2 1 18852035
0 2 0 4251414
0 1 11 33429977
0 1 10 373248
0 1 9 2363904
0 1 8 26462681
0 1 7 18251225
0 1 6 12355111
0 1 5 8373799
0 1 4 8432996
0 1 3 20328370
0 1 2 6123676
0 1 1 17915904
0 1 0 13361074
# alpha num 3117
32 0 0 15505339
31 1 0 4682042
31 0 1 25712376
31 0 0 14723997
30 2 0 5294715
30 1 1 26354341
30 1 0 20876775
30 0 2 24897397
30 0 1 30168404
30 0 0 33285331
29 3 0 832810
29 2 1 10128328
29 2 0 397045
29 1 2 26595927
29 1 1 32627850
29 1 0 24843114
29 0 3 25169361
29 0 2 10374588
29 0 1 17431944
29 0 0 13774188
28 4 0 12512922
28 3 1 5852457
28 3 0 11989850
28 2 2 15565684
28 2 1 33364039
28 2 0 24863435
28 1 3 2728674
28 1 2 21697136
28 1 1 16925802
28 1 0 5532025
28 0 4 17521710
28 0 3 4508942
28 0 2 12128938
28 0 1 22313971
28 0 0 10535968
27 5 0 30997803
27 4 1 26804046
27 4 0 19238232
27 3 2 3256949
27 3 1 7119857
27 3 0 29399236
27 2 3 7254085
27 2 2 19292498
27 2 1 14942147
27 2 0 26173686
27 1 4 26807581
27 1 3 33040976
27 1 2 32555235
27 1 1 508096
27 1 0 12473674
27 0 5 1302030
27 0 4 23332206
27 0 3 26210464
27 0 2 8891923
27 0 1 7426278
27 0 0 5262272
26 6 0 12455571
26 5 1 31183658
26 5 0 13860846
26 4 2 9776
26 4 1 13538541
26 4 0 5434401
26 3 3 5773798
26 3 2 31982277
26 3 1 9347149
26 3 0 7535215
26 2 4 16349206
26 2 3 2908220
26 2 2 17879967
26 2 1 13172787
26 2 0 14690757
26 1 5 16372250
26 1 4 1736957
26 1 3 4416520
26 1 2 3196016
26 1 1 870891
26 1 0 3560752
26 0 6 22707420
26 0 5 25531406
26 0 4 21212118
26 0 3 27099402
26 0 2 17676308
26 0 1 18574492
26 0 0 13580790
25 7 0 2446564
25 6 1 5182784
25 6 0 29909300
25 5 2 26738401
25 5 1 2513889
25 5 0 11840459
25 4 3 15726165
25 4 2 24210452
25 4 1 672860
25 4 0 20271852
25 3 4 30288979
25 3 3 29432914
25 3 2 29911396
25 3 1 16691575
25 3 0 9111753
25 2 5 15212280
25 2 4 17315094
25 2 3 3124706
25 2 2 18397988
25 2 1 7950975
25 2 0 6530294
25 1 6 11660759
25 1 5 10645582
25 1 4 15761211
25 1 3 31815488
25 1 2 14281393
25 1 1 10167133
25 1 0 2932703
25 0 7 6156782
25 0 6 8524746
25 0 5 7959261
25 0 4 15911299
25 0 3 24092380
25 0 2 10621534
25 0 1 9624719
25 0 0 11223730
24 8 0 27533742
24 7 1 30717316
24 7 0 1627167
24 6 2 9960397
24 6 1 32634214
24 6 0 17678959
24 5 3 10675265
24 5 2 22577942
24 5 1 30217415
24 5 0 22171681
24 4 4 3165245
24 4 3 27289115
24 4 2 8192749
24 4 1 19288502
24 4 0 15977875
24 3 5 469719
24 3 4 31577066
24 3 3 31688609
24 3 2 8757160
24 3 1 20826662
24 3 0 21896287
24 2 6 25353865
24 2 5 6136405
24 2 4 3451079
24 2 3 28105118
24 2 2 30771463
24 2 1 6598216
24 2 0 31794095
24 1 7 6420847
24 1 6 19305937
24 1 5 3593251
24 1 4 1891680
24 1 3 29476848
24 1 2 32592745
24 1 1 7503770
24 1 0 30447387
24 0 8 27299152
24 0 7 9944750
24 0 6 15756703
24 0 5 18584288
24 0 4 18553653
24 0 3 19094815
24 0 2 13095681
24 0 1 20209049
24 0 0 17496960
23 9 0 21301379
23 8 1 583555
23 8 0 21118066
23 7 2 189582
23 7 1 16833349
23 7 0 25929753
23 6 3 15763579
23 6 2 24456149
23 6 1 11446763
23 6 0 6722306
23 5 4 26237767
23 5 3 11801245
23 5 2 3008347
23 5 1 9913879
23 5 0 23504723
23 4 5 23209672
23 4 4 23631358
23 4 3 18360299
23 4 2 31237836
23 4 1 24503099
23 4 0 28049307
23 3 6 33080321
23 3 5 3610375
23 3 4 20868878
23 3 3 26419655
23 3 2 23061347
23 3 1 11984707
23 3 0 1249922
23 2 7 17388643
23 2 6 664064
23 2 5 25659860
23 2 4 9226242
23 2 3 24083749
23 2 2 911329
23 2 1 12519093
23 2 0 12641374
23 1 8 28703524
23 1 7 22467882
23 1 6 9922980
23 1 5 10022387
23 1 4 2028042
23 1 3 31019267
23 1 2 14948550
23 1 1 16183228
23 1 0 13572137
23 0 9 4441438
23 0 8 4440682
23 0 7 12445394
23 0 6 7835670
23 0 5 31785289
23 0 4 89137
23 0 3 15692280
23 0 2 13975684
23 0 1 18096481
23 0 0 1259414
22 10 0 2327732
22 9 1 14292046
22 9 0 1442659
22 8 2 19780606
22 8 1 9635573
22 8 0 8384904
22 7 3 20730960
22 7 2 23115701
22 7 1 6625528
22 7 0 5371437
22 6 4 29254045
22 6 3 29212326
22 6 2 1595598
22 6 1 13027421
22 6 0 32604408
22 5 5 25654270
22 5 4 13178140
22 5 3 2447769
22 5 2 22942077
22 5 1 25604944
22 5 0 6904523
22 4 6 11589475
22 4 5 25486858
22 4 4 18170149
22 4 3 23480689
22 4 2 13690811
22 4 1 26675108
22 4 0 19584679
22 3 7 26899145
22 3 6 14306570
22 3 5 30147921
22 3 4 25417100
22 3 3 26243546
22 3 2 26481806
22 3 1 6972611
22 3 0 28086452
22 2 8 24155942
22 2 7 14635113
22 2 6 13800526
22 2 5 1136266
22 2 4 23225347
22 2 3 22832599
22 2 2 8171469
22 2 1 31457097
22 2 0 9670890
22 1 9 32852256
22 1 8 15956172
22 1 7 21331561
22 1 6 24429920
22 1 5 17493276
22 1 4 11053399
22 1 3 28141532
22 1 2 16400689
22 1 1 20140615
22 1 0 7055122
22 0 10 21959755
22 0 9 19749534
22 0 8 32422625
22 0 7 10622377
22 0 6 7024351
22 0 5 9757501
22 0 4 10138472
22 0 3 7041205
22 0 2 15068539
22 0 1 25078088
22 0 0 29366394
21 11 0 8747157
21 10 1 28848056
21 10 0 32249926
21 9 2 3270768
21 9 1 29824902
21 9 0 29449271
21 8 3 28457022
21 8 2 6071538
21 8 1 1961356
21 8 0 8455766
21 7 4 1913237
21 7 3 13469773
21 7 2 31969038
21 7 1 28532742
21 7 0 26137229
21 6 5 17925310
21 6 4 28717153
21 6 3 27481740
21 6 2 28042372
21 6 1 21178685
21 6 0 22963239
21 5 6 28896678
21 5 5 4260129
21 5 4 6887075
21 5 3 16916626
21 5 2 700166
21 5 1 24244869
21 5 0 5992686
21 4 7 6839745
21 4 6 28607337
21 4 5 11009496
21 4 4 23739870
21 4 3 19823727
21 4 2 29387421
21 4 1 22215939
21 4 0 16447893
21 3 8 3624549
21 3 7 9590265
21 3 6 28581107
21 3 5 8326456
21 3 4 6533108
21 3 3 13249203
21 3 2 30794317
21 3 1 3720542
21 3 0 14824341
21 2 9 20916754
21 2 8 15180418
21 2 7 27830361
21 2 6 7865638
21 2 5 15516979
21 2 4 2466194
21 2 3 21170736
21 2 2 21598424
21 2 1 26893130
21 2 0 21077768
21 1 10 19832928
21 1 9 29381503
21 1 8 19537943
21 1 7 11501772
21 1 6 15665073
21 1 5 30498593
21 1 4 23687756
21 1 3 26251520
21 1 2 1442269
21 1 1 5706655
21 1 0 6299217
21 0 10 28506817
21 0 9 8334041
21 0 8 10027232
21 0 7 12001281
21 0 6 32102118
21 0 5 23580394
21 0 4 16845261
21 0 3 5063137
21 0 2 5745534
21 0 1 25672296
21 0 0 10538886
20 12 0 26932127
20 11 1 25181794
20 11 0 14622919
20 10 2 26713619
20 10 1 9318380
20 10 0 2585791
20 9 3 23778839
20 9 2 22937963
20 9 1 27231074
20 9 0 1694467
20 8 4 33117845
20 8 3 31435724
20 8 2 5614571
20 8 1 27139958
20 8 0 33543290
20 7 5 29844399
20 7 4 19669198
20 7 3 18851247
20 7 2 7828961
20 7 1 27762350
20 7 0 11545416
20 6 6 16783213
20 6 5 7037666
20 6 4 27085848
20 6 3 22717302
20 6 2 8804196
20 6 1 17499541
20 6 0 6572353
20 5 7 23139588
20 5 6 13441985
20 5 5 16562868
20 5 4 23863803
20 5 3 27092669
20 5 2 18235722
20 5 1 2904811
20 5 0 12917439
20 4 8 4838940
20 4 7 22749018
20 4 6 7935670
20 4 5 27222495
20 4 4 8725365
20 4 3 32187677
20 4 2 33011231
20 4 1 10009556
20 4 0 82207
20 3 9 11781254
20 3 8 15054397
20 3 7 16692173
20 3 6 19178060
20 3 5 30641530
20 3 4 10874651
20 3 3 10311712
20 3 2 26532416
20 3 1 1982420
20 3 0 15021763
20 2 10 17735071
20 2 9 13110791
20 2 8 19876126
20 2 7 5767432
20 2 6 11997564
20 2 5 2747065
20 2 4 5093915
20 2 3 33354869
20 2 2 32096925
20 2 1 12112652
20 2 0 519554
20 1 10 15036423
20 1 9 5524791
20 1 8 15617977
20 1 7 16893411
20 1 6 28509565
20 1 5 18585423
20 1 4 18358324
20 1 3 17873366
20 1 2 11715095
20 1 1 20226364
20 1 0 15621083
20 0 10 24684175
20 0 9 18341298
20 0 8 15211677
20 0 7 6354118
20 0 6 18484428
20 0 5 5024311
20 0 4 6678583
20 0 3 30696394
20 0 2 5591870
20 0 1 2910505
20 0 0 18525564
19 12 1 2768074
19 12 0 13892436
19 11 2 26355918
19 11 1 9788057
19 11 0 24886951
19 10 3 17722397
19 10 2 9483143
19 10 1 11312176
19 10 0 10686910
19 9 4 4690051
19 9 3 22880889
19 9 2 7889117
19 9 1 2062598
19 9 0 18694002
19 8 5 8539144
19 8 4 25179469
19 8 3 18049712
19 8 2 3881020
19 8 1 19697350
19 8 0 30045249
19 7 6 30287846
19 7 5 1828871
19 7 4 3431032
19 7 3 29882650
19 7 2 13217658
19 7 1 16672
19 7 0 1497298
19 6 7 12695553
19 6 6 7977861
19 6 5 15604632
19 6 4 3538986
19 6 3 16966513
19 6 2 23149598
19 6 1 18129921
19 6 0 19813548
19 5 8 8431851
19 5 7 14832892
19 5 6 13879080
19 5 5 7997913
19 5 4 29903862
19 5 3 17263037
19 5 2 22550358
19 5 1 30381726
19 5 0 11010340
19 4 9 14337051
19 4 8 16104946
19 4 7 23264780
19 4 6 25166736
19 4 5 15335600
19 4 4 1936967
19 4 3 22921821
19 4 2 7708358
19 4 1 30520784
19 4 0 26028362
19 3 10 13247158
19 3 9 5354379
19 3 8 4923681
19 3 7 18964738
19 3 6 27713430
19 3 5 28205602
19 3 4 8706373
19 3 3 24598619
19 3 2 28120327
19 3 1 32422171
19 3 0 31263600
19 2 10 17305449
19 2 9 33425282
19 2 8 32467637
19 2 7 15477217
19 2 6 1685247
19 2 5 9100642
19 2 4 16618883
19 2 3 634421
19 2 2 31488195
19 2 1 16137843
19 2 0 5534582
19 1 10 12323300
19 1 9 6265516
19 1 8 7897564
19 1 7 28713097
19 1 6 7870243
19 1 5 22517673
19 1 4 28707195
19 1 3 17921269
19 1 2 32913173
19 1 1 472362
19 1 0 19087650
19 0 10 3009703
19 0 9 20590905
19 0 8 32108981
19 0 7 5268311
19 0 6 3177556
19 0 5 19543725
19 0 4 26194539
19 0 3 12811243
19 0 2 29336954
19 0 1 27632410
19 0 0 16611057
18 12 2 23034459
18 12 1 3603146
18 12 0 20561570
18 11 3 9886374
18 11 2 21787531
18 11 1 18554447
18 11 0 23964279
18 10 4 18547690
18 10 3 28393111
18 10 2 3397541
18 10 1 78764
18 10 0 8794816
18 9 5 630154
18 9 4 19866084
18 9 3 32669580
18 9 2 26899885
18 9 1 15205328
18 9 0 13567411
18 8 6 6803303
18 8 5 13851378
18 8 4 11749934
18 8 3 13382315
18 8 2 21008066
18 8 1 21187471
18 8 0 15531321
18 7 7 23101908
18 7 6 21899759
18 7 5 27277244
18 7 4 25086620
18 7 3 340954
18 7 2 441081
18 7 1 21424359
18 7 0 12996594
18 6 8 27141238
18 6 7 21810566
18 6 6 2555135
18 6 5 14208614
18 6 4 27062191
18 6 3 19593609
18 6 2 31806212
18 6 1 1971422
18 6 0 27737315
18 5 9 25811612
18 5 8 18253391
18 5 7 12874262
18 5 6 6543779
18 5 5 17295029
18 5 4 30140345
18 5 3 10889581
18 5 2 10720109
18 5 1 31691789
18 5 0 16330962
18 4 10 21245928
18 4 9 26026827
18 4 8 7773569
18 4 7 31626724
18 4 6 30245131
18 4 5 12534666
18 4 4 17054650
18 4 3 16252934
18 4 2 23755466
18 4 1 22452021
18 4 0 28705809
18 3 10 17306416
18 3 9 1893102
18 3 8 19665060
18 3 7 16492808
18 3 6 26910213
18 3 5 5649919
18 3 4 31417771
18 3 3 33321515
18 3 2 30307729
18 3 1 14875144
18 3 0 6510195
18 2 10 7384542
18 2 9 30379528
18 2 8 13420034
18 2 7 13445248
18 2 6 19217948
18 2 5 3255093
18 2 4 21899042
18 2 3 3963109
18 2 2 27946369
18 2 1 23152406
18 2 0 23175744
18 1 10 9691244
18 1 9 30874199
18 1 8 20836983
18 1 7 13527864
18 1 6 24738949
18 1 5 25910695
18 1 4 20017654
18 1 3 23830006
18 1 2 29753748
18 1 1 33515638
18 1 0 6167224
18 0 10 11312067
18 0 9 3986877
18 0 8 2589866
18 0 7 13240205
18 0 6 3071327
18 0 5 21618811
18 0 4 25191900
18 0 3 20249289
18 0 2 6548249
18 0 1 29852735
18 0 0 5817091
17 12 3 30590087
17 12 2 16655789
17 12 1 27083532
17 12 0 23242545
17 11 4 2935054
17 11 3 18829343
17 11 2 27105087
17 11 1 29924301
17 11 0 947434
17 10 5 30813036
17 10 4 23111689
17 10 3 8526176
17 10 2 14261014
17 10 1 15102401
17 10 0 22291587
17 9 6 3128665
17 9 5 19052642
17 9 4 23487863
17 9 3 3879414
17 9 2 17175329
17 9 1 31120919
17 9 0 17156129
17 8 7 11060370
17 8 6 19247628
17 8 5 19652468
17 8 4 3756042
17 8 3 13705891
17 8 2 20665309
17 8 1 19399032
17 8 0 10756860
17 7 8 17749266
17 7 7 13527133
17 7 6 15998386
17 7 5 28465540
17 7 4 25569476
17 7 3 23314285
17 7 2 23381542
17 7 1 31749982
17 7 0 26183959
17 6 9 15148808
17 6 8 12233940
17 6 7 26896198
17 6 6 5205788
17 6 5 28692130
17 6 4 2708828
17 6 3 4703372
17 6 2 11139532
17 6 1 17340534
17 6 0 28287302
17 5 10 28716286
17 5 9 25047829
17 5 8 8103077
17 5 7 31501403
17 5 6 12543180
17 5 5 12972950
17 5 4 32396602
17 5 3 17794633
17 5 2 1485929
17 5 1 5450243
17 5 0 3677578
17 4 10 3298034
17 4 9 11204941
17 4 8 24362918
17 4 7 20961525
17 4 6 8536334
17 4 5 30274838
17 4 4 29338796
17 4 3 5503642
17 4 2 9856803
17 4 1 14816855
17 4 0 3972427
17 3 10 5682121
17 3 9 15131387
17 3 8 15481260
17 3 7 13776994
17 3 6 21392516
17 3 5 22505719
17 3 4 27854509
17 3 3 9472452
17 3 2 32718043
17 3 1 5520362
17 3 0 4745573
17 2 10 29891523
17 2 9 31376875
17 2 8 17017976
17 2 7 26326167
17 2 6 19329054
17 2 5 6752191
17 2 4 14813738
17 2 3 8395486
17 2 2 23576521
17 2 1 24029128
17 2 0 14958304
17 1 10 17688602
17 1 9 32242854
17 1 8 23889577
17 1 7 23081301
17 1 6 25928920
17 1 5 20531308
17 1 4 3007583
17 1 3 24303334
17 1 2 18622884
17 1 1 18769276
17 1 0 28488486
17 0 10 3254152
17 0 9 11331190
17 0 8 2218529
17 0 7 27628965
17 0 6 205801
17 0 5 24268048
17 0 4 7410184
17 0 3 31153838
17 0 2 17523244
17 0 1 23971255
17 0 0 30632138
16 12 4 8471321
16 12 3 5707702
16 12 2 10409235
16 12 1 19337605
16 12 0 7558353
16 11 5 8190083
16 11 4 16036541
16 11 3 15350551
16 11 2 22060180
16 11 1 10444130
16 11 0 4677872
16 10 6 14450250
16 10 5 21555534
16 10 4 22462581
16 10 3 33189824
16 10 2 23658315
16 10 1 16045444
16 10 0 486812
16 9 7 25900829
16 9 6 27405374
16 9 5 23860790
16 9 4 7413058
16 9 3 26424409
16 9 2 1807891
16 9 1 15808787
16 9 0 21158973
16 8 8 31254748
16 8 7 5871067
16 8 6 23699633
16 8 5 3103229
16 8 4 5682130
16 8 3 5064807
16 8 2 27210329
16 8 1 7491772
16 8 0 26050295
16 7 9 23772853
16 7 8 15544324
16 7 7 18315565
16 7 6 1399404
16 7 5 17703769
16 7 4 22511835
16 7 3 29738309
16 7 2 3124256
16 7 1 21894088
16 7 0 5643446
16 6 10 4675963
16 6 9 23947019
16 6 8 14813311
16 6 7 2061255
16 6 6 10127456
16 6 5 13711842
16 6 4 32075053
16 6 3 644983
16 6 2 11723031
16 6 1 4248052
16 6 0 24947501
16 5 10 10698073
16 5 9 23008580
16 5 8 497070
16 5 7 15631654
16 5 6 28265039
16 5 5 30453649
16 5 4 20269425
16 5 3 5199699
16 5 2 11342112
16 5 1 4531677
16 5 0 10641167
16 4 10 12889920
16 4 9 1018483
16 4 8 3188132
16 4 7 6415431
16 4 6 5529852
16 4 5 31715809
16 4 4 12382166
16 4 3 17558032
16 4 2 1290631
16 4 1 20074931
16 4 0 29521083
16 3 10 9775152
16 3 9 11289132
16 3 8 320019
16 3 7 6360312
16 3 6 32110842
16 3 5 6782013
16 3 4 28411567
16 3 3 2291414
16 3 2 15161540
16 3 1 32274969
16 3 0 21739129
16 2 10 21409919
16 2 9 8264715
16 2 8 32421189
16 2 7 11601159
16 2 6 30833061
16 2 5 31008973
16 2 4 2870029
16 2 3 31068885
16 2 2 4747844
16 2 1 5492198
16 2 0 27060839
16 1 10 16389711
16 1 9 26291237
16 1 8 32325226
16 1 7 4413116
16 1 6 16030215
16 1 5 27319034
16 1 4 10463483
16 1 3 7258032
16 1 2 25484367
16 1 1 16507729
16 1 0 20100323
16 0 10 9264826
16 0 9 2894872
16 0 8 12232278
16 0 7 21171584
16 0 6 843353
16 0 5 13715476
16 0 4 3269365
16 0 3 392785
16 0 2 1680933
16 0 1 30347593
16 0 0 26504580
15 12 5 17713796
15 12 4 27885803
15 12 3 10919301
15 12 2 9658492
15 12 1 14170280
15 12 0 7995618
15 11 6 20017664
15 11 5 23426128
15 11 4 3406129
15 11 3 11713265
15 11 2 20859466
15 11 1 186995
15 11 0 7993769
15 10 7 5429655
15 10 6 2018716
15 10 5 589476
15 10 4 22970326
15 10 3 14265155
15 10 2 19852288
15 10 1 6167534
15 10 0 11919448
15 9 8 29672702
15 9 7 29763206
15 9 6 24222547
15 9 5 18826907
15 9 4 281368
15 9 3 1512176
15 9 2 30847117
15 9 1 7349745
15 9 0 32588931
15 8 9 5476958
15 8 8 12679822
15 8 7 19923305
15 8 6 19072822
15 8 5 13362192
15 8 4 437132
15 8 3 23886933
15 8 2 18163928
15 8 1 25430568
15 8 0 8344553
15 7 10 8472155
15 7 9 28429882
15 7 8 3854675
15 7 7 2467789
15 7 6 3632795
15 7 5 14868387
15 7 4 4476046
15 7 3 10353149
15 7 2 17755445
15 7 1 25685954
15 7 0 13644345
15 6 10 11347388
15 6 9 6866949
15 6 8 30620847
15 6 7 7458373
15 6 6 4754903
15 6 5 17120761
15 6 4 29091038
15 6 3 21348641
15 6 2 14255295
15 6 1 25813636
15 6 0 19044195
15 5 10 25883124
15 5 9 18699745
15 5 8 12296268
15 5 7 21186138
15 5 6 31278100
15 5 5 11311196
15 5 4 25697105
15 5 3 7535696
15 5 2 14941563
15 5 1 7708754
15 5 0 7921099
15 4 10 13450579
15 4 9 20155294
15 4 8 862994
15 4 7 2944932
15 4 6 22671865
15 4 5 32439835
15 4 4 16159639
15 4 3 2405312
15 4 2 24008111
15 4 1 28074908
15 4 0 3337279
15 3 10 22225153
15 3 9 21975281
15 3 8 8317322
15 3 7 24040644
15 3 6 7349337
15 3 5 16633698
15 3 4 2195965
15 3 3 2632364
15 3 2 11359125
15 3 1 1345033
15 3 0 15392084
15 2 10 20897544
15 2 9 23796412
15 2 8 12040078
15 2 7 9518626
15 2 6 14397489
15 2 5 22427336
15 2 4 28950796
15 2 3 9974757
15 2 2 8332034
15 2 1 2192274
15 2 0 20456982
15 1 10 27363564
15 1 9 17590209
15 1 8 23941021
15 1 7 4449419
15 1 6 28961071
15 1 5 10828237
15 1 4 15264903
15 1 3 29605821
15 1 2 19099544
15 1 1 11276596
15 1 0 22081370
15 0 10 26629237
15 0 9 1978520
15 0 8 8394800
15 0 7 24759308
15 0 6 2928933
15 0 5 7367041
15 0 4 26420557
15 0 3 29788633
15 0 2 11821545
15 0 1 8009731
15 0 0 23940328
14 12 6 29384407
14 12 5 30333266
14 12 4 17210604
14 12 3 7955214
14 12 2 32640904
14 12 1 11797436
14 12 0 19439986
14 11 7 729868
14 11 6 25726698
14 11 5 26299562
14 11 4 15592627
14 11 3 5598336
14 11 2 31800190
14 11 1 20884991
14 11 0 7413344
14 10 8 21332534
14 10 7 15305653
14 10 6 21937498
14 10 5 13042991
14 10 4 10022474
14 10 3 23876522
14 10 2 9042148
14 10 1 12446642
14 10 0 1331502
14 9 9 30355546
14 9 8 17240259
14 9 7 30024961
14 9 6 1258687
14 9 5 32153148
14 9 4 22969485
14 9 3 22859109
14 9 2 30768961
14 9 1 27078892
14 9 0 796435
14 8 10 2735591
14 8 9 30270253
14 8 8 2960121
14 8 7 4633290
14 8 6 16022771
14 8 5 30090393
14 8 4 32317878
14 8 3 10971186
14 8 2 18016143
14 8 1 23123802
14 8 0 23453666
14 7 10 25787252
14 7 9 1535309
14 7 8 5099696
14 7 7 12318270
14 7 6 29227940
14 7 5 5338678
14 7 4 26857780
14 7 3 4012521
14 7 2 31428576
14 7 1 14788663
14 7 0 25055152
14 6 10 24567431
14 6 9 23766715
14 6 8 24672065
14 6 7 23921848
14 6 6 13580711
14 6 5 8120420
14 6 4 30118585
14 6 3 32471580
14 6 2 20614041
14 6 1 7908443
14 6 0 13831737
14 5 10 1507215
14 5 9 32801468
14 5 8 11948185
14 5 7 17527875
14 5 6 32732196
14 5 5 4124447
14 5 4 19726068
14 5 3 9190978
14 5 2 10502416
14 5 1 13588673
14 5 0 9136824
14 4 10 33225802
14 4 9 16867262
14 4 8 12882240
14 4 7 22055831
14 4 6 229596
14 4 5 32262585
14 4 4 26334668
14 4 3 17987604
14 4 2 24032864
14 4 1 15548899
14 4 0 4463683
14 3 10 32000039
14 3 9 16157343
14 3 8 5281598
14 3 7 6145504
14 3 6 25042681
14 3 5 33266240
14 3 4 19910707
14 3 3 21747478
14 3 2 14032785
14 3 1 22535068
14 3 0 5290725
14 2 10 14244727
14 2 9 20702177
14 2 8 11602820
14 2 7 13695132
14 2 6 13085068
14 2 5 2866953
14 2 4 31202003
14 2 3 1056609
14 2 2 4663640
14 2 1 14500079
14 2 0 831087
14 1 10 8499757
14 1 9 12067829
14 1 8 30667776
14 1 7 6380553
14 1 6 17603373
14 1 5 12853653
14 1 4 26763367
14 1 3 7716642
14 1 2 8214276
14 1 1 5099972
14 1 0 25243832
14 0 10 8838272
14 0 9 25094391
14 0 8 23105721
14 0 7 24734338
14 0 6 21592397
14 0 5 18232231
14 0 4 28850564
14 0 3 25754667
14 0 2 1411940
14 0 1 23374665
14 0 0 9112923
13 12 7 13067044
13 12 6 21491578
13 12 5 2012011
13 12 4 22443696
13 12 3 5803563
13 12 2 2748099
13 12 1 27586133
13 12 0 30372446
13 11 8 17701224
13 11 7 24033442
13 11 6 33225834
13 11 5 3842942
13 11 4 9395885
13 11 3 2024568
13 11 2 3739374
13 11 1 30799872
13 11 0 7559371
13 10 9 28912624
13 10 8 20951034
13 10 7 27103684
13 10 6 12178728
13 10 5 734721
13 10 4 14621605
13 10 3 4890915
13 10 2 14917275
13 10 1 31207829
13 10 0 645307
13 9 10 32893849
13 9 9 29896
13 9 8 30308363
13 9 7 2444939
13 9 6 17097836
13 9 5 10855691
13 9 4 18837207
13 9 3 1330765
13 9 2 27270647
13 9 1 22372741
13 9 0 27941684
13 8 10 6767472
13 8 9 22326967
13 8 8 13593222
13 8 7 16507079
13 8 6 17974296
13 8 5 6015755
13 8 4 9363458
13 8 3 32952572
13 8 2 31163126
13 8 1 13093596
13 8 0 32579597
13 7 10 26557391
13 7 9 14080684
13 7 8 3472326
13 7 7 24757497
13 7 6 3314974
13 7 5 18887637
13 7 4 9510152
13 7 3 21762910
13 7 2 32082890
13 7 1 25615797
13 7 0 32738086
13 6 10 21922622
13 6 9 18662170
13 6 8 12279515
13 6 7 7471640
13 6 6 16798974
13 6 5 31931213
13 6 4 29737498
13 6 3 3151290
13 6 2 19695640
13 6 1 7121459
13 6 0 6418756
13 5 10 2605047
13 5 9 13624760
13 5 8 16526938
13 5 7 32025632
13 5 6 32910640
13 5 5 3052308
13 5 4 32657639
13 5 3 28148426
13 5 2 21791983
13 5 1 11063344
13 5 0 4195094
13 4 10 17553991
13 4 9 26451803
13 4 8 24487694
13 4 7 26123323
13 4 6 27167093
13 4 5 3872390
13 4 4 14593892
13 4 3 8706753
13 4 2 7538426
13 4 1 15299289
13 4 0 19957223
13 3 10 21077228
13 3 9 8863795
13 3 8 31775400
13 3 7 8563237
13 3 6 13090932
13 3 5 14676808
13 3 4 9210507
13 3 3 2134060
13 3 2 28121547
13 3 1 23457053
13 3 0 11006822
13 2 10 9837154
13 2 9 13626917
13 2 8 31466976
13 2 7 33411376
13 2 6 32981840
13 2 5 10055165
13 2 4 14171571
13 2 3 30456320
13 2 2 5609738
13 2 1 14039868
13 2 0 18502368
13 1 10 21094503
13 1 9 12121688
13 1 8 9638441
13 1 7 22295333
13 1 6 26409963
13 1 5 12280704
13 1 4 1263255
13 1 3 10402834
13 1 2 22963699
13 1 1 23133384
13 1 0 14213802
13 0 10 22657621
13 0 9 10968585
13 0 8 4159945
13 0 7 16628092
13 0 6 22712987
13 0 5 33452583
13 0 4 26501169
13 0 3 18157685
13 0 2 13217590
13 0 1 762618
13 0 0 21576096
12 12 8 3414955
12 12 7 23898653
12 12 6 4887111
12 12 5 20021062
12 12 4 5899996
12 12 3 5424069
12 12 2 24316322
12 12 1 13990808
12 12 0 16141239
12 11 9 25312773
12 11 8 10546796
12 11 7 5926690
12 11 6 30620108
12 11 5 32298159
12 11 4 31325618
12 11 3 28846891
12 11 2 21088228
12 11 1 7061971
12 11 0 19556814
12 10 10 28353943
12 10 9 21336973
12 10 8 24890655
12 10 7 4748440
12 10 6 2852736
12 10 5 27532197
12 10 4 18952374
12 10 3 11822959
12 10 2 18953473
12 10 1 9428343
12 10 0 14785804
12 9 10 12659196
12 9 9 7563556
12 9 8 1956150
12 9 7 15755578
12 9 6 33239696
12 9 5 32764970
12 9 4 19861901
12 9 3 8969499
12 9 2 6055108
12 9 1 27269948
12 9 0 5444153
12 8 10 4182088
12 8 9 13490088
12 8 8 29604306
12 8 7 6819018
12 8 6 28757910
12 8 5 17298498
12 8 4 17375130
12 8 3 23412459
12 8 2 13885268
12 8 1 8694320
12 8 0 12968117
12 7 10 189732
12 7 9 29339938
12 7 8 21246730
12 7 7 13278318
12 7 6 6783215
12 7 5 26578997
12 7 4 12740828
12 7 3 13718703
12 7 2 19070403
12 7 1 13433430
12 7 0 2840326
12 6 10 5708934
12 6 9 18610741
12 6 8 18858617
12 6 7 13843222
12 6 6 1192599
12 6 5 3571632
12 6 4 27654584
12 6 3 10704161
12 6 2 28290202
12 6 1 14658721
12 6 0 7023932
12 5 10 9794259
12 5 9 21528515
12 5 8 32590476
12 5 7 11868725
12 5 6 23971082
12 5 5 2657603
12 5 4 14789419
12 5 3 8642704
12 5 2 6416557
12 5 1 19098013
12 5 0 3515298
12 4 10 1084357
12 4 9 2839814
12 4 8 29774833
12 4 7 3587093
12 4 6 18876860
12 4 5 27270398
12 4 4 2167657
12 4 3 32462728
12 4 2 13334302
12 4 1 15011400
12 4 0 22003333
12 3 10 5288404
12 3 9 23684581
12 3 8 2337898
12 3 7 24072518
12 3 6 28854414
12 3 5 48049
12 3 4 24657516
12 3 3 2961620
12 3 2 21673396
12 3 1 8588895
12 3 0 16574125
12 2 10 4241741
12 2 9 27566873
12 2 8 26055924
12 2 7 13174496
12 2 6 21320607
12 2 5 18618008
12 2 4 29952089
12 2 3 12474806
12 2 2 13101256
12 2 1 24024277
12 2 0 5933562
12 1 10 1322302
12 1 9 2133280
12 1 8 12090200
12 1 7 10510446
12 1 6 31558916
12 1 5 23955525
12 1 4 15877044
12 1 3 12521415
12 1 2 25484527
12 1 1 9019887
12 1 0 11124229
12 0 10 15033303
12 0 9 18908126
12 0 8 9867697
12 0 7 10310461
12 0 6 27964771
12 0 5 4174972
12 0 4 26316907
12 0 3 6300820
12 0 2 28601935
12 0 1 9567911
12 0 0 2886670
11 12 9 27098268
11 12 8 11004497
11 12 7 11814430
11 12 6 9596925
11 12 5 3722574
11 12 4 25914721
11 12 3 8473944
11 12 2 1455915
11 12 1 5721827
11 12 0 30528752
11 11 10 27098268
11 11 9 6476458
11 11 8 6597569
11 11 7 11502385
11 11 6 3344700
11 11 5 21128186
11 11 4 11548309
11 11 3 32403650
11 11 2 1888646
11 11 1 16512056
11 11 0 20147519
11 10 10 8095143
11 10 9 27984063
11 10 8 31211237
11 10 7 6824952
11 10 6 4811597
11 10 5 2551941
11 10 4 8801112
11 10 3 2549862
11 10 2 11629474
11 10 1 25327231
11 10 0 23439308
11 9 10 17863584
11 9 9 31077308
11 9 8 26021744
11 9 7 15209431
11 9 6 23768551
11 9 5 12841578
11 9 4 10340621
11 9 3 7955836
11 9 2 12158428
11 9 1 2563810
11 9 0 22339231
11 8 10 1505661
11 8 9 20952961
11 8 8 25665570
11 8 7 32679051
11 8 6 27867860
11 8 5 4323953
11 8 4 31802657
11 8 3 21015913
11 8 2 29103630
11 8 1 25667319
11 8 0 18181846
11 7 10 24832878
11 7 9 893637
11 7 8 1880555
11 7 7 10718253
11 7 6 18653752
11 7 5 11053690
11 7 4 17076482
11 7 3 27737084
11 7 2 28348114
11 7 1 18033378
11 7 0 7705462
11 6 10 1874322
11 6 9 11539654
11 6 8 20318392
11 6 7 5139034
11 6 6 18675159
11 6 5 9005444
11 6 4 8511940
11 6 3 27056817
11 6 2 28402160
11 6 1 17113093
11 6 0 24889162
11 5 10 16909636
11 5 9 22480546
11 5 8 29485949
11 5 7 23561313
11 5 6 18338338
11 5 5 10861183
11 5 4 23716852
11 5 3 22469746
11 5 2 3354024
11 5 1 22010930
11 5 0 16987908
11 4 10 26996042
11 4 9 31277364
11 4 8 8975930
11 4 7 3592671
11 4 6 18891166
11 4 5 26389916
11 4 4 11820777
11 4 3 8817945
11 4 2 9890946
11 4 1 16872696
11 4 0 24177045
11 3 10 18888019
11 3 9 1496967
11 3 8 30376773
11 3 7 24032419
11 3 6 15114301
11 3 5 6420480
11 3 4 14447203
11 3 3 18646672
11 3 2 17749979
11 3 1 6084701
11 3 0 31556461
11 2 10 15518788
11 2 9 7183830
11 2 8 4654716
11 2 7 17491417
11 2 6 7193600
11 2 5 3801700
11 2 4 16285451
11 2 3 28107375
11 2 2 22738340
11 2 1 10654519
11 2 0 27855412
11 1 10 28099937
11 1 9 21443021
11 1 8 18920214
11 1 7 10715482
11 1 6 15688973
11 1 5 24457414
11 1 4 27531418
11 1 3 274361
11 1 2 9085302
11 1 1 12080319
11 1 0 24566241
11 0 10 26922096
11 0 9 22443669
11 0 8 13171348
11 0 7 32658858
11 0 6 7768136
11 0 5 15841002
11 0 4 7314228
11 0 3 26434086
11 0 2 16474087
11 0 1 12088846
11 0 0 30748820
10 12 9 27387336
10 12 8 3519434
10 12 7 18686221
10 12 6 31389671
10 12 5 27479149
10 12 4 16762656
10 12 3 22033983
10 12 2 15059760
10 12 1 11997058
10 12 0 25241691
10 11 10 27387336
10 11 9 31791041
10 11 8 20415490
10 11 7 26571016
10 11 6 24623622
10 11 5 31830397
10 11 4 9547815
10 11 3 32672758
10 11 2 4871117
10 11 1 32507099
10 11 0 9786396
10 10 10 21766128
10 10 9 1647995
10 10 8 31669066
10 10 7 20702117
10 10 6 26448840
10 10 5 27679130
10 10 4 1451982
10 10 3 13748528
10 10 2 23498902
10 10 1 6849353
10 10 0 20725599
10 9 10 28570940
10 9 9 15914437
10 9 8 20145401
10 9 7 49921
10 9 6 2716742
10 9 5 20816366
10 9 4 32250550
10 9 3 1829654
10 9 2 28008592
10 9 1 12104465
10 9 0 13367270
10 8 10 24638745
10 8 9 23675382
10 8 8 4844785
10 8 7 24873608
10 8 6 20666908
10 8 5 21779161
10 8 4 32550070
10 8 3 30635895
10 8 2 3331549
10 8 1 18426901
10 8 0 26887869
10 7 10 24331210
10 7 9 28982588
10 7 8 12355299
10 7 7 25382269
10 7 6 29029906
10 7 5 12564020
10 7 4 14797052
10 7 3 22677686
10 7 2 15879620
10 7 1 17067669
10 7 0 4269298
10 6 10 26833378
10 6 9 30190119
10 6 8 8106723
10 6 7 21735022
10 6 6 29863080
10 6 5 7010783
10 6 4 19385787
10 6 3 1068111
10 6 2 29584856
10 6 1 31384418
10 6 0 18678102
10 5 10 3911426
10 5 9 33504805
10 5 8 11943362
10 5 7 3863318
10 5 6 17664042
10 5 5 2972283
10 5 4 29414901
10 5 3 19722101
10 5 2 13322557
10 5 1 5947392
10 5 0 15051344
10 4 10 26183313
10 4 9 24273963
10 4 8 9087949
10 4 7 8616202
10 4 6 7305457
10 4 5 21138560
10 4 4 6839629
10 4 3 32754449
10 4 2 21234165
10 4 1 14083951
10 4 0 20611439
10 3 10 1118537
10 3 9 12108772
10 3 8 29653996
10 3 7 27044890
10 3 6 27861315
10 3 5 129069
10 3 4 28326086
10 3 3 15007012
10 3 2 1383780
10 3 1 605119
10 3 0 16791678
10 2 10 18120371
10 2 9 4439889
10 2 8 5960436
10 2 7 22857931
10 2 6 18822009
10 2 5 21950524
10 2 4 33494328
10 2 3 17037388
10 2 2 18750894
10 2 1 12602212
10 2 0 29238439
10 1 10 1698214
10 1 9 26640710
10 1 8 1193567
10 1 7 9305816
10 1 6 6991516
10 1 5 12250610
10 1 4 18660141
10 1 3 1666408
10 1 2 24926270
10 1 1 6691674
10 1 0 14439336
10 0 10 1366435
10 0 9 25364693
10 0 8 5515138
10 0 7 19572768
10 0 6 1673959
10 0 5 32760492
10 0 4 15691799
10 0 3 6282796
10 0 2 28205535
10 0 1 21015624
10 0 0 7671948
9 12 9 12672536
9 12 8 2462917
9 12 7 13143811
9 12 6 644164
9 12 5 4105357
9 12 4 24589584
9 12 3 16017842
9 12 2 10517874
9 12 1 33453756
9 12 0 33478343
9 11 10 12672536
9 11 9 18598572
9 11 8 12346237
9 11 7 7515452
9 11 6 12090931
9 11 5 32814497
9 11 4 10801544
9 11 3 25245232
9 11 2 23403643
9 11 1 31237823
9 11 0 31467522
9 10 10 22672795
9 10 9 15930773
9 10 8 17847622
9 10 7 18351665
9 10 6 15983399
9 10 5 31426357
9 10 4 9683870
9 10 3 26410717
9 10 2 26034787
9 10 1 27537308
9 10 0 4234855
9 9 10 3229108
9 9 9 8238692
9 9 8 15664603
9 9 7 23947035
9 9 6 18710268
9 9 5 26678055
9 9 4 1270533
9 9 3 4922522
9 9 2 29769150
9 9 1 20236687
9 9 0 9037070
9 8 10 13881810
9 8 9 28511564
9 8 8 14075021
9 8 7 11505213
9 8 6 1664922
9 8 5 14053937
9 8 4 23295804
9 8 3 8993580
9 8 2 10395181
9 8 1 5597265
9 8 0 24987703
9 7 10 977126
9 7 9 4605708
9 7 8 26389858
9 7 7 18700823
9 7 6 29959567
9 7 5 11884991
9 7 4 26666822
9 7 3 12099406
9 7 2 4422189
9 7 1 13531075
9 7 0 29916796
9 6 10 18361216
9 6 9 22045018
9 6 8 9128560
9 6 7 16571335
9 6 6 7789002
9 6 5 12844168
9 6 4 9078349
9 6 3 489606
9 6 2 835847
9 6 1 20397636
9 6 0 11795178
9 5 10 14949775
9 5 9 4014
9 5 8 29607248
9 5 7 17251286
9 5 6 27478997
9 5 5 18141574
9 5 4 17574973
9 5 3 25692797
9 5 2 8838675
9 5 1 995117
9 5 0 24541100
9 4 10 19376283
9 4 9 21792417
9 4 8 14001632
9 4 7 6249417
9 4 6 10229076
9 4 5 31474802
9 4 4 26764403
9 4 3 13325690
9 4 2 8597835
9 4 1 740026
9 4 0 33328663
9 3 10 12277925
9 3 9 33300710
9 3 8 11318491
9 3 7 15751033
9 3 6 28129583
9 3 5 11088873
9 3 4 24890159
9 3 3 2717366
9 3 2 10433936
9 3 1 23294261
9 3 0 12537947
9 2 10 11944192
9 2 9 5851867
9 2 8 1027259
9 2 7 527337
9 2 6 6963834
9 2 5 19903560
9 2 4 7188351
9 2 3 7215973
9 2 2 5411988
9 2 1 13169970
9 2 0 921882
9 1 10 7955200
9 1 9 14411258
9 1 8 14966522
9 1 7 11995293
9 1 6 22931306
9 1 5 18780942
9 1 4 30653605
9 1 3 22873754
9 1 2 6890713
9 1 1 25109371
9 1 0 22000645
9 0 10 8537160
9 0 9 5807542
9 0 8 12019335
9 0 7 9287648
9 0 6 11742489
9 0 5 13845908
9 0 4 3314010
9 0 3 24178237
9 0 2 8509061
9 0 1 8648766
9 0 0 21933856
8 12 9 14344717
8 12 8 17861890
8 12 7 10960208
8 12 6 28259058
8 12 5 26830201
8 12 4 18762803
8 12 3 31665443
8 12 2 20160848
8 12 1 11867009
8 12 0 27011287
8 11 10 14344717
8 11 9 26954341
8 11 8 32805896
8 11 7 14578625
8 11 6 20210188
8 11 5 26991779
8 11 4 31063042
8 11 3 25910796
8 11 2 7215609
8 11 1 30836021
8 11 0 4660517
8 10 10 11151251
8 10 9 284892
8 10 8 24390516
8 10 7 24146266
8 10 6 31141763
8 10 5 20458532
8 10 4 24731882
8 10 3 28744046
8 10 2 16657724
8 10 1 14280346
8 10 0 6951805
8 9 10 754531
8 9 9 10906136
8 9 8 29083175
8 9 7 1238147
8 9 6 4471250
8 9 5 15694838
8 9 4 33213626
8 9 3 3126465
8 9 2 8168535
8 9 1 29243505
8 9 0 19368033
8 8 10 11595927
8 8 9 2725425
8 8 8 25490796
8 8 7 19518270
8 8 6 14916383
8 8 5 9217596
8 8 4 15194576
8 8 3 9348187
8 8 2 15818927
8 8 1 2220908
8 8 0 15133540
8 7 10 16812311
8 7 9 31810758
8 7 8 11840582
8 7 7 31694056
8 7 6 5184252
8 7 5 15446534
8 7 4 2426464
8 7 3 24385614
8 7 2 19494532
8 7 1 25154440
8 7 0 7021094
8 6 10 23611727
8 6 9 9773589
8 6 8 7387
8 6 7 21378600
8 6 6 29438979
8 6 5 22827880
8 6 4 29838196
8 6 3 21206502
8 6 2 4610306
8 6 1 7400325
8 6 0 21302001
8 5 10 10630818
8 5 9 29338450
8 5 8 30690417
8 5 7 27831161
8 5 6 31414173
8 5 5 15196133
8 5 4 18873752
8 5 3 26829463
8 5 2 16320947
8 5 1 13975407
8 5 0 33535046
8 4 10 29920148
8 4 9 12043747
8 4 8 16461479
8 4 7 4797641
8 4 6 26214932
8 4 5 5234962
8 4 4 13973269
8 4 3 7354745
8 4 2 1982586
8 4 1 24358128
8 4 0 17817482
8 3 10 24024382
8 3 9 11919395
8 3 8 30132420
8 3 7 26112797
8 3 6 14889592
8 3 5 23118733
8 3 4 24483507
8 3 3 7909873
8 3 2 2944123
8 3 1 3396972
8 3 0 9186922
8 2 10 12555356
8 2 9 21944889
8 2 8 20316719
8 2 7 13333686
8 2 6 7952141
8 2 5 32331133
8 2 4 12403740
8 2 3 265140
8 2 2 17976369
8 2 1 8035008
8 2 0 16423221
8 1 10 22201669
8 1 9 5340284
8 1 8 31413705
8 1 7 21661391
8 1 6 9221444
8 1 5 8501202
8 1 4 3259882
8 1 3 28233205
8 1 2 13077949
8 1 1 12371925
8 1 0 31388370
8 0 10 19521102
8 0 9 22442972
8 0 8 23135169
8 0 7 19330265
8 0 6 6585527
8 0 5 13656853
8 0 4 7742439
8 0 3 8055668
8 0 2 5969748
8 0 1 4290786
8 0 0 32446035
7 12 9 17150876
7 12 8 5263093
7 12 7 14636454
7 12 6 28101613
7 12 5 7807980
7 12 4 13696509
7 12 3 10630724
7 12 2 19483213
7 12 1 20984227
7 12 0 17928986
7 11 10 17150876
7 11 9 33461309
7 11 8 9140560
7 11 7 32429876
7 11 6 28441814
7 11 5 14965528
7 11 4 32600209
7 11 3 8753662
7 11 2 7761301
7 11 1 19292199
7 11 0 24036305
7 10 10 23212798
7 10 9 5941576
7 10 8 8045444
7 10 7 10177955
7 10 6 26720110
7 10 5 20469949
7 10 4 15194595
7 10 3 6859766
7 10 2 16210350
7 10 1 25036136
7 10 0 32394605
7 9 10 3991372
7 9 9 2677115
7 9 8 28191498
7 9 7 15386415
7 9 6 16102716
7 9 5 30465154
7 9 4 17560460
7 9 3 32129664
7 9 2 22765357
7 9 1 21773401
7 9 0 8208875
7 8 10 9704291
7 8 9 12993700
7 8 8 4795542
7 8 7 10136818
7 8 6 27949616
7 8 5 25908198
7 8 4 33328323
7 8 3 10334724
7 8 2 12580045
7 8 1 27632319
7 8 0 9625527
7 7 10 8643947
7 7 9 6620256
7 7 8 28336252
7 7 7 11811521
7 7 6 12650065
7 7 5 10596600
7 7 4 30160080
7 7 3 29553283
7 7 2 7387293
7 7 1 22000218
7 7 0 21821396
7 6 10 3039006
7 6 9 13870430
7 6 8 11784881
7 6 7 19000292
7 6 6 13970410
7 6 5 25409217
7 6 4 22003315
7 6 3 15929485
7 6 2 25951612
7 6 1 2573772
7 6 0 18324139
7 5 10 8567614
7 5 9 22394394
7 5 8 24660139
7 5 7 20140201
7 5 6 3864851
7 5 5 23197437
7 5 4 28179387
7 5 3 10772593
7 5 2 21571281
7 5 1 30513766
7 5 0 11912534
7 4 10 21987059
7 4 9 21975157
7 4 8 17393124
7 4 7 5546773
7 4 6 23469024
7 4 5 9113724
7 4 4 19980533
7 4 3 26139905
7 4 2 16423169
7 4 1 14871647
7 4 0 15817756
7 3 10 9970683
7 3 9 26634050
7 3 8 23515937
7 3 7 1513327
7 3 6 32813671
7 3 5 3736588
7 3 4 23695193
7 3 3 22270970
7 3 2 11562092
7 3 1 15899179
7 3 0 24074693
7 2 10 31560186
7 2 9 6254087
7 2 8 5616370
7 2 7 21941737
7 2 6 1709455
7 2 5 32553330
7 2 4 4956670
7 2 3 23696149
7 2 2 12277929
7 2 1 30892648
7 2 0 24071921
7 1 10 1622156
7 1 9 20247186
7 1 8 20168225
7 1 7 17453854
7 1 6 20584595
7 1 5 17050090
7 1 4 30830237
7 1 3 14164350
7 1 2 15189868
7 1 1 413776
7 1 0 2320624
7 0 10 1928308
7 0 9 7568576
7 0 8 8971306
7 0 7 18579259
7 0 6 12487605
7 0 5 14672363
7 0 4 11963157
7 0 3 29365404
7 0 2 30424245
7 0 1 8882084
7 0 0 28988494
6 12 9 21388935
6 12 8 19521592
6 12 7 26120024
6 12 6 23675043
6 12 5 5974551
6 12 4 31231023
6 12 3 7105994
6 12 2 21233497
6 12 1 29051707
6 12 0 7693870
6 11 10 21388935
6 11 9 28804355
6 11 8 20897951
6 11 7 12163328
6 11 6 21944338
6 11 5 18430711
6 11 4 11912263
6 11 3 20572202
6 11 2 28093496
6 11 1 397540
6 11 0 7645215
6 10 10 9017985
6 10 9 6721921
6 10 8 23743769
6 10 7 2873355
6 10 6 33242007
6 10 5 19208792
6 10 4 26946943
6 10 3 6487089
6 10 2 26165691
6 10 1 13188696
6 10 0 30039638
6 9 10 14798953
6 9 9 28496641
6 9 8 23855757
6 9 7 28648074
6 9 6 12060379
6 9 5 29075948
6 9 4 18151310
6 9 3 2435804
6 9 2 19702523
6 9 1 22237164
6 9 0 30842898
6 8 10 23003744
6 8 9 25673049
6 8 8 30015422
6 8 7 1150922
6 8 6 10526533
6 8 5 15426203
6 8 4 21217411
6 8 3 6071727
6 8 2 7526803
6 8 1 21736346
6 8 0 10456925
6 7 10 7459249
6 7 9 8047120
6 7 8 30019615
6 7 7 5282745
6 7 6 23993177
6 7 5 15588704
6 7 4 24251538
6 7 3 17365267
6 7 2 4522630
6 7 1 28851059
6 7 0 28111390
6 6 10 8023354
6 6 9 19903318
6 6 8 20747852
6 6 7 8516811
6 6 6 22736073
6 6 5 12891906
6 6 4 6068317
6 6 3 5702618
6 6 2 31479719
6 6 1 22611482
6 6 0 10423037
6 5 10 1386710
6 5 9 26120538
6 5 8 26679230
6 5 7 9653496
6 5 6 16680638
6 5 5 19033746
6 5 4 22383695
6 5 3 15930239
6 5 2 2124108
6 5 1 1614680
6 5 0 9595264
6 4 10 7268961
6 4 9 1264930
6 4 8 7410345
6 4 7 5247098
6 4 6 6595948
6 4 5 18812175
6 4 4 8903900
6 4 3 2324963
6 4 2 30267403
6 4 1 12436452
6 4 0 9595042
6 3 10 2305579
6 3 9 32184956
6 3 8 13441603
6 3 7 15680386
6 3 6 11346844
6 3 5 27563261
6 3 4 2604750
6 3 3 21560070
6 3 2 8481141
6 3 1 4963543
6 3 0 7692281
6 2 10 31326588
6 2 9 1593591
6 2 8 18439373
6 2 7 8371698
6 2 6 16465826
6 2 5 25498337
6 2 4 3224961
6 2 3 8336924
6 2 2 21799554
6 2 1 1790716
6 2 0 12188729
6 1 10 8415682
6 1 9 2959911
6 1 8 32469849
6 1 7 16083499
6 1 6 16677244
6 1 5 21396017
6 1 4 23361105
6 1 3 24482510
6 1 2 28495003
6 1 1 10300015
6 1 0 10463129
6 0 10 32024264
6 0 9 2108269
6 0 8 7676747
6 0 7 1788760
6 0 6 19861341
6 0 5 2704265
6 0 4 2730805
6 0 3 22009003
6 0 2 643213
6 0 1 29020268
6 0 0 23081569
5 12 9 12430236
5 12 8 8902168
5 12 7 1727561
5 12 6 8443343
5 12 5 33037718
5 12 4 23120328
5 12 3 28880282
5 12 2 14809508
5 12 1 28011367
5 12 0 26952782
5 11 10 12430236
5 11 9 4643307
5 11 8 17709286
5 11 7 22455077
5 11 6 18879926
5 11 5 1538717
5 11 4 5528474
5 11 3 31251294
5 11 2 14730087
5 11 1 10411283
5 11 0 24431489
5 10 10 16550816
5 10 9 15241319
5 10 8 1987895
5 10 7 32754270
5 10 6 6578156
5 10 5 18354351
5 10 4 4891579
5 10 3 32241226
5 10 2 1415513
5 10 1 15501992
5 10 0 17370310
5 9 10 25434955
5 9 9 11287960
5 9 8 3865981
5 9 7 25418100
5 9 6 1597394
5 9 5 7910205
5 9 4 18680134
5 9 3 1469955
5 9 2 24095702
5 9 1 20886394
5 9 0 28469966
5 8 10 18939480
5 8 9 32498583
5 8 8 12667323
5 8 7 2580040
5 8 6 22120373
5 8 5 18555329
5 8 4 21404998
5 8 3 1873440
5 8 2 5224499
5 8 1 6390756
5 8 0 31517515
5 7 10 4969947
5 7 9 4623488
5 7 8 8883782
5 7 7 32212883
5 7 6 22333116
5 7 5 30382559
5 7 4 23683829
5 7 3 30049850
5 7 2 22777320
5 7 1 212879
5 7 0 33425049
5 6 10 15417265
5 6 9 19177513
5 6 8 10183635
5 6 7 16363914
5 6 6 714064
5 6 5 195387
5 6 4 19694667
5 6 3 23848031
5 6 2 13452316
5 6 1 1489678
5 6 0 32437398
5 5 10 31643945
5 5 9 24894547
5 5 8 30489557
5 5 7 12864300
5 5 6 33083998
5 5 5 22824876
5 5 4 14474422
5 5 3 23337007
5 5 2 29384095
5 5 1 25599357
5 5 0 8316364
5 4 10 12297206
5 4 9 18644519
5 4 8 12569724
5 4 7 26103837
5 4 6 19108697
5 4 5 4908729
5 4 4 11610346
5 4 3 11715764
5 4 2 15149577
5 4 1 13598517
5 4 0 2337980
5 3 10 10135670
5 3 9 9076628
5 3 8 10015633
5 3 7 28883558
5 3 6 25421257
5 3 5 31921004
5 3 4 30002959
5 3 3 12014671
5 3 2 31664073
5 3 1 9136108
5 3 0 18805024
5 2 10 17381069
5 2 9 28245214
5 2 8 15190069
5 2 7 28831976
5 2 6 4876428
5 2 5 17478407
5 2 4 11393272
5 2 3 563997
5 2 2 22672159
5 2 1 16874663
5 2 0 6827031
5 1 10 7623891
5 1 9 32672360
5 1 8 25962364
5 1 7 20694566
5 1 6 10661473
5 1 5 7711928
5 1 4 26366275
5 1 3 6103989
5 1 2 29070935
5 1 1 22642083
5 1 0 17774941
5 0 10 26361296
5 0 9 1364498
5 0 8 18599409
5 0 7 30800724
5 0 6 1471796
5 0 5 26176090
5 0 4 27538299
5 0 3 18027424
5 0 2 11359240
5 0 1 16224075
5 0 0 20691795
4 12 9 314480
4 12 8 9807216
4 12 7 31794735
4 12 6 12914689
4 12 5 19287274
4 12 4 14354126
4 12 3 8648718
4 12 2 20590289
4 12 1 15408222
4 12 0 9042731
4 11 10 314480
4 11 9 7073894
4 11 8 9349587
4 11 7 17830955
4 11 6 25720248
4 11 5 33487577
4 11 4 28213728
4 11 3 1672757
4 11 2 28533186
4 11 1 11634392
4 11 0 30744150
4 10 10 9537600
4 10 9 33320942
4 10 8 20158874
4 10 7 9476782
4 10 6 5171490
4 10 5 10428089
4 10 4 20904368
4 10 3 10172758
4 10 2 28087738
4 10 1 5482670
4 10 0 10906543
4 9 10 29587935
4 9 9 11385717
4 9 8 30612344
4 9 7 3031333
4 9 6 27549737
4 9 5 18890775
4 9 4 12570127
4 9 3 4694134
4 9 2 3587212
4 9 1 2699757
4 9 0 2707784
4 8 10 4825187
4 8 9 1606385
4 8 8 29709829
4 8 7 8786825
4 8 6 30189595
4 8 5 3401918
4 8 4 19369733
4 8 3 21625191
4 8 2 3435899
4 8 1 25620648
4 8 0 15133702
4 7 10 15740401
4 7 9 16357134
4 7 8 28079994
4 7 7 10621299
4 7 6 33434610
4 7 5 6548419
4 7 4 13567725
4 7 3 24680387
4 7 2 19543510
4 7 1 8231014
4 7 0 32753952
4 6 10 30688782
4 6 9 20044963
4 6 8 27023719
4 6 7 4214369
4 6 6 16083946
4 6 5 23716490
4 6 4 2504897
4 6 3 21069005
4 6 2 13310423
4 6 1 7723506
4 6 0 13180657
4 5 10 31312042
4 5 9 914772
4 5 8 4415060
4 5 7 7497659
4 5 6 29707433
4 5 5 9259964
4 5 4 2066747
4 5 3 31649676
4 5 2 4524004
4 5 1 17177591
4 5 0 6361203
4 4 10 22882815
4 4 9 29959721
4 4 8 23344290
4 4 7 30544050
4 4 6 17204292
4 4 5 29508761
4 4 4 21604326
4 4 3 3225872
4 4 2 895573
4 4 1 21415282
4 4 0 31582018
4 3 10 463952
4 3 9 17072885
4 3 8 1891588
4 3 7 3435619
4 3 6 17677431
4 3 5 24296063
4 3 4 27221331
4 3 3 228734
4 3 2 25881716
4 3 1 16461686
4 3 0 23508449
4 2 10 3710510
4 2 9 33431876
4 2 8 23977236
4 2 7 24446082
4 2 6 29461726
4 2 5 176553
4 2 4 31288798
4 2 3 1047591
4 2 2 25083087
4 2 1 6689534
4 2 0 9622527
4 1 10 27407591
4 1 9 31445665
4 1 8 12886277
4 1 7 11323056
4 1 6 27940822
4 1 5 4271443
4 1 4 19073315
4 1 3 28523362
4 1 2 19264382
4 1 1 9462163
4 1 0 32119459
4 0 10 29614441
4 0 9 3593621
4 0 8 13044262
4 0 7 33406787
4 0 6 26166497
4 0 5 6586939
4 0 4 5390415
4 0 3 14738049
4 0 2 8053419
4 0 1 9730450
4 0 0 11086010
3 12 9 20968991
3 12 8 15064682
3 12 7 6090138
3 12 6 11710446
3 12 5 22789057
3 12 4 5735916
3 12 3 1168378
3 12 2 33198175
3 12 1 30780915
3 12 0 30721502
3 11 10 20968991
3 11 9 33203087
3 11 8 21311225
3 11 7 13559228
3 11 6 32970522
3 11 5 32835672
3 11 4 13516572
3 11 3 27230548
3 11 2 16904136
3 11 1 16164842
3 11 0 27264097
3 10 10 7958060
3 10 9 27094449
3 10 8 29786804
3 10 7 28582759
3 10 6 19716287
3 10 5 16177445
3 10 4 17812296
3 10 3 15276842
3 10 2 17354427
3 10 1 31527995
3 10 0 29892892
3 9 10 1391043
3 9 9 32513988
3 9 8 5717640
3 9 7 8775729
3 9 6 6645471
3 9 5 6260357
3 9 4 24142588
3 9 3 29519775
3 9 2 6818120
3 9 1 1743873
3 9 0 6467316
3 8 10 18988435
3 8 9 22495851
3 8 8 19883330
3 8 7 14419549
3 8 6 7651732
3 8 5 3543414
3 8 4 15054352
3 8 3 10396964
3 8 2 3590647
3 8 1 13744671
3 8 0 22098652
3 7 10 7789103
3 7 9 25974059
3 7 8 16545499
3 7 7 19360832
3 7 6 29501159
3 7 5 24330608
3 7 4 9098772
3 7 3 6894802
3 7 2 27070604
3 7 1 22289150
3 7 0 32064151
3 6 10 32583321
3 6 9 21435559
3 6 8 32646277
3 6 7 16112811
3 6 6 32699633
3 6 5 16372327
3 6 4 3666796
3 6 3 13834298
3 6 2 12723436
3 6 1 14425146
3 6 0 24552306
3 5 10 27121700
3 5 9 32780697
3 5 8 31658219
3 5 7 18000706
3 5 6 33156746
3 5 5 16765697
3 5 4 3806825
3 5 3 31926454
3 5 2 3865733
3 5 1 28811422
3 5 0 14118245
3 4 10 4697162
3 4 9 20990215
3 4 8 23793442
3 4 7 24227482
3 4 6 6195721
3 4 5 29139438
3 4 4 28334718
3 4 3 28523517
3 4 2 32468657
3 4 1 8713841
3 4 0 22543709
3 3 10 4227494
3 3 9 33237532
3 3 8 6495388
3 3 7 1787272
3 3 6 5255148
3 3 5 23160947
3 3 4 19048552
3 3 3 27208292
3 3 2 14797120
3 3 1 16991093
3 3 0 7319285
3 2 10 6470579
3 2 9 4125589
3 2 8 8557928
3 2 7 24908606
3 2 6 33211045
3 2 5 7381252
3 2 4 2910053
3 2 3 31822183
3 2 2 32511870
3 2 1 33091705
3 2 0 24369993
3 1 10 10227248
3 1 9 13348494
3 1 8 130135
3 1 7 19205264
3 1 6 2115448
3 1 5 13278384
3 1 4 26454606
3 1 3 11787032
3 1 2 12458918
3 1 1 15822473
3 1 0 32279351
3 0 10 30971112
3 0 9 27857957
3 0 8 24730301
3 0 7 28661052
3 0 6 27030379
3 0 5 6749754
3 0 4 12204428
3 0 3 33166835
3 0 2 29289386
3 0 1 16892383
3 0 0 1835307
2 12 9 22765747
2 12 8 9511002
2 12 7 29894786
2 12 6 33199267
2 12 5 8628810
2 12 4 31263197
2 12 3 27050320
2 12 2 29591563
2 12 1 30239903
2 12 0 12821874
2 11 10 22765747
2 11 9 25822299
2 11 8 22395070
2 11 7 32494069
2 11 6 29749711
2 11 5 7762114
2 11 4 31561392
2 11 3 11456966
2 11 2 20135305
2 11 1 14466798
2 11 0 7776673
2 10 10 27099943
2 10 9 24018997
2 10 8 27945910
2 10 7 11646344
2 10 6 5229996
2 10 5 192451
2 10 4 33333838
2 10 3 25139847
2 10 2 18606186
2 10 1 22407374
2 10 0 26358166
2 9 10 13929772
2 9 9 13952460
2 9 8 8185739
2 9 7 442476
2 9 6 4098759
2 9 5 10707876
2 9 4 3592294
2 9 3 29400813
2 9 2 13733868
2 9 1 29835018
2 9 0 1303764
2 8 10 154518
2 8 9 27024455
2 8 8 28853315
2 8 7 15747338
2 8 6 18156759
2 8 5 4523745
2 8 4 8994280
2 8 3 16276589
2 8 2 28580506
2 8 1 7405280
2 8 0 6732244
2 7 10 21071293
2 7 9 22439645
2 7 8 25772269
2 7 7 17233781
2 7 6 11417675
2 7 5 12352575
2 7 4 25933636
2 7 3 22755140
2 7 2 28167761
2 7 1 18269109
2 7 0 16785467
2 6 10 4646279
2 6 9 22803155
2 6 8 31069062
2 6 7 28502161
2 6 6 29141487
2 6 5 17505530
2 6 4 7054511
2 6 3 16572167
2 6 2 25223953
2 6 1 6689684
2 6 0 10608113
2 5 10 8273544
2 5 9 32697622
2 5 8 19762694
2 5 7 15904511
2 5 6 20999728
2 5 5 28829850
2 5 4 11052398
2 5 3 22712028
2 5 2 32011391
2 5 1 9086681
2 5 0 3645622
2 4 10 20947550
2 4 9 22682102
2 4 8 2560557
2 4 7 23051407
2 4 6 19552112
2 4 5 33414589
2 4 4 93100
2 4 3 14964099
2 4 2 4031065
2 4 1 5015612
2 4 0 9723560
2 3 10 5983591
2 3 9 15869438
2 3 8 20732178
2 3 7 28358836
2 3 6 4875977
2 3 5 13134610
2 3 4 7518457
2 3 3 17848892
2 3 2 9158423
2 3 1 29878633
2 3 0 7425294
2 2 10 23570032
2 2 9 14833904
2 2 8 16427733
2 2 7 18834475
2 2 6 22314676
2 2 5 13462620
2 2 4 1096521
2 2 3 15230464
2 2 2 32857006
2 2 1 15724815
2 2 0 22185840
2 1 10 23113477
2 1 9 31355183
2 1 8 31454086
2 1 7 2780659
2 1 6 14847093
2 1 5 32958276
2 1 4 21630593
2 1 3 28021860
2 1 2 22777634
2 1 1 10867789
2 1 0 2681404
2 0 10 25126739
2 0 9 10178785
2 0 8 26991342
2 0 7 3582916
2 0 6 19710874
2 0 5 21364787
2 0 4 21027330
2 0 3 9583663
2 0 2 28534322
2 0 1 27868883
2 0 0 18297213
1 12 8 8579656
1 12 7 25428014
1 12 6 33532676
1 12 5 7303546
1 12 4 5366569
1 12 3 4898767
1 12 2 7946283
1 12 1 8680568
1 12 0 24440104
1 11 9 17159312
1 11 8 16662848
1 11 7 4730107
1 11 6 27810490
1 11 5 973120
1 11 4 9521715
1 11 3 20234087
1 11 2 29598986
1 11 1 6750015
1 11 0 4123
1 10 10 8579656
1 10 9 31965865
1 10 8 4666822
1 10 7 11663351
1 10 6 6893620
1 10 5 19100252
1 10 4 30148595
1 10 3 5251623
1 10 2 20952305
1 10 1 7497194
1 10 0 21842694
1 9 10 7176638
1 9 9 15491959
1 9 8 22050683
1 9 7 18561398
1 9 6 29531367
1 9 5 22192201
1 9 4 3674353
1 9 3 29114935
1 9 2 30921894
1 9 1 27801476
1 9 0 1338579
1 8 10 32736273
1 8 9 29239476
1 8 8 6987730
1 8 7 29861335
1 8 6 887260
1 8 5 24401481
1 8 4 32162740
1 8 3 16095707
1 8 2 32192659
1 8 1 2141300
1 8 0 32750520
1 7 10 28951234
1 7 9 8187237
1 7 8 23039424
1 7 7 6092547
1 7 6 7424194
1 7 5 10666804
1 7 4 18315969
1 7 3 27847161
1 7 2 13507842
1 7 1 8293123
1 7 0 32014198
1 6 10 15597592
1 6 9 4017810
1 6 8 33113093
1 6 7 28998493
1 6 6 29914762
1 6 5 10366064
1 6 4 1367124
1 6 3 10724233
1 6 2 22240092
1 6 1 20457588
1 6 0 30175634
1 5 10 17372217
1 5 9 18745227
1 5 8 26848634
1 5 7 15109072
1 5 6 2868164
1 5 5 29165015
1 5 4 8412318
1 5 3 32894874
1 5 2 25803193
1 5 1 15191868
1 5 0 23819697
1 4 10 24563250
1 4 9 31142942
1 4 8 27778236
1 4 7 12474956
1 4 6 3300536
1 4 5 23481832
1 4 4 28209293
1 4 3 6586674
1 4 2 9093336
1 4 1 19632361
1 4 0 18067018
1 3 10 22197343
1 3 9 32026076
1 3 8 15774627
1 3 7 33235216
1 3 6 19121016
1 3 5 18486235
1 3 4 27484828
1 3 3 8717026
1 3 2 7538975
1 3 1 2957728
1 3 0 25191768
1 2 10 21287037
1 2 9 6728373
1 2 8 6691647
1 2 7 7676655
1 2 6 13522509
1 2 5 29140708
1 2 4 25656658
1 2 3 22573885
1 2 2 18247983
1 2 1 7755810
1 2 0 19811578
1 1 10 6441185
1 1 9 10538171
1 1 8 1995969
1 1 7 27696149
1 1 6 24760484
1 1 5 20799008
1 1 4 5499329
1 1 3 27855195
1 1 2 1536342
1 1 1 18711746
1 1 0 31812567
1 0 10 12929202
1 0 9 32607909
1 0 8 18555001
1 0 7 22876078
1 0 6 23464352
1 0 5 22042893
1 0 4 17106319
1 0 3 13423603
1 0 2 31788967
1 0 1 13541135
1 0 0 647777
0 11 7 32781658
0 11 6 28327691
0 11 5 14201695
0 11 4 23479854
0 11 3 3191637
0 11 2 27133629
0 11 1 8294956
0 11 0 13083165
0 10 8 31236188
0 10 7 8783910
0 10 6 5647923
0 10 5 24319897
0 10 4 27697068
0 10 3 6230382
0 10 2 30745476
0 10 1 3448528
0 10 0 14564848
0 9 9 31236188
0 9 8 27248489
0 9 7 9180405
0 9 6 28987930
0 9 5 31708650
0 9 4 18176012
0 9 3 12089861
0 9 2 27774223
0 9 1 28606957
0 9 0 10635407
0 8 10 32781658
0 8 9 7238440
0 8 8 12271345
0 8 7 16359778
0 8 6 24909364
0 8 5 7328835
0 8 4 4070043
0 8 3 16418864
0 8 2 28746256
0 8 1 16976202
0 8 0 28652239
0 7 10 27554956
0 7 9 11829803
0 7 8 31965930
0 7 7 12839981
0 7 6 30543786
0 7 5 5871187
0 7 4 26089453
0 7 3 4339327
0 7 2 6642976
0 7 1 18093992
0 7 0 30840368
0 6 10 17292635
0 6 9 7366228
0 6 8 16273444
0 6 7 1386307
0 6 6 10030902
0 6 5 21655347
0 6 4 2028121
0 6 3 29880650
0 6 2 22505898
0 6 1 32576852
0 6 0 24734384
0 5 10 32266445
0 5 9 20512977
0 5 8 8175906
0 5 7 1698278
0 5 6 22820793
0 5 5 11997330
0 5 4 445374
0 5 3 3063075
0 5 2 7816122
0 5 1 2312605
0 5 0 1614018
0 4 10 918839
0 4 9 2990271
0 4 8 12038293
0 4 7 15083270
0 4 6 20618055
0 4 5 17239286
0 4 4 9829826
0 4 3 687245
0 4 2 1456769
0 4 1 1266530
0 4 0 25959213
0 3 10 6589059
0 3 9 5484107
0 3 8 12711650
0 3 7 9791104
0 3 6 11338625
0 3 5 30028271
0 3 4 19265332
0 3 3 6351475
0 3 2 22394383
0 3 1 25152653
0 3 0 4508561
0 2 10 15398054
0 2 9 18059266
0 2 8 8817191
0 2 7 30622931
0 2 6 9000469
0 2 5 29440100
0 2 4 3055107
0 2 3 21637504
0 2 2 32299473
0 2 1 32556065
0 2 0 30191179
0 1 10 26496444
0 1 9 2776915
0 1 8 25948467
0 1 7 12528407
0 1 6 18860687
0 1 5 27495988
0 1 4 4607266
0 1 3 8974417
0 1 2 8129308
0 1 1 7765773
0 1 0 9053721
0 0 10 26515718
0 0 9 2631392
0 0 8 25413981
0 0 7 6583637
0 0 6 3564013
0 0 5 21319656
0 0 4 11828733
0 0 3 30263933
0 0 2 17691162
0 0 1 3402759
0 0 0 12742163
# alpha den 2175
21 4 0 2
21 3 1 4
21 3 0 10
21 2 2 2
21 2 1 14
21 2 0 18
21 1 2 4
21 1 1 16
21 1 0 14
21 0 2 2
21 0 1 6
21 0 0 4
20 5 0 33554387
20 4 1 33554373
20 4 0 52
20 3 2 33554371
20 3 1 82
20 3 0 356
20 2 3 33554385
20 2 2 14
20 2 1 454
20 2 0 696
20 1 3 33554377
20 1 2 94
20 1 1 582
20 1 0 562
20 0 3 33554385
20 0 2 58
20 0 1 230
20 0 0 164
19 5 1 24
19 5 0 33554159
19 4 2 56
19 4 1 33553731
19 4 0 418
19 3 3 40
19 3 2 33553739
19 3 1 184
19 3 0 5834
19 2 4 8
19 2 3 33554183
19 2 2 33553579
19 2 1 6586
19 2 0 12654
19 1 4 16
19 1 3 33553853
19 1 2 558
19 1 1 9852
19 1 0 10648
19 0 4 8
19 0 3 33554103
19 0 2 662
19 0 1 4136
19 0 0 3176
18 7 0 16
18 6 1 32
18 6 0 80
18 5 2 33554385
18 5 1 1006
18 5 0 33550237
18 4 3 33554353
18 4 2 2006
18 4 1 33544583
18 4 0 33552321
18 3 4 33554385
18 3 3 1378
18 3 2 33546065
18 3 1 33541979
18 3 0 57912
18 2 5 8
18 2 4 314
18 2 3 33552395
18 2 2 33534191
18 2 1 54798
18 2 0 143744
18 1 5 16
18 1 4 652
18 1 3 33546103
18 1 2 33547037
18 1 1 102760
18 1 0 126612
18 0 5 8
18 0 4 330
18 0 3 33549519
18 0 2 2504
18 0 1 46332
18 0 0 38632
17 8 0 33554381
17 7 1 33554305
17 7 0 500
17 6 2 33554253
17 6 1 716
17 6 0 2686
17 5 3 33554305
17 5 2 33553611
17 5 1 18888
17 5 0 33509823
17 4 4 33554325
17 4 3 33552667
17 4 2 33040
17 4 1 33470311
17 4 0 33476289
17 3 5 33554329
17 3 4 33553779
17 3 3 21584
17 3 2 33499859
17 3 1 33344841
17 3 0 383284
17 2 6 33554373
17 2 5 74
17 2 4 5218
17 2 3 33552095
17 2 2 33318391
17 2 1 266580
17 2 0 1143322
17 1 6 33554353
17 1 5 340
17 1 4 12006
17 1 3 33478581
17 1 2 33381221
17 1 1 735960
17 1 0 1059746
17 0 6 33554373
17 0 5 202
17 0 4 6242
17 0 3 33504101
17 0 2 33529007
17 0 1 361994
17 0 0 331068
16 9 0 33554381
16 8 1 24
16 8 0 33553937
16 7 2 148
16 7 1 33551629
16 7 0 7110
16 6 3 176
16 6 2 33550373
16 6 1 5344
16 6 0 42144
16 5 4 124
16 5 3 33552071
16 5 2 33534135
16 5 1 213262
16 5 0 33233207
16 4 5 128
16 4 4 33552695
16 4 3 33521503
16 4 2 331666
16 4 1 33118407
16 4 0 32677901
16 3 6 76
16 3 5 33552815
16 3 4 33539817
16 3 3 202502
16 3 2 33434481
16 3 1 31701261
16 3 0 1728402
16 2 7 8
16 2 6 33553919
16 2 5 33552919
16 2 4 48742
16 2 3 138410
16 2 2 31801617
16 2 1 503272
16 2 0 6761784
16 1 7 16
16 1 6 33553217
16 1 5 2298
16 1 4 133800
16 1 3 33104813
16 1 2 31811375
16 1 1 3807290
16 1 0 6637878
16 0 7 8
16 0 6 33553767
16 0 5 2066
16 0 4 72304
16 0 3 33199297
16 0 2 33096483
16 0 1 2092002
16 0 0 2125212
15 10 0 16
15 9 1 80
15 9 0 33554101
15 8 2 64
15 8 1 1108
15 8 0 33546567
15 7 3 16
15 7 2 4820
15 7 1 33514517
15 7 0 60408
15 6 4 80
15 6 3 5708
15 6 2 33502079
15 6 1 33546109
15 6 0 410358
15 5 5 40
15 5 4 4246
15 5 3 33528381
15 5 2 33280143
15 5 1 1630292
15 5 0 31928021
15 4 6 33554353
15 4 5 3926
15 4 4 33537175
15 4 3 33180491
15 4 2 2263498
15 4 1 32438749
15 4 0 27400311
15 3 7 33554385
15 3 6 2218
15 3 5 33538089
15 3 4 33369755
15 3 3 1254576
15 3 2 1110532
15 3 1 22595181
15 3 0 4943852
15 2 8 8
15 2 7 266
15 2 6 33549883
15 2 5 33518903
15 2 4 275670
15 2 3 1692876
15 2 2 24456415
15 2 1 30547649
15 2 0 30813422
15 1 8 16
15 1 7 556
15 1 6 33538559
15 1 5 33547829
15 1 4 1015632
15 1 3 31845005
15 1 2 22104971
15 1 1 14487684
15 1 0 32290292
15 0 8 8
15 0 7 282
15 0 6 33545327
15 0 5 8736
15 0 4 576708
15 0 3 31748903
15 0 2 29832803
15 0 1 9248532
15 0 0 10606000
14 10 1 33554329
14 10 0 464
14 9 2 33554217
14 9 1 2012
14 9 0 33551343
14 8 3 33554185
14 8 2 1132
14 8 1 20800
14 8 0 33473185
14 7 4 33554089
14 7 3 33553901
14 7 2 71878
14 7 1 33204677
14 7 0 336126
14 6 5 33554025
14 6 4 740
14 6 3 84148
14 6 2 33150033
14 6 1 33067089
14 6 0 2776800
14 5 6 33554209
14 5 5 33554163
14 5 4 64108
14 5 3 33405291
14 5 2 31184105
14 5 1 8967988
14 5 0 27763163
14 4 7 33554337
14 4 6 33552715
14 4 5 54194
14 4 4 33478155
14 4 3 30687979
14 4 2 11061648
14 4 1 1978692
14 4 0 2518561
14 3 8 33554353
14 3 7 33553887
14 3 6 29272
14 3 5 33472063
14 3 4 32058209
14 3 3 5264708
14 3 2 13166446
14 3 1 20249938
14 3 0 4915546
14 2 9 33554385
14 2 8 110
14 2 7 3638
14 2 6 33536655
14 2 5 33205283
14 2 4 858792
14 2 3 11371324
14 2 2 32891246
14 2 1 1854765
14 2 0 9935941
14 1 9 33554377
14 1 8 340
14 1 7 8570
14 1 6 33425309
14 1 5 33318881
14 1 4 5587212
14 1 3 30289439
14 1 2 12353734
14 1 1 6369563
14 1 0 24291589
14 0 9 33554385
14 0 8 190
14 0 7 4482
14 0 6 33473813
14 0 5 33531605
14 0 4 3371538
14 0 3 26815703
14 0 2 13226321
14 0 1 31872896
14 0 0 8598423
13 12 0 33554387
13 11 1 33554381
13 11 0 33554363
13 10 2 58
13 10 1 33552607
13 10 0 6184
13 9 3 80
13 9 2 33549857
13 9 1 22764
13 9 0 33537631
13 8 4 88
13 8 3 33548957
13 8 2 5572
13 8 1 224274
13 8 0 32981061
13 7 5 256
13 7 4 33546813
13 7 3 33535033
13 7 2 652028
13 7 1 31477721
13 7 0 1239018
13 6 6 248
13 6 5 33545789
13 6 4 33544913
13 6 3 749860
13 6 2 31526679
13 6 1 28837255
13 6 0 13855404
13 5 7 88
13 5 6 33550247
13 5 5 33534957
13 5 4 572902
13 5 3 33256501
13 5 2 19201273
13 5 1 3129699
13 5 0 20105447
13 4 8 50
13 4 7 33553247
13 4 6 33526003
13 4 5 446538
13 4 4 84864
13 4 3 17748165
13 4 2 5958775
13 4 1 452873
13 4 0 15302072
13 3 9 28
13 3 8 33553565
13 3 7 33544617
13 3 6 230814
13 3 5 33468549
13 3 4 25100079
13 3 3 14137512
13 3 2 8578222
13 3 1 18447589
13 3 0 1697039
13 2 10 2
13 2 9 33554249
13 2 8 212
13 2 7 27162
13 2 6 37460
13 2 5 31459235
13 2 4 127766
13 2 3 18887639
13 2 2 7533261
13 2 1 9888271
13 2 0 14800589
13 1 10 4
13 1 9 33554021
13 1 8 3108
13 1 7 78628
13 1 6 32845529
13 1 5 31451525
13 1 4 23090304
13 1 3 5326548
13 1 2 1179270
13 1 1 5511022
13 1 0 21722319
13 0 10 2
13 0 9 33554193
13 0 8 2018
13 0 7 42924
13 0 6 33062879
13 0 5 33003725
13 0 4 14998074
13 0 3 15321053
13 0 2 18136305
13 0 1 19187896
13 0 0 1356120
12 13 0 2
12 12 1 28
12 12 0 33554253
12 11 2 50
12 11 1 33554227
12 11 0 33553655
12 10 3 88
12 10 2 1702
12 10 1 33531619
12 10 0 50200
12 9 4 248
12 9 3 2636
12 9 2 33501129
12 9 1 151530
12 9 0 33515491
12 8 5 256
12 8 4 3484
12 8 3 33490525
12 8 2 33521867
12 8 1 1595778
12 8 0 30623617
12 7 6 88
12 7 5 7196
12 7 4 33469797
12 7 3 33291165
12 7 2 4027042
12 7 1 24773435
12 7 0 2705270
12 6 7 80
12 6 6 6524
12 6 5 33464365
12 6 4 33330541
12 6 3 4521256
12 6 2 26941567
12 6 1 6279343
12 6 0 19224239
12 5 8 58
12 5 7 2602
12 5 6 33513625
12 5 5 33277323
12 5 4 3404894
12 5 3 2038452
12 5 2 3015658
12 5 1 12545127
12 5 0 21254179
12 4 9 33554381
12 4 8 1286
12 4 7 33545163
12 4 6 33281579
12 4 5 2446438
12 4 4 3266004
12 4 3 2027354
12 4 2 1571759
12 4 1 12072805
12 4 0 12851011
12 3 10 33554387
12 3 9 624
12 3 8 33547045
12 3 7 33455075
12 3 6 1207170
12 3 5 1669782
12 3 4 32205462
12 3 3 15792688
12 3 2 28260722
12 3 1 13678313
12 3 0 25093815
12 2 10 36
12 2 9 33553389
12 2 8 33548603
12 2 7 117510
12 2 6 858502
12 2 5 25047507
12 2 4 20135137
12 2 3 10464703
12 2 2 28557496
12 2 1 29745143
12 2 0 23980923
12 1 10 90
12 1 9 33550465
12 1 8 15318
12 1 7 483524
12 1 6 30800999
12 1 5 22113885
12 1 4 6076920
12 1 3 33459235
12 1 2 30128532
12 1 1 13677393
12 1 0 25188809
12 0 10 48
12 0 9 33552105
12 0 8 12532
12 0 7 278448
12 0 6 31375277
12 0 5 29664013
12 0 4 18422155
12 0 3 525857
12 0 2 8338742
12 0 1 15155309
12 0 0 21026978
11 13 1 33554385
11 13 0 46
11 12 2 33554353
11 12 1 610
11 12 0 33552913
11 11 3 33554337
11 11 2 986
11 11 1 33554037
11 11 0 33546119
11 10 4 33554209
11 10 3 1702
11 10 2 22272
11 10 1 33378635
11 10 0 277304
11 9 5 33554025
11 9 4 4508
11 9 3 36684
11 9 2 33177811
11 9 1 646024
11 9 0 114682
11 8 6 33554089
11 8 5 4204
11 8 4 52008
11 8 3 33108387
11 8 2 32932163
11 8 1 8050342
11 8 0 22304637
11 7 7 33554185
11 7 6 804
11 7 5 89112
11 7 4 32998221
11 7 3 31490949
11 7 2 17940842
11 7 1 6612285
11 7 0 792346
11 6 8 33554217
11 6 7 740
11 6 6 76376
11 6 5 33002701
11 6 4 31543253
11 6 3 19527486
11 6 2 21522265
11 6 1 23453090
11 6 0 22520640
11 5 9 33554329
11 5 8 652
11 5 7 32268
11 5 6 33329507
11 5 5 31422005
11 5 4 14251378
11 5 3 20921628
11 5 2 17383241
11 5 1 27827993
11 5 0 13754573
11 4 9 33554001
11 4 8 14280
11 4 7 33524071
11 4 6 31847011
11 4 5 9351110
11 4 4 22460174
11 4 3 30420497
11 4 2 11473753
11 4 1 15953896
11 4 0 25036392
11 3 10 33554261
11 3 9 6232
11 3 8 33519117
11 3 7 32918993
11 3 6 4375074
11 3 5 13313464
11 3 4 26251346
11 3 3 14413158
11 3 2 26229861
11 3 1 26713867
11 3 0 10291640
11 2 10 260
11 2 9 33551905
11 2 8 33493985
11 2 7 245414
11 2 6 5345398
11 2 5 9514031
11 2 4 23156801
11 2 3 23529613
11 2 2 8261419
11 2 1 18674740
11 2 0 3321202
11 1 10 916
11 1 9 33529473
11 1 8 37816
11 1 7 2120296
11 1 6 25865065
11 1 5 23257058
11 1 4 11897779
11 1 3 14404484
11 1 2 33200122
11 1 1 33158323
11 1 0 14978722
11 0 10 524
11 0 9 33538521
11 0 8 49496
11 0 7 1301124
11 0 6 26301969
11 0 5 16209225
11 0 4 8191180
11 0 3 8233555
11 0 2 20166638
11 0 1 29001208
11 0 0 19433
10 13 2 8
10 13 1 33554223
10 13 0 478
10 12 3 33554385
10 12 2 33553559
10 12 1 5986
10 12 0 33545017
10 11 4 33554353
10 11 3 33553091
10 11 2 8426
10 11 1 8194
10 11 0 33498431
10 10 5 40
10 10 4 33550427
10 10 3 14074
10 10 2 172834
10 10 1 32637995
10 10 0 1102872
10 9 6 80
10 9 5 33547037
10 9 4 35024
10 9 3 294506
10 9 2 31771053
10 9 1 1755570
10 9 0 1380558
10 8 7 16
10 8 6 33548285
10 8 5 27412
10 8 4 429046
10 8 3 31498327
10 8 2 29220827
10 8 1 30002078
10 8 0 414265
10 7 8 64
10 7 7 33550293
10 7 6 33550549
10 7 5 649812
10 7 4 31180729
10 7 3 22773355
10 7 2 25977901
10 7 1 7777256
10 7 0 14719591
10 6 9 80
10 6 8 33551285
10 6 7 33551957
10 6 6 528588
10 6 5 31394297
10 6 4 22551611
10 6 3 28716989
10 6 2 2522094
10 6 1 167328
10 6 0 31743806
10 5 10 16
10 5 9 33553337
10 5 8 1072
10 5 7 228926
10 5 6 32834477
10 5 5 22846027
10 5 4 9599483
10 5 3 32795736
10 5 2 33301066
10 5 1 8113361
10 5 0 31326433
10 4 10 32
10 4 9 33549441
10 4 8 91526
10 4 7 49334
10 4 6 26092911
10 4 5 25243062
10 4 4 26372884
10 4 3 8030293
10 4 2 17514858
10 4 1 28930032
10 4 0 32495825
10 3 10 33553097
10 3 9 36872
10 3 8 33466501
10 3 7 30767115
10 3 6 11032692
10 3 5 23380637
10 3 4 15626068
10 3 3 28097129
10 3 2 30124067
10 3 1 10841334
10 3 0 20882994
10 2 10 820
10 2 9 9400
10 2 8 33247607
10 2 7 33274531
10 2 6 20504834
10 2 5 21250824
10 2 4 4150022
10 2 3 2045207
10 2 2 29761505
10 2 1 7154209
10 2 0 33496694
10 1 10 5576
10 1 9 33448529
10 1 8 33546145
10 1 7 6869028
10 1 6 18368489
10 1 5 8987276
10 1 4 6147242
10 1 3 16766603
10 1 2 24543172
10 1 1 17210979
10 1 0 427128
10 0 10 3444
10 0 9 33479817
10 0 8 123364
10 0 7 4539524
10 0 6 15111669
10 0 5 11495154
10 0 4 9088909
10 0 3 30421145
10 0 2 32980016
10 0 1 13917682
10 0 0 2991527
9 13 3 8
9 13 2 162
9 13 1 33552773
9 13 0 2966
9 12 4 76
9 12 3 33554355
9 12 2 33546635
9 12 1 34954
9 12 0 33514725
9 11 5 128
9 11 4 33554107
9 11 3 33541289
9 11 2 40202
9 11 1 87656
9 11 0 33299699
9 10 6 124
9 10 5 1330
9 10 4 33516623
9 10 3 63078
9 10 2 889760
9 10 1 30142783
9 10 0 3257992
9 9 7 176
9 9 6 2228
9 9 5 33488813
9 9 4 145506
9 9 3 1544288
9 9 2 27607727
9 9 1 2529516
9 9 0 6237158
9 8 8 148
9 8 7 1228
9 8 6 33500573
9 8 5 73830
9 8 4 2262910
9 8 3 27008507
9 8 2 14803767
9 8 1 17492600
9 8 0 24824831
9 7 9 24
9 7 8 1592
9 7 7 33519385
9 7 6 33457165
9 7 5 3128100
9 7 4 26789159
9 7 3 26998258
9 7 2 15406610
9 7 1 13088715
9 7 0 18176245
9 6 10 33554381
9 6 9 1440
9 6 8 33530355
9 6 7 33483157
9 6 6 2415208
9 6 5 28132255
9 6 4 25760134
9 6 3 14368526
9 6 2 25883038
9 6 1 26808942
9 6 0 11703610
9 5 10 264
9 5 9 33546765
9 5 8 33532461
9 5 7 1050084
9 5 6 32522971
9 5 5 29228694
9 5 4 27796138
9 5 3 16502647
9 5 2 7039413
9 5 1 20887066
9 5 0 5949508
9 4 10 558
9 4 9 33519745
9 4 8 378156
9 4 7 933698
9 4 6 9893437
9 4 5 13144543
9 4 4 5217240
9 4 3 13634442
9 4 2 32317675
9 4 1 6806631
9 4 0 30603602
9 3 10 33546881
9 3 9 143740
9 3 8 33533301
9 3 7 24781009
9 3 6 18348070
9 3 5 32102684
9 3 4 23432410
9 3 3 9746583
9 3 2 20880645
9 3 1 28200388
9 3 0 23796309
9 2 10 33554011
9 2 9 102832
9 2 8 32577099
9 2 7 29626427
9 2 6 21634747
9 2 5 18304458
9 2 4 32463786
9 2 3 19999062
9 2 2 32031905
9 2 1 29577259
9 2 0 28399331
9 1 10 22612
9 1 9 33236857
9 1 8 33131177
9 1 7 16774472
9 1 6 14124221
9 1 5 28379541
9 1 4 27747352
9 1 3 15841300
9 1 2 21268237
9 1 1 15558150
9 1 0 30623789
9 0 10 15200
9 0 9 33303369
9 0 8 158380
9 0 7 12080616
9 0 6 31010566
9 0 5 33117151
9 0 4 6689510
9 0 3 29100796
9 0 2 19879002
9 0 1 3041095
9 0 0 19335976
8 13 4 33554373
8 13 3 118
8 13 2 1452
8 13 1 33545259
8 13 0 12234
8 12 5 33554329
8 12 4 1126
8 12 3 542
8 12 2 33511915
8 12 1 135122
8 12 0 33436193
8 11 6 33554325
8 11 5 1838
8 11 4 1204
8 11 3 33478431
8 11 2 112306
8 11 1 453714
8 11 0 32730947
8 10 7 33554305
8 10 6 1726
8 10 5 15662
8 10 4 33344687
8 10 3 151662
8 10 2 3213906
8 10 1 24212839
8 10 0 7267912
8 9 8 33554253
8 9 7 2276
8 9 6 23956
8 9 5 33211535
8 9 4 302288
8 9 3 5627822
8 9 2 19294341
8 9 1 32434043
8 9 0 18133826
8 8 9 33554305
8 8 8 1756
8 8 7 16268
8 8 6 33280523
8 8 5 33471483
8 8 4 8188330
8 8 3 19027807
8 8 2 10532776
8 8 1 15038821
8 8 0 32307413
8 7 10 33554381
8 7 9 160
8 7 8 15470
8 7 7 33383701
8 7 6 32857109
8 7 5 10518490
8 7 4 21145503
8 7 3 24248766
8 7 2 17987926
8 7 1 5236860
8 7 0 25359035
8 6 10 33554177
8 6 9 11420
8 6 8 33448037
8 6 7 33051681
8 6 6 7685194
8 6 5 25939043
8 6 4 21892030
8 6 3 30109507
8 6 2 26680569
8 6 1 6375924
8 6 0 33496355
8 5 10 1922
8 5 9 33523017
8 5 8 33368481
8 5 7 3304470
8 5 6 1664450
8 5 5 2666243
8 5 4 13582440
8 5 3 1150244
8 5 2 16216386
8 5 1 6022981
8 5 0 1623199
8 4 10 4348
8 4 9 33400061
8 4 8 1056194
8 4 7 4567754
8 4 6 11555674
8 4 5 17561887
8 4 4 22605133
8 4 3 20173674
8 4 2 10084913
8 4 1 12338800
8 4 0 17727109
8 3 10 33525779
8 3 9 387776
8 3 8 659454
8 3 7 13256691
8 3 6 15212954
8 3 5 19982462
8 3 4 24116832
8 3 3 25764334
8 3 2 28687673
8 3 1 14357796
8 3 0 5915462
8 2 10 33540373
8 2 9 433360
8 2 8 31481043
8 2 7 18677971
8 2 6 8280613
8 2 5 12983932
8 2 4 19716841
8 2 3 25064126
8 2 2 9722136
8 2 1 29563966
8 2 0 13418046
8 1 10 64372
8 1 9 32864033
8 1 8 31852549
8 1 7 31176280
8 1 6 23872013
8 1 5 6836536
8 1 4 60300
8 1 3 28406064
8 1 2 2012700
8 1 1 3511107
8 1 0 2326342
8 0 10 47556
8 0 9 32930233
8 0 8 33463177
8 0 7 24809832
8 0 6 12826684
8 0 5 16799554
8 0 4 20569186
8 0 3 24148461
8 0 2 24120962
8 0 1 7896288
8 0 0 15556803
7 13 5 8
7 13 4 33554103
7 13 3 748
7 13 2 7586
7 13 1 33520553
7 13 0 35322
7 12 6 33554385
7 12 5 33553463
7 12 4 7234
7 12 3 6486
7 12 2 33402387
7 12 1 363846
7 12 0 33299585
7 11 7 33554353
7 11 6 33553259
7 11 5 11192
7 11 4 22170
7 11 3 33271501
7 11 2 157482
7 11 1 1493388
7 11 0 31609235
7 10 8 33554385
7 10 7 33552971
7 10 6 9814
7 10 5 97310
7 10 4 32801359
7 10 3 97294
7 10 2 8386648
7 10 1 14467935
7 10 0 12320600
7 9 9 32
7 9 8 33552497
7 9 7 12164
7 9 6 140146
7 9 5 32392225
7 9 4 33542343
7 9 3 14722276
7 9 2 8983155
7 9 1 18137033
7 9 0 4077449
7 8 10 16
7 8 9 33553289
7 8 8 8458
7 8 7 102350
7 8 6 32666031
7 8 5 32201023
7 8 4 21068840
7 8 3 11785123
7 8 2 9817846
7 8 1 1959501
7 8 0 12778100
7 7 10 33554257
7 7 9 33554149
7 7 8 82324
7 7 7 33030925
7 7 6 30695487
7 7 5 25417244
7 7 4 21995711
7 7 3 8935955
7 7 2 12940790
7 7 1 31368415
7 7 0 27654834
7 6 10 33552715
7 6 9 52616
7 6 8 33261231
7 6 7 31552519
7 6 6 17460712
7 6 5 33333175
7 6 4 9143055
7 6 3 11019996
7 6 2 31916622
7 6 1 11681033
7 6 0 28593172
7 5 10 8096
7 5 9 33474985
7 5 8 32794557
7 5 7 7333760
7 5 6 12709756
7 5 5 12629618
7 5 4 13961804
7 5 3 15081550
7 5 2 12819703
7 5 1 22922501
7 5 0 17346458
7 4 10 19928
7 4 9 33086113
7 4 8 2012590
7 4 7 13425212
7 4 6 3405667
7 4 5 4029948
7 4 4 30933094
7 4 3 7433740
7 4 2 32028250
7 4 1 1813812
7 4 0 31222879
7 3 10 33479053
7 3 9 737852
7 3 8 2605024
7 3 7 32257782
7 3 6 21813281
7 3 5 178387
7 3 4 20309996
7 3 3 28240561
7 3 2 517386
7 3 1 12009879
7 3 0 19802909
7 2 10 33492259
7 2 9 1141808
7 2 8 30670635
7 2 7 32212918
7 2 6 25758014
7 2 5 27190672
7 2 4 18582850
7 2 3 27978320
7 2 2 6091096
7 2 1 4455296
7 2 0 15640945
7 1 10 131996
7 1 9 32456657
7 1 8 29570753
7 1 7 10587507
7 1 6 19114602
7 1 5 29367503
7 1 4 24914173
7 1 3 29281390
7 1 2 18583831
7 1 1 3521393
7 1 0 26849233
7 0 10 108484
7 0 9 32389849
7 0 8 32652249
7 0 7 5930521
7 0 6 5171908
7 0 5 3144979
7 0 4 2209475
7 0 3 4104236
7 0 2 33030263
7 0 1 21122953
7 0 0 27074552
6 13 6 8
6 13 5 114
6 13 4 33552577
6 13 3 2646
6 13 2 25580
6 13 1 33467939
6 13 0 73162
6 12 7 40
6 12 6 10
6 12 5 33548619
6 12 4 26302
6 12 3 31546
6 12 2 33181455
6 12 1 698774
6 12 0 33152761
6 11 8 56
6 11 7 33554167
6 11 6 33546709
6 11 5 37238
6 11 4 117968
6 11 3 32842795
6 11 2 33505647
6 11 1 3382126
6 11 0 30156155
6 10 9 24
6 10 8 118
6 10 7 33545031
6 10 6 28302
6 10 5 368230
6 10 4 31723271
6 10 3 32988479
6 10 2 16011262
6 10 1 4359999
6 10 0 15833912
6 9 9 432
6 9 8 33543379
6 9 7 33198
6 9 6 507168
6 9 5 30890459
6 9 4 31609227
6 9 3 28041970
6 9 2 3956501
6 9 1 26115748
6 9 0 24103019
6 8 10 192
6 8 9 33548405
6 8 8 19530
6 8 7 379386
6 8 6 31650623
6 8 5 28416031
6 8 4 5582697
6 8 3 14350311
6 8 2 32204801
6 8 1 18331127
6 8 0 32097159
6 7 10 33553751
6 7 9 33548441
6 7 8 272298
6 7 7 32515979
6 7 6 25885955
6 7 5 11051213
6 7 4 6244350
6 7 3 19534917
6 7 2 12964183
6 7 1 30057631
6 7 0 5775315
6 6 10 33546965
6 6 9 156024
6 6 8 33048539
6 6 7 28355759
6 6 6 28486362
6 6 5 24806106
6 6 4 31156969
6 6 3 13187965
6 6 2 14458147
6 6 1 10115242
6 6 0 16701745
6 5 10 21720
6 5 9 33432809
6 5 8 31608527
6 5 7 11546172
6 5 6 702507
6 5 5 30408597
6 5 4 23407293
6 5 3 31059168
6 5 2 13752453
6 5 1 3969232
6 5 0 14929757
6 4 10 59472
6 4 9 32553269
6 4 8 2525352
6 4 7 26927392
6 4 6 7855664
6 4 5 860071
6 4 4 29211863
6 4 3 9423649
6 4 2 20367118
6 4 1 29689114
6 4 0 27086550
6 3 10 33414203
6 3 9 985416
6 3 8 5647754
6 3 7 22810534
6 3 6 7829668
6 3 5 20917880
6 3 4 27886822
6 3 3 12703351
6 3 2 14588171
6 3 1 25656513
6 3 0 6811529
6 2 10 33397073
6 2 9 2078816
6 2 8 31283393
6 2 7 9939106
6 2 6 6276727
6 2 5 3176518
6 2 4 442950
6 2 3 26773951
6 2 2 25178580
6 2 1 16278924
6 2 0 19927930
6 1 10 196680
6 1 9 32285457
6 1 8 27214589
6 1 7 13702457
6 1 6 20818339
6 1 5 20317227
6 1 4 2503040
6 1 3 7146863
6 1 2 24071061
6 1 1 71683
6 1 0 7157172
6 0 10 182652
6 0 9 31916017
6 0 8 31409671
6 0 7 15015793
6 0 6 14992666
6 0 5 22447153
6 0 4 27177225
6 0 3 1021416
6 0 2 28571019
6 0 1 9693299
6 0 0 11314838
5 13 7 33554385
5 13 6 70
5 13 5 676
5 13 4 33547995
5 13 3 5656
5 13 2 58150
5 13 1 33399061
5 13 0 109490
5 12 8 33554371
5 12 7 334
5 12 6 550
5 12 5 33534447
5 12 4 59224
5 12 3 88654
5 12 2 32914967
5 12 1 962798
5 12 0 33092547
5 11 9 33554373
5 11 8 452
5 11 7 33554377
5 11 6 33526327
5 11 5 72080
5 11 4 347012
5 11 3 32321393
5 11 2 32868855
5 11 1 5418236
5 11 0 29164853
5 10 10 33554387
5 10 9 176
5 10 8 1546
5 10 7 33521203
5 10 6 38252
5 10 5 903128
5 10 4 30491051
5 10 3 31459291
5 10 2 22357966
5 10 1 351221
5 10 0 15254704
5 9 10 33554381
5 9 9 2416
5 9 8 33518793
5 9 7 42192
5 9 6 1200702
5 9 5 29380993
5 9 4 27591801
5 9 3 5351007
5 9 2 10651355
5 9 1 1855410
5 9 0 32136003
5 8 10 984
5 8 9 33536201
5 8 8 13782
5 8 7 899274
5 8 6 30873771
5 8 5 22289857
5 8 4 18907285
5 8 3 30831259
5 8 2 23679358
5 8 1 5020969
5 8 0 1993209
5 7 10 33552809
5 7 9 33527381
5 7 8 591180
5 7 7 32259713
5 7 6 19458799
5 7 5 23073483
5 7 4 5288975
5 7 3 31293501
5 7 2 12670924
5 7 1 15173844
5 7 0 8303991
5 6 10 33533675
5 6 9 310944
5 6 8 33063653
5 6 7 24309155
5 6 6 32958096
5 6 5 26358787
5 6 4 28002800
5 6 3 1388725
5 6 2 9951092
5 6 1 6452693
5 6 0 22009659
5 5 10 38412
5 5 9 33463733
5 5 8 30201485
5 5 7 12695644
5 5 6 23445215
5 5 5 11979673
5 5 4 15438261
5 5 3 33133946
5 5 2 5172785
5 5 1 17365919
5 5 0 1076175
5 4 10 120714
5 4 9 32027105
5 4 8 1789262
5 4 7 4738371
5 4 6 14610154
5 4 5 30992257
5 4 4 14406499
5 4 3 18196953
5 4 2 5673351
5 4 1 25834293
5 4 0 13378659
5 3 10 33369569
5 3 9 890680
5 3 8 8078656
5 3 7 26078530
5 3 6 1881063
5 3 5 25849818
5 3 4 11488834
5 3 3 21004145
5 3 2 19587425
5 3 1 8452735
5 3 0 25022383
5 2 10 33290349
5 2 9 2698912
5 2 8 33460307
5 2 7 33022807
5 2 6 3036440
5 2 5 26839360
5 2 4 5596610
5 2 3 30500623
5 2 2 22237383
5 2 1 28120972
5 2 0 28463410
5 1 10 211880
5 1 9 32513773
5 1 8 26410021
5 1 7 4026651
5 1 6 5181250
5 1 5 25827235
5 1 4 24539551
5 1 3 20695617
5 1 2 1381095
5 1 1 27952920
5 1 0 24511552
5 0 10 226942
5 0 9 31824625
5 0 8 30472059
5 0 7 12165955
5 0 6 3176163
5 0 5 8820515
5 0 4 20778960
5 0 3 31339760
5 0 2 32685258
5 0 1 9320786
5 0 0 6132259
4 13 8 2
4 13 7 33554331
4 13 6 244
4 13 5 2158
4 13 4 33540555
4 13 3 7330
4 13 2 90204
4 13 1 33358231
4 13 0 117452
4 12 9 4
4 12 8 33554231
4 12 7 1114
4 12 6 2782
4 12 5 33512559
4 12 4 84826
4 12 3 157106
4 12 2 32789199
4 12 1 942698
4 12 0 33172797
4 11 10 2
4 11 9 33554249
4 11 8 1454
4 11 7 2666
4 11 6 33493459
4 11 5 77384
4 11 4 635362
4 11 3 32086099
4 11 2 32097693
4 11 1 6150500
4 11 0 29414825
4 10 10 33554349
4 10 9 480
4 10 8 6546
4 10 7 33484747
4 10 6 33553009
4 10 5 1467292
4 10 4 30051795
4 10 3 29856315
4 10 2 22538536
4 10 1 5982185
4 10 0 10775808
4 9 10 33554293
4 9 9 7240
4 9 8 33484807
4 9 7 33549791
4 9 6 1894516
4 9 5 29152673
4 9 4 23651527
4 9 3 5251357
4 9 2 25497173
4 9 1 30701247
4 9 0 21541183
4 8 10 2772
4 8 9 33520829
4 8 8 33517451
4 8 7 1402502
4 8 6 31216385
4 8 5 17529829
4 8 4 16398369
4 8 3 17162350
4 8 2 18774143
4 8 1 32763053
4 8 0 439315
4 7 10 33552371
4 7 9 33490265
4 7 8 856524
4 7 7 32682795
4 7 6 15620231
4 7 5 17464179
4 7 4 30384991
4 7 3 23896837
4 7 2 10359575
4 7 1 12298980
4 7 0 3155411
4 6 10 33516581
4 6 9 421092
4 6 8 33448475
4 6 7 22170367
4 6 6 26066252
4 6 5 12870958
4 6 4 305603
4 6 3 8815182
4 6 2 7157633
4 6 1 13783393
4 6 0 30830790
4 5 10 44610
4 5 9 28824
4 5 8 29598563
4 5 7 9295964
4 5 6 30325145
4 5 5 9713617
4 5 4 25305244
4 5 3 31878991
4 5 2 13744950
4 5 1 19720161
4 5 0 28302655
4 4 10 168696
4 4 9 31899169
4 4 8 104212
4 4 7 5223567
4 4 6 21361305
4 4 5 3441661
4 4 4 30538114
4 4 3 17984303
4 4 2 24936989
4 4 1 25984356
4 4 0 16034208
4 3 10 33384525
4 3 9 487872
4 3 8 7931966
4 3 7 6804757
4 3 6 33496012
4 3 5 19044368
4 3 4 3700847
4 3 3 11553043
4 3 2 17863576
4 3 1 10540418
4 3 0 3546999
4 2 10 33249649
4 2 9 2504252
4 2 8 2068668
4 2 7 9240162
4 2 6 7543842
4 2 5 2197105
4 2 4 18110332
4 2 3 13309569
4 2 2 13145439
4 2 1 13527824
4 2 0 20422412
4 1 10 161746
4 1 9 32982473
4 1 8 27838887
4 1 7 21490532
4 1 6 28178941
4 1 5 27027513
4 1 4 22933023
4 1 3 28884487
4 1 2 25261617
4 1 1 22754937
4 1 0 5446634
4 0 10 205500
4 0 9 32205097
4 0 8 30567013
4 0 7 32303984
4 0 6 23264973
4 0 5 31462488
4 0 4 11108117
4 0 3 12718926
4 0 2 5572849
4 0 1 8986572
4 0 0 13404222
3 13 8 12
3 13 7 33554205
3 13 6 430
3 13 5 4000
3 13 4 33535617
3 13 3 5324
3 13 2 94222
3 13 1 33383849
3 13 0 88048
3 12 9 24
3 12 8 33553927
3 12 7 1882
3 12 6 6370
3 12 5 33499941
3 12 4 76170
3 12 3 178530
3 12 2 32928943
3 12 1 638144
3 12 0 33335017
3 11 10 12
3 11 9 33553989
3 11 8 2360
3 11 7 8132
3 11 6 33473497
3 11 5 32196
3 11 4 742776
3 11 3 32381733
3 11 2 31866141
3 11 1 4847680
3 11 0 30784601
3 10 10 33554267
3 10 9 560
3 10 8 13822
3 10 7 33465709
3 10 6 33472311
3 10 5 1566952
3 10 4 30899419
3 10 3 29610413
3 10 2 15926624
3 10 1 17393817
3 10 0 5371648
3 9 10 33554069
3 9 9 12544
3 9 8 33470685
3 9 7 33462513
3 9 6 1973104
3 9 5 30573401
3 9 4 23301773
3 9 3 27005448
3 9 2 3449948
3 9 1 15918482
3 9 0 33080960
3 8 10 4608
3 8 9 33516257
3 8 8 33447421
3 8 7 1431044
3 8 6 32537405
3 8 5 18510665
3 8 4 32616764
3 8 3 24382116
3 8 2 32453945
3 8 1 2375100
3 8 0 24274930
3 7 10 33553541
3 7 9 33463937
3 7 8 817780
3 7 7 33497057
3 7 6 18014357
3 7 5 31348472
3 7 4 26969667
3 7 3 25236999
3 7 2 12890319
3 7 1 8143352
3 7 0 5880182
3 6 10 33509237
3 6 9 381672
3 6 8 349596
3 6 7 24001025
3 6 6 12957892
3 6 5 877958
3 6 4 31364874
3 6 3 1675338
3 6 2 10629689
3 6 1 21525463
3 6 0 26491669
3 5 10 32532
3 5 9 137440
3 5 8 30404249
3 5 7 4003012
3 5 6 14972265
3 5 5 11865828
3 5 4 7372529
3 5 3 10848344
3 5 2 25887797
3 5 1 17586625
3 5 0 24579431
3 4 10 160176
3 4 9 32309497
3 4 8 32420647
3 4 7 27411986
3 4 6 33151948
3 4 5 31900730
3 4 4 3331911
3 4 3 24343789
3 4 2 29893004
3 4 1 28926789
3 4 0 2361954
3 3 10 33449921
3 3 9 95020
3 3 8 5299828
3 3 7 22105325
3 3 6 32934847
3 3 5 32304711
3 3 4 3209046
3 3 3 18731946
3 3 2 22457500
3 3 1 555644
3 3 0 14238506
3 2 10 33313947
3 2 9 1627112
3 2 8 2567286
3 2 7 32084102
3 2 6 24952654
3 2 5 20325994
3 2 4 6683316
3 2 3 33050217
3 2 2 23759894
3 2 1 4274525
3 2 0 4729679
3 1 10 83984
3 1 9 33372345
3 1 8 30382441
3 1 7 8335872
3 1 6 1848919
3 1 5 20918660
3 1 4 30816468
3 1 3 15297929
3 1 2 5971044
3 1 1 12365236
3 1 0 15069883
3 0 10 131824
3 0 9 32800153
3 0 8 31579049
3 0 7 16570368
3 0 6 33247625
3 0 5 20365028
3 0 4 20975422
3 0 3 16267320
3 0 2 24133658
3 0 1 17667030
3 0 0 27156714
2 13 8 26
2 13 7 33554115
2 13 6 400
2 13 5 4300
2 13 4 33538811
2 13 3 1530
2 13 2 63380
2 13 1 33457225
2 13 0 43776
2 12 9 52
2 12 8 33553739
2 12 7 1678
2 12 6 7648
2 12 5 33511489
2 12 4 40314
2 12 3 126310
2 12 2 33222349
2 12 1 282640
2 12 0 33471737
2 11 10 26
2 11 9 33553841
2 11 8 2006
2 11 7 10868
2 11 6 33490071
2 11 5 33536777
2 11 4 540218
2 11 3 32960349
2 11 2 32387089
2 11 1 2524992
2 11 0 32309369
2 10 10 33554217
2 10 9 168
2 10 8 15792
2 10 7 33487553
2 10 6 33436233
2 10 5 1055640
2 10 4 32305833
2 10 3 30970705
2 10 2 7460288
2 10 1 27260857
2 10 0 1768320
2 9 10 33553885
2 9 9 12568
2 9 8 33494265
2 9 7 33428061
2 9 6 1300220
2 9 5 32392169
2 9 4 26941777
2 9 3 12385812
2 9 2 5552936
2 9 1 8915289
2 9 0 13462272
2 8 10 4500
2 8 9 33528633
2 8 8 33433513
2 8 7 916828
2 8 6 62124
2 8 5 24541153
2 8 4 13659464
2 8 3 16742204
2 8 2 10361178
2 8 1 13057639
2 8 0 21577625
2 7 10 888
2 7 9 33478177
2 7 8 491192
2 7 7 386712
2 7 6 24809137
2 7 5 12188056
2 7 4 1562607
2 7 3 15130291
2 7 2 29580489
2 7 1 20286805
2 7 0 29303115
2 6 10 33520397
2 6 9 220872
2 6 8 451404
2 6 7 28343337
2 6 6 3200140
2 6 5 3118991
2 6 4 4512038
2 6 3 13883730
2 6 2 26473155
2 6 1 26675997
2 6 0 26817408
2 5 10 13196
2 5 9 136904
2 5 8 31941503
2 5 7 591970
2 5 6 24024612
2 5 5 23662550
2 5 4 15324081
2 5 3 12872211
2 5 2 15770301
2 5 1 20089034
2 5 0 24654659
2 4 10 98812
2 4 9 32937221
2 4 8 32430423
2 4 7 12867334
2 4 6 25935613
2 4 5 20921339
2 4 4 18249299
2 4 3 23320003
2 4 2 6792510
2 4 1 19108556
2 4 0 9974304
2 3 10 33514887
2 3 9 33494105
2 3 8 2298242
2 3 7 30817149
2 3 6 4117571
2 3 5 29374111
2 3 4 30619036
2 3 3 19155518
2 3 2 29361208
2 3 1 28689805
2 3 0 25638760
2 2 10 33430053
2 2 9 704464
2 2 8 1598724
2 2 7 19303825
2 2 6 3356980
2 2 5 20905774
2 2 4 10015527
2 2 3 28765678
2 2 2 30471281
2 2 1 1182528
2 2 0 16682379
2 1 10 27440
2 1 9 33538905
2 1 8 32397545
2 1 7 1954176
2 1 6 13251408
2 1 5 2319257
2 1 4 24623522
2 1 3 11032860
2 1 2 22055129
2 1 1 16273110
2 1 0 10796277
2 0 10 56736
2 0 9 33268697
2 0 8 32695577
2 0 7 5822496
2 0 6 1440288
2 0 5 29422834
2 0 4 20813184
2 0 3 23284334
2 0 2 19989771
2 0 1 9113650
2 0 0 25916455
1 13 8 24
1 13 7 33554193
1 13 6 184
1 13 5 2480
1 13 4 33547169
1 13 3 33554033
1 13 2 24776
1 13 1 33521753
1 13 0 12960
1 12 9 48
1 12 8 33553945
1 12 7 736
1 12 6 4680
1 12 5 33535689
1 12 4 10800
1 12 3 50656
1 12 2 33451521
1 12 1 73248
1 12 0 33536249
1 11 10 24
1 11 9 33554025
1 11 8 824
1 11 7 7008
1 11 6 33526321
1 11 5 33530345
1 11 4 222920
1 11 3 33384601
1 11 2 33101225
1 11 1 781632
1 11 0 33217433
1 10 10 33554273
1 10 9 33554233
1 10 8 9336
1 10 7 33527209
1 10 6 33481329
1 10 5 405888
1 10 4 33237665
1 10 3 32594281
1 10 2 2072480
1 10 1 32105369
1 10 0 338688
1 9 10 33554009
1 9 9 6752
1 9 8 33530985
1 9 7 33478665
1 9 6 490064
1 9 5 33362457
1 9 4 31114249
1 9 3 3343280
1 9 2 2619568
1 9 1 26499929
1 9 0 3326400
1 8 10 2384
1 8 9 33545081
1 8 8 33487561
1 8 7 333280
1 8 6 257888
1 8 5 30430137
1 8 4 3211440
1 8 3 6110560
1 8 2 19316681
1 8 1 9407808
1 8 0 31669145
1 7 10 1168
1 7 9 33518937
1 7 8 166832
1 7 7 277056
1 7 6 30677577
1 7 5 2574464
1 7 4 11655760
1 7 3 12632729
1 7 2 27122649
1 7 1 31536384
1 7 0 17608409
1 6 10 33539769
1 6 9 73408
1 6 8 237408
1 6 7 31891673
1 6 6 33514201
1 6 5 11495232
1 6 4 20349369
1 6 3 14140249
1 6 2 10513287
1 6 1 9580889
1 6 0 2436480
1 5 10 1984
1 5 9 64224
1 5 8 33078257
1 5 7 33325041
1 5 6 6997560
1 5 5 24731433
1 5 4 7905313
1 5 3 20928479
1 5 2 8240136
1 5 1 27658635
1 5 0 4840903
1 4 10 35728
1 4 9 33373321
1 4 8 33061321
1 4 7 3603584
1 4 6 33410577
1 4 5 11467785
1 4 4 21842560
1 4 3 5322791
1 4 2 463706
1 4 1 17958048
1 4 0 7232544
1 3 10 33546801
1 3 9 33510217
1 3 8 579544
1 3 7 33371129
1 3 6 26038481
1 3 5 11535984
1 3 4 26087720
1 3 3 5510642
1 3 2 27455305
1 3 1 12777998
1 3 0 24466930
1 2 10 33516337
1 2 9 182752
1 2 8 535656
1 2 7 30053897
1 2 6 32938049
1 2 5 21007680
1 2 4 19224945
1 2 3 24775842
1 2 2 14185447
1 2 1 9160128
1 2 0 15745625
1 1 10 4800
1 1 9 9024
1 1 8 33306713
1 1 7 204480
1 1 6 2932992
1 1 5 28480409
1 1 4 23684441
1 1 3 24863808
1 1 2 2099520
1 1 1 1441241
1 1 0 17190144
1 0 10 14688
1 0 9 33488729
1 0 8 33332345
1 0 7 1252800
1 0 6 610848
1 0 5 25875161
1 0 4 2786400
1 0 3 17668800
1 0 2 20660057
1 0 1 22377689
1 0 0 9704448
0 13 8 8
0 13 7 33554337
0 13 6 32
0 13 5 592
0 13 4 33552961
0 13 3 33554145
0 13 2 4272
0 13 1 33549497
0 13 0 1728
0 12 9 16
0 12 8 33554273
0 12 7 120
0 12 6 1152
0 12 5 33550937
0 12 4 936
0 12 3 8792
0 12 2 33540329
0 12 1 8352
0 12 0 33552665
0 11 10 8
0 11 9 33554297
0 11 8 120
0 11 7 1776
0 11 6 33549233
0 11 5 33547097
0 11 4 39880
0 11 3 33534089
0 11 2 33478073
0 11 1 108864
0 11 0 33512921
0 10 10 33554361
0 10 9 33554297
0 10 8 2240
0 10 7 33549849
0 10 6 33536953
0 10 5 67744
0 10 4 33524313
0 10 3 33399129
0 10 2 257280
0 10 1 33406937
0 10 0 27648
0 9 10 33554281
0 9 9 1504
0 9 8 33550649
0 9 7 33536777
0 9 6 80304
0 9 5 3648
0 9 4 33160089
0 9 3 398960
0 9 2 466464
0 9 1 32642585
0 9 0 376704
0 8 10 528
0 8 9 33553049
0 8 8 33539513
0 8 7 52176
0 8 6 77424
0 8 5 33077945
0 8 4 303552
0 8 3 949200
0 8 2 31947065
0 8 1 831168
0 8 0 33440345
0 7 10 384
0 7 9 33547385
0 7 8 24160
0 7 7 64448
0 7 6 33135513
0 7 5 197792
0 7 4 1702240
0 7 3 31248601
0 7 2 32214233
0 7 1 3727872
0 7 0 31909337
0 6 10 33551657
0 6 9 10592
0 6 8 48720
0 6 7 33319481
0 6 6 33409673
0 6 5 1598112
0 6 4 32404553
0 6 3 30665721
0 6 2 4511040
0 6 1 31862105
0 6 0 33499097
0 5 10 33554217
0 5 9 12192
0 5 8 33493457
0 5 7 33469793
0 5 6 908496
0 5 5 32818121
0 5 4 30169297
0 5 3 5449224
0 5 2 2059056
0 5 1 25831097
0 5 0 3561408
0 4 10 5744
0 4 9 33530633
0 4 8 33467313
0 4 7 455288
0 4 6 209296
0 4 5 30808057
0 4 4 1648088
0 4 3 5110424
0 4 2 27441641
0 4 1 443808
0 4 0 1097280
0 3 10 33554001
0 3 9 33545497
0 3 8 63720
0 3 7 37776
0 3 6 32698433
0 3 5 897504
0 3 4 3049880
0 3 3 28080489
0 3 2 31946873
0 3 1 7395264
0 3 0 30056921
0 2 10 33549161
0 2 9 21504
0 2 8 77040
0 2 7 33161849
0 2 6 33340553
0 2 5 2286144
0 2 4 32638313
0 2 3 28926329
0 2 2 3919680
0 2 1 1551744
0 2 0 31854041
0 1 10 288
0 1 9 2304
0 1 8 33531065
0 1 7 33552665
0 1 6 291168
0 1 5 33198425
0 1 4 32543225
0 1 3 1952064
0 1 2 494208
0 1 1 30962393
0 1 0 1244160
0 0 10 1728
0 0 9 33547481
0 0 8 33528473
0 0 7 124416
0 0 6 88128
0 0 5 32828633
0 0 4 143424
0 0 3 1603584
0 0 2 32600537
0 0 1 32559065
0 0 0 746496
# beta num 4446
33 2 0 18049054
33 1 1 7874194
33 1 0 25923248
33 0 2 23379533
33 0 1 31253727
33 0 0 7874194
32 3 0 3192152
32 2 1 29469255
32 2 0 10095393
32 1 2 30649753
32 1 1 5832931
32 1 0 19725950
32 0 3 4372650
32 0 2 10579630
32 0 1 19029689
32 0 0 12822709
31 4 0 13428366
31 3 1 24680530
31 3 0 22512146
31 2 2 29138098
31 2 1 11202296
31 2 0 23610964
31 1 3 15738752
31 1 2 18503306
31 1 1 24027032
31 1 0 11297208
31 0 4 31407211
31 0 3 7603838
31 0 2 28384516
31 0 1 15403520
31 0 0 30324417
30 5 0 14318404
30 4 1 22420760
30 4 0 25146352
30 3 2 20452113
30 3 1 31174229
30 3 0 2194258
30 2 3 2964934
30 2 2 2292147
30 2 1 25190390
30 2 0 22270931
30 1 4 24198100
30 1 3 15482721
30 1 2 11790653
30 1 1 11334242
30 1 0 17725403
30 0 5 28530
30 0 4 13643216
30 0 3 26126719
30 0 2 4915892
30 0 1 12779034
30 0 0 20375175
29 6 0 6406556
29 5 1 23198816
29 5 0 31111752
29 4 2 19561637
29 4 1 4953280
29 4 0 22701169
29 3 3 2073089
29 3 2 10181412
29 3 1 31807239
29 3 0 5991206
29 2 4 22508510
29 2 3 5502207
29 2 2 27492401
29 2 1 16704536
29 2 0 10150532
29 1 5 29160906
29 1 4 3126594
29 1 3 9109027
29 1 2 11109798
29 1 1 5087535
29 1 0 19913453
29 0 6 5956108
29 0 5 16004475
29 0 4 14847269
29 0 3 1932605
29 0 2 7564916
29 0 1 28189367
29 0 0 17758154
28 7 0 22567699
28 6 1 1665714
28 6 0 15376188
28 5 2 8230004
28 5 1 2153947
28 5 0 17201163
28 4 3 1722219
28 4 2 13485431
28 4 1 507363
28 4 0 10078377
28 3 4 15971582
28 3 3 23687349
28 3 2 32031171
28 3 1 3046517
28 3 0 24742432
28 2 5 5059949
28 2 4 25034721
28 2 3 25075172
28 2 2 32894151
28 2 1 27423664
28 2 0 32420866
28 1 6 5649230
28 1 5 27996594
28 1 4 28992392
28 1 3 11597928
28 1 2 32597715
28 1 1 6720920
28 1 0 22164306
28 0 7 10416240
28 0 6 29955226
28 0 5 6034781
28 0 4 15347528
28 0 3 11678450
28 0 2 20649941
28 0 1 33069000
28 0 0 28800169
27 8 0 2837326
27 7 1 11180526
27 7 0 13395896
27 6 2 7749339
27 6 1 22236289
27 6 0 14561536
27 5 3 32005788
27 5 2 28224742
27 5 1 9613692
27 5 0 476866
27 4 4 20589832
27 4 3 22144089
27 4 2 28711270
27 4 1 6534912
27 4 0 29284427
27 3 5 15084717
27 3 4 14077595
27 3 3 27142188
27 3 2 16528290
27 3 1 13625027
27 3 0 172934
27 2 6 15027015
27 2 5 5607165
27 2 4 4900134
27 2 3 6665110
27 2 2 33305245
27 2 1 12544658
27 2 0 4628923
27 1 7 1819876
27 1 6 23252981
27 1 5 11816562
27 1 4 27686820
27 1 3 30129370
27 1 2 25298845
27 1 1 19412308
27 1 0 7914730
27 0 8 13887395
27 0 7 27676627
27 0 6 15870589
27 0 5 1035306
27 0 4 17828794
27 0 3 23869409
27 0 2 11931596
27 0 1 11139639
27 0 0 4202607
26 9 0 2950551
26 8 1 28965196
26 8 0 13760966
26 7 2 218533
26 7 1 32216047
26 7 0 26827371
26 6 3 21659592
26 6 2 22594493
26 6 1 8723995
26 6 0 2183615
26 5 4 23619989
26 5 3 16858035
26 5 2 608694
26 5 1 33347835
26 5 0 18642571
26 4 5 20929294
26 4 4 16467451
26 4 3 28707381
26 4 2 17024572
26 4 1 31720380
26 4 0 19290849
26 3 6 7124862
26 3 5 32922109
26 3 4 5807085
26 3 3 17406114
26 3 2 25366755
26 3 1 31932471
26 3 0 11575426
26 2 7 16668019
26 2 6 12388439
26 2 5 12558578
26 2 4 32811341
26 2 3 23165412
26 2 2 15561767
26 2 1 24834574
26 2 0 4959652
26 1 8 2899243
26 1 7 20555095
26 1 6 14218621
26 1 5 29205659
26 1 4 4080315
26 1 3 15041568
26 1 2 21229244
26 1 1 23360758
26 1 0 26787155
26 0 9 15699863
26 0 8 23613981
26 0 7 8820593
26 0 6 1755391
26 0 5 18880635
26 0 4 1841321
26 0 3 27091171
26 0 2 16712521
26 0 1 20018944
26 0 0 13033599
25 10 0 30927991
25 9 1 29568612
25 9 0 377640
25 8 2 1495518
25 8 1 8349177
25 8 0 27528400
25 7 3 15487369
25 7 2 646877
25 7 1 3857183
25 7 0 16517386
25 6 4 16786498
25 6 3 10186065
25 6 2 12435158
25 6 1 21572963
25 6 0 3599336
25 5 5 17752896
25 5 4 4994217
25 5 3 22381447
25 5 2 10911407
25 5 1 31571416
25 5 0 3154703
25 4 6 16097237
25 4 5 6338728
25 4 4 27279822
25 4 3 21726046
25 4 2 12412040
25 4 1 21503767
25 4 0 9825416
25 3 7 6498165
25 3 6 10374736
25 3 5 9600839
25 3 4 29269101
25 3 3 31523050
25 3 2 27360514
25 3 1 9428546
25 3 0 17094962
25 2 8 24582173
25 2 7 10985035
25 2 6 9559755
25 2 5 22408701
25 2 4 10144171
25 2 3 30931137
25 2 2 23685140
25 2 1 24212543
25 2 0 32910177
25 1 9 4094840
25 1 8 32024904
25 1 7 15007827
25 1 6 13354138
25 1 5 1911830
25 1 4 19796770
25 1 3 24462569
25 1 2 3483865
25 1 1 31369432
25 1 0 11991899
25 0 10 17066858
25 0 9 25034391
25 0 8 9012519
25 0 7 9384080
25 0 6 3057311
25 0 5 30482655
25 0 4 29768328
25 0 3 24222945
25 0 2 25032791
25 0 1 6267792
25 0 0 11454056
24 11 0 20340376
24 10 1 29494075
24 10 0 29224391
24 9 2 2963734
24 9 1 3461618
24 9 0 4114933
24 8 3 13005119
24 8 2 30056026
24 8 1 31394960
24 8 0 24952812
24 7 4 26362263
24 7 3 30415105
24 7 2 7257322
24 7 1 33514324
24 7 0 5851071
24 6 5 7199773
24 6 4 17353343
24 6 3 19427402
24 6 2 27592073
24 6 1 16251202
24 6 0 3559303
24 5 6 7593665
24 5 5 30805459
24 5 4 18501403
24 5 3 16159253
24 5 2 11060104
24 5 1 20819986
24 5 0 31516217
24 4 7 29114464
24 4 6 1160933
24 4 5 33492191
24 4 4 19061243
24 4 3 458960
24 4 2 16161029
24 4 1 19849122
24 4 0 2608475
24 3 8 3566797
24 3 7 14647140
24 3 6 22935176
24 3 5 17503819
24 3 4 16197801
24 3 3 3072621
24 3 2 23247493
24 3 1 3718043
24 3 0 16849521
24 2 9 27484549
24 2 8 8005357
24 2 7 23351311
24 2 6 24454869
24 2 5 31906079
24 2 4 30316772
24 2 3 3412047
24 2 2 33316881
24 2 1 29508399
24 2 0 25945978
24 1 10 13893863
24 1 9 17415
24 1 8 19358119
24 1 7 1263976
24 1 6 14130523
24 1 5 16027446
24 1 4 22839577
24 1 3 14710911
24 1 2 20127775
24 1 1 12799758
24 1 0 22866545
24 0 11 1977111
24 0 10 8345030
24 0 9 7020370
24 0 8 29818699
24 0 7 13263045
24 0 6 15484834
24 0 5 17257271
24 0 4 28417756
24 0 3 11682032
24 0 2 21814800
24 0 1 820208
24 0 0 15247704
23 12 0 31152213
23 11 1 11771954
23 11 0 8149237
23 10 2 18927272
23 10 1 29665572
23 10 0 22922707
23 9 3 22693074
23 9 2 2777440
23 9 1 30254496
23 9 0 14335394
23 8 4 33189962
23 8 3 33146095
23 8 2 31564615
23 8 1 20610007
23 8 0 23290577
23 7 5 12449453
23 7 4 8184890
23 7 3 28032230
23 7 2 29312503
23 7 1 12753945
23 7 0 28810800
23 6 6 927642
23 6 5 11760996
23 6 4 14341360
23 6 3 28719789
23 6 2 3164579
23 6 1 25032856
23 6 0 27399646
23 5 7 2788848
23 5 6 12889061
23 5 5 9042515
23 5 4 32082354
23 5 3 8243191
23 5 2 1219043
23 5 1 33509302
23 5 0 746615
23 4 8 7518108
23 4 7 26193981
23 4 6 23894456
23 4 5 16332891
23 4 4 21505860
23 4 3 13436001
23 4 2 31194403
23 4 1 32438476
23 4 0 17137798
23 3 9 7554424
23 3 8 4690575
23 3 7 29267526
23 3 6 33239118
23 3 5 10858458
23 3 4 7712045
23 3 3 6686039
23 3 2 7065797
23 3 1 3547254
23 3 0 11090660
23 2 10 10114959
23 2 9 32024416
23 2 8 20912099
23 2 7 33028736
23 2 6 18605378
23 2 5 8409150
23 2 4 23460806
23 2 3 12196154
23 2 2 28711325
23 2 1 22528535
23 2 0 22731202
23 1 11 18924085
23 1 10 6279140
23 1 9 16177061
23 1 8 21160940
23 1 7 21789182
23 1 6 1642386
23 1 5 1872927
23 1 4 18733756
23 1 3 628482
23 1 2 26312566
23 1 1 20047668
23 1 0 18937927
23 0 12 7906075
23 0 11 2956947
23 0 10 15767490
23 0 9 31772550
23 0 8 3814808
23 0 7 9673690
23 0 6 31890659
23 0 5 4805727
23 0 4 1301613
23 0 3 19813408
23 0 2 5044506
23 0 1 1248105
23 0 0 4545276
22 13 0 3739604
22 12 1 28314039
22 12 0 14939423
22 11 2 33302871
22 11 1 17326481
22 11 0 3711635
22 10 3 6349435
22 10 2 18669952
22 10 1 28738159
22 10 0 17921097
22 9 4 22164755
22 9 3 30425373
22 9 2 10263485
22 9 1 24114488
22 9 0 33433042
22 8 5 24977735
22 8 4 12693566
22 8 3 18735090
22 8 2 26290006
22 8 1 30720498
22 8 0 3405561
22 7 6 20595236
22 7 5 969712
22 7 4 9216133
22 7 3 12834355
22 7 2 2665277
22 7 1 19399682
22 7 0 25228299
22 6 7 19917934
22 6 6 27890166
22 6 5 16223395
22 6 4 2104020
22 6 3 21897288
22 6 2 27662230
22 6 1 20231413
22 6 0 30676972
22 5 8 15079358
22 5 7 3841121
22 5 6 2161721
22 5 5 10085963
22 5 4 29181407
22 5 3 19825372
22 5 2 25281709
22 5 1 15186483
22 5 0 27805871
22 4 9 18379769
22 4 8 4987538
22 4 7 23569386
22 4 6 14061968
22 4 5 32184372
22 4 4 31477967
22 4 3 5323955
22 4 2 23351243
22 4 1 18195024
22 4 0 25018837
22 3 10 11889506
22 3 9 33083639
22 3 8 2505221
22 3 7 11333961
22 3 6 20668108
22 3 5 18887790
22 3 4 26305727
22 3 3 14397088
22 3 2 8663308
22 3 1 23702514
22 3 0 13186810
22 2 11 9154882
22 2 10 4502627
22 2 9 22990892
22 2 8 16810185
22 2 7 2899390
22 2 6 20214382
22 2 5 24756373
22 2 4 18936715
22 2 3 13220804
22 2 2 14097166
22 2 1 596931
22 2 0 3749354
22 1 12 322464
22 1 11 23379945
22 1 10 11506218
22 1 9 15361917
22 1 8 21160808
22 1 7 14271200
22 1 6 7004830
22 1 5 14636691
22 1 4 21821714
22 1 3 18343447
22 1 2 4974776
22 1 1 7931081
22 1 0 8245800
22 0 12 24392922
22 0 11 31865010
22 0 10 7999531
22 0 9 30550140
22 0 8 32944914
22 0 7 7737987
22 0 6 6861502
22 0 5 6825960
22 0 4 31868736
22 0 3 10281887
22 0 2 21923437
22 0 1 24815482
22 0 0 19639817
21 14 0 31416066
21 13 1 28314996
21 13 0 1565316
21 12 2 31146699
21 12 1 20674259
21 12 0 10284255
21 11 3 8815824
21 11 2 14612194
21 11 1 33538591
21 11 0 8107114
21 10 4 7835298
21 10 3 7313647
21 10 2 17322624
21 10 1 19244358
21 10 0 3501296
21 9 5 10315840
21 9 4 7246236
21 9 3 2234162
21 9 2 19239158
21 9 1 25040135
21 9 0 26220093
21 8 6 3257221
21 8 5 22678561
21 8 4 7871197
21 8 3 13906543
21 8 2 6879120
21 8 1 8045681
21 8 0 650630
21 7 7 12975045
21 7 6 17246567
21 7 5 11854417
21 7 4 12257545
21 7 3 15733081
21 7 2 8421894
21 7 1 24380420
21 7 0 31422715
21 6 8 4523885
21 6 7 25286368
21 6 6 16648326
21 6 5 28575828
21 6 4 563438
21 6 3 27763041
21 6 2 18233604
21 6 1 16141683
21 6 0 15388424
21 5 9 1678689
21 5 8 17233664
21 5 7 10591004
21 5 6 3767374
21 5 5 30536491
21 5 4 28747592
21 5 3 30927831
21 5 2 31214747
21 5 1 207122
21 5 0 32123644
21 4 10 13043681
21 4 9 6742523
21 4 8 9818124
21 4 7 32770006
21 4 6 23199134
21 4 5 31633995
21 4 4 30733638
21 4 3 30006222
21 4 2 161055
21 4 1 8246376
21 4 0 31328727
21 3 11 504235
21 3 10 33246856
21 3 9 30086480
21 3 8 21636009
21 3 7 19624991
21 3 6 27795794
21 3 5 29876189
21 3 4 6058700
21 3 3 16182304
21 3 2 25679383
21 3 1 12072066
21 3 0 682963
21 2 12 4936172
21 2 11 23574989
21 2 10 7684963
21 2 9 1642508
21 2 8 13593974
21 2 7 31518965
21 2 6 186900
21 2 5 28546431
21 2 4 14972901
21 2 3 4880968
21 2 2 26627210
21 2 1 14645645
21 2 0 10205975
21 1 12 17708921
21 1 11 6589617
21 1 10 17070338
21 1 9 10560350
21 1 8 16721253
21 1 7 14531530
21 1 6 19537483
21 1 5 1589622
21 1 4 17359296
21 1 3 20924317
21 1 2 9900790
21 1 1 17934714
21 1 0 13635543
21 0 12 7140585
21 0 11 277846
21 0 10 13103078
21 0 9 20319298
21 0 8 15174622
21 0 7 5594288
21 0 6 20901736
21 0 5 7992431
21 0 4 25329381
21 0 3 10667246
21 0 2 1523912
21 0 1 15749827
21 0 0 10982015
20 14 1 25070870
20 14 0 23302803
20 13 2 17296005
20 13 1 2389719
20 13 0 8329828
20 12 3 13749341
20 12 2 15648591
20 12 1 25093396
20 12 0 22185967
20 11 4 31225778
20 11 3 17570835
20 11 2 5400786
20 11 1 6616478
20 11 0 29877607
20 10 5 11758940
20 10 4 30535277
20 10 3 29887813
20 10 2 12478721
20 10 1 8879040
20 10 0 16658496
20 9 6 11707090
20 9 5 28467980
20 9 4 24509459
20 9 3 6155436
20 9 2 20809049
20 9 1 18806892
20 9 0 8193338
20 8 7 20053870
20 8 6 12928247
20 8 5 15788304
20 8 4 21396936
20 8 3 29438677
20 8 2 18565562
20 8 1 3334834
20 8 0 31621527
20 7 8 27654404
20 7 7 639571
20 7 6 28672093
20 7 5 28005924
20 7 4 28266511
20 7 3 30459760
20 7 2 940274
20 7 1 7209385
20 7 0 25992714
20 6 9 20174698
20 6 8 28057612
20 6 7 10510514
20 6 6 7466771
20 6 5 26147578
20 6 4 11923960
20 6 3 22498657
20 6 2 32164720
20 6 1 21973635
20 6 0 26565383
20 5 10 6491126
20 5 9 12343648
20 5 8 7423250
20 5 7 30614276
20 5 6 1908516
20 5 5 24742552
20 5 4 31921188
20 5 3 2772540
20 5 2 16193656
20 5 1 27018639
20 5 0 11556278
20 4 11 31319225
20 4 10 9379411
20 4 9 14968973
20 4 8 5841229
20 4 7 148349
20 4 6 33388758
20 4 5 6636190
20 4 4 23679143
20 4 3 17151291
20 4 2 21252440
20 4 1 26339584
20 4 0 16411910
20 3 12 27752541
20 3 11 17103031
20 3 10 11355193
20 3 9 17539508
20 3 8 19026958
20 3 7 8663173
20 3 6 3045578
20 3 5 33486020
20 3 4 5289990
20 3 3 26013087
20 3 2 24752520
20 3 1 29323297
20 3 0 2565885
20 2 12 26577424
20 2 11 29390832
20 2 10 29656239
20 2 9 26838645
20 2 8 22239076
20 2 7 9945353
20 2 6 18699187
20 2 5 22994360
20 2 4 7686688
20 2 3 2336532
20 2 2 17571783
20 2 1 22658974
20 2 0 1871807
20 1 12 24459319
20 1 11 10174464
20 1 10 5226024
20 1 9 19188754
20 1 8 4479206
20 1 7 24589616
20 1 6 15634602
20 1 5 808937
20 1 4 8767684
20 1 3 189701
20 1 2 18706422
20 1 1 6688932
20 1 0 6372869
20 0 12 915910
20 0 11 942397
20 0 10 25179606
20 0 9 13610508
20 0 8 16197771
20 0 7 17304935
20 0 6 28271379
20 0 5 9853360
20 0 4 19740748
20 0 3 13635594
20 0 2 3096953
20 0 1 25880592
20 0 0 21379412
19 14 2 23924035
19 14 1 11991179
19 14 0 23292388
19 13 3 25951506
19 13 2 30036199
19 13 1 30322987
19 13 0 23816099
19 12 4 775869
19 12 3 122626
19 12 2 7360912
19 12 1 25231265
19 12 0 14537166
19 11 5 29889769
19 11 4 29767410
19 11 3 13050639
19 11 2 11237289
19 11 1 27186726
19 11 0 3672099
19 10 6 15752756
19 10 5 24026761
19 10 4 23732565
19 10 3 32121884
19 10 2 9098576
19 10 1 17204496
19 10 0 6578839
19 9 7 3152747
19 9 6 10306927
19 9 5 15070944
19 9 4 20506655
19 9 3 23335389
19 9 2 6038967
19 9 1 27116235
19 9 0 10588920
19 8 8 7494640
19 8 7 11762967
19 8 6 19187122
19 8 5 26995673
19 8 4 7963719
19 8 3 17059492
19 8 2 15625308
19 8 1 31084605
19 8 0 5076793
19 7 9 21777991
19 7 8 23261879
19 7 7 11371332
19 7 6 11347645
19 7 5 26702726
19 7 4 16447450
19 7 3 3870426
19 7 2 17062335
19 7 1 32240372
19 7 0 13618993
19 6 10 8848242
19 6 9 17392798
19 6 8 24279087
19 6 7 947427
19 6 6 33119431
19 6 5 7004591
19 6 4 17375825
19 6 3 13197874
19 6 2 8008549
19 6 1 712009
19 6 0 12915772
19 5 11 9670399
19 5 10 6036040
19 5 9 18728247
19 5 8 8940008
19 5 7 14681088
19 5 6 30949970
19 5 5 14399157
19 5 4 8449326
19 5 3 17225107
19 5 2 31343192
19 5 1 19052477
19 5 0 6532866
19 4 12 92477
19 4 11 3979243
19 4 10 26931640
19 4 9 1821549
19 4 8 22733926
19 4 7 22832336
19 4 6 2299410
19 4 5 18344203
19 4 4 27268031
19 4 3 11487017
19 4 2 27034089
19 4 1 22901371
19 4 0 20354106
19 3 12 23979784
19 3 11 8514562
19 3 10 22670370
19 3 9 4481844
19 3 8 8512667
19 3 7 9819697
19 3 6 16804041
19 3 5 32552098
19 3 4 27315896
19 3 3 32374308
19 3 2 16126548
19 3 1 9038450
19 3 0 25398222
19 2 12 18924223
19 2 11 16873411
19 2 10 70479
19 2 9 9556349
19 2 8 6017162
19 2 7 3386620
19 2 6 1884336
19 2 5 31273062
19 2 4 18901092
19 2 3 4147635
19 2 2 21387887
19 2 1 28465080
19 2 0 31319749
19 1 12 14611925
19 1 11 22667044
19 1 10 29192453
19 1 9 19047507
19 1 8 3952270
19 1 7 23316746
19 1 6 28428286
19 1 5 6561923
19 1 4 3723055
19 1 3 18512961
19 1 2 11117268
19 1 1 9173251
19 1 0 26643100
19 0 12 8117208
19 0 11 28300479
19 0 10 1276122
19 0 9 33433822
19 0 8 23915458
19 0 7 10676574
19 0 6 19135523
19 0 5 20441728
19 0 4 10192167
19 0 3 30660606
19 0 2 4145655
19 0 1 6573196
19 0 0 29749879
18 14 3 14737666
18 14 2 16572311
18 14 1 33444758
18 14 0 8369577
18 13 4 8456270
18 13 3 9738768
18 13 2 24343115
18 13 1 17529881
18 13 0 379041
18 12 5 17688937
18 12 4 28195416
18 12 3 26230366
18 12 2 24891424
18 12 1 20377282
18 12 0 24319784
18 11 6 29477725
18 11 5 8689130
18 11 4 1334076
18 11 3 30351850
18 11 2 10694307
18 11 1 13264712
18 11 0 16167047
18 10 7 32548025
18 10 6 12943462
18 10 5 9959835
18 10 4 32380808
18 10 3 26165098
18 10 2 13792646
18 10 1 5244334
18 10 0 31398219
18 9 8 17811594
18 9 7 1313051
18 9 6 23194118
18 9 5 24003735
18 9 4 21447756
18 9 3 30697348
18 9 2 26716585
18 9 1 23522493
18 9 0 21798291
18 8 9 10628140
18 8 8 32657432
18 8 7 30201447
18 8 6 4457046
18 8 5 18005462
18 8 4 11943177
18 8 3 7945818
18 8 2 27813738
18 8 1 11083756
18 8 0 32024540
18 7 10 15008033
18 7 9 20608542
18 7 8 23787719
18 7 7 4134619
18 7 6 12426894
18 7 5 20633554
18 7 4 3288904
18 7 3 22979592
18 7 2 25136448
18 7 1 27860396
18 7 0 31742643
18 6 11 6913744
18 6 10 21206367
18 6 9 13862198
18 6 8 11894346
18 6 7 17527069
18 6 6 31489199
18 6 5 9312075
18 6 4 32319120
18 6 3 20104926
18 6 2 25726772
18 6 1 401079
18 6 0 5746128
18 5 12 11762890
18 5 11 14362754
18 5 10 33172350
18 5 9 23361543
18 5 8 28914744
18 5 7 12817564
18 5 6 15573194
18 5 5 7798078
18 5 4 17673522
18 5 3 31697841
18 5 2 22966205
18 5 1 27307322
18 5 0 26872135
18 4 12 33279121
18 4 11 27667240
18 4 10 20837078
18 4 9 3123198
18 4 8 13103897
18 4 7 10106790
18 4 6 6319242
18 4 5 16458175
18 4 4 31330877
18 4 3 5849216
18 4 2 9133701
18 4 1 17251971
18 4 0 30983253
18 3 12 28379133
18 3 11 12835995
18 3 10 8680706
18 3 9 29400808
18 3 8 31848715
18 3 7 6442645
18 3 6 30792529
18 3 5 12820195
18 3 4 8181951
18 3 3 28886177
18 3 2 4755449
18 3 1 16061089
18 3 0 17148369
18 2 12 30146491
18 2 11 20611394
18 2 10 23298089
18 2 9 15935551
18 2 8 22451059
18 2 7 15128627
18 2 6 31347838
18 2 5 5882155
18 2 4 3922278
18 2 3 1907172
18 2 2 8767497
18 2 1 9545423
18 2 0 21607220
18 1 12 16792254
18 1 11 27603401
18 1 10 29024301
18 1 9 638513
18 1 8 19297758
18 1 7 29985395
18 1 6 15167225
18 1 5 15171006
18 1 4 4683160
18 1 3 4534546
18 1 2 29347328
18 1 1 29043490
18 1 0 6008596
18 0 12 21657215
18 0 11 12404221
18 0 10 29306913
18 0 9 32936054
18 0 8 16122145
18 0 7 33380807
18 0 6 22323628
18 0 5 4439050
18 0 4 1262661
18 0 3 21330954
18 0 2 26599701
18 0 1 12002971
18 0 0 32776187
17 14 4 16897620
17 14 3 4683998
17 14 2 23468422
17 14 1 13629818
17 14 0 23096226
17 13 5 16463302
17 13 4 3502166
17 13 3 31073127
17 13 2 1316770
17 13 1 26582662
17 13 0 19271172
17 12 6 22902494
17 12 5 30415642
17 12 4 7280522
17 12 3 32595375
17 12 2 14190121
17 12 1 26007848
17 12 0 25013568
17 11 7 28105130
17 11 6 14296071
17 11 5 25469698
17 11 4 26353633
17 11 3 12857559
17 11 2 30373239
17 11 1 29694838
17 11 0 21685880
17 10 8 24071631
17 10 7 30145435
17 10 6 4683879
17 10 5 7577813
17 10 4 19734674
17 10 3 30426323
17 10 2 15145900
17 10 1 379540
17 10 0 1132979
17 9 9 19461325
17 9 8 14846886
17 9 7 4511530
17 9 6 13714532
17 9 5 10548499
17 9 4 24065666
17 9 3 25247199
17 9 2 13685638
17 9 1 26509136
17 9 0 4230687
17 8 10 1361412
17 8 9 13149703
17 8 8 6843238
17 8 7 12245917
17 8 6 27336880
17 8 5 15546559
17 8 4 13326542
17 8 3 31055417
17 8 2 29322571
17 8 1 26581297
17 8 0 7795697
17 7 11 33492693
17 7 10 3466516
17 7 9 20283010
17 7 8 29394536
17 7 7 30638491
17 7 6 7880378
17 7 5 13291400
17 7 4 2819258
17 7 3 3368618
17 7 2 30413542
17 7 1 19993186
17 7 0 3850301
17 6 12 32289293
17 6 11 1808697
17 6 10 29288415
17 6 9 9902220
17 6 8 13711346
17 6 7 4202792
17 6 6 21179322
17 6 5 3272905
17 6 4 7663433
17 6 3 23667948
17 6 2 7409786
17 6 1 22686209
17 6 0 2321756
17 5 12 13429881
17 5 11 20071811
17 5 10 22512386
17 5 9 2962476
17 5 8 27075762
17 5 7 28109604
17 5 6 12595662
17 5 5 4152175
17 5 4 2997277
17 5 3 23083773
17 5 2 20276966
17 5 1 5447890
17 5 0 2840790
17 4 12 22103032
17 4 11 31532806
17 4 10 17274128
17 4 9 23041732
17 4 8 8844826
17 4 7 7223783
17 4 6 11668080
17 4 5 6969457
17 4 4 26481174
17 4 3 24795507
17 4 2 26681224
17 4 1 5308111
17 4 0 12157794
17 3 12 31460117
17 3 11 27173950
17 3 10 2390310
17 3 9 8654162
17 3 8 30131647
17 3 7 27509014
17 3 6 30369453
17 3 5 17766515
17 3 4 30084685
17 3 3 24237618
17 3 2 17739944
17 3 1 27340356
17 3 0 31881289
17 2 12 9282989
17 2 11 18645060
17 2 10 21380180
17 2 9 10251824
17 2 8 33381960
17 2 7 23957793
17 2 6 16624420
17 2 5 2248948
17 2 4 10563865
17 2 3 10217155
17 2 2 20867896
17 2 1 12734975
17 2 0 13302251
17 1 12 25880800
17 1 11 19944646
17 1 10 15683103
17 1 9 23484130
17 1 8 1749074
17 1 7 29407720
17 1 6 15145180
17 1 5 9084256
17 1 4 9867985
17 1 3 31324843
17 1 2 8007615
17 1 1 33274671
17 1 0 19626404
17 0 12 28593303
17 0 11 5844870
17 0 10 1235092
17 0 9 26311765
17 0 8 2263326
17 0 7 19670607
17 0 6 18557896
17 0 5 12701220
17 0 4 10929489
17 0 3 9550205
17 0 2 6057137
17 0 1 12123828
17 0 0 18566252
16 14 5 16120710
16 14 4 20058653
16 14 3 28331167
16 14 2 22693090
16 14 1 11990991
16 14 0 13635463
16 13 6 1986306
16 13 5 25777896
16 13 4 31280930
16 13 3 22077227
16 13 2 20650818
16 13 1 23727350
16 13 0 31527592
16 12 7 2274211
16 12 6 30762017
16 12 5 15330406
16 12 4 26642709
16 12 3 18826200
16 12 2 27128083
16 12 1 8463033
16 12 0 26693757
16 11 8 32139680
16 11 7 213249
16 11 6 14471431
16 11 5 33193210
16 11 4 30584800
16 11 3 2763781
16 11 2 17605961
16 11 1 4948703
16 11 0 24422189
16 10 9 2159361
16 10 8 17561416
16 10 7 15562189
16 10 6 23230840
16 10 5 8099567
16 10 4 4088995
16 10 3 19208364
16 10 2 8335272
16 10 1 31515899
16 10 0 20343064
16 9 10 18230459
16 9 9 32234213
16 9 8 17019511
16 9 7 11519801
16 9 6 11654504
16 9 5 29860471
16 9 4 3068822
16 9 3 18976461
16 9 2 10716811
16 9 1 30692253
16 9 0 19711665
16 8 11 26759072
16 8 10 10636331
16 8 9 7019745
16 8 8 21754989
16 8 7 7174236
16 8 6 24401512
16 8 5 18801432
16 8 4 916044
16 8 3 9824310
16 8 2 26708900
16 8 1 13053064
16 8 0 25342428
16 7 12 28511302
16 7 11 29926710
16 7 10 25959731
16 7 9 25399063
16 7 8 29492359
16 7 7 11713114
16 7 6 9832379
16 7 5 23226923
16 7 4 31138278
16 7 3 18547816
16 7 2 19258652
16 7 1 21935038
16 7 0 4585318
16 6 12 23301830
16 6 11 17781497
16 6 10 26229004
16 6 9 4261356
16 6 8 2822590
16 6 7 15632123
16 6 6 19688241
16 6 5 20853304
16 6 4 7640734
16 6 3 25369851
16 6 2 19111299
16 6 1 8395050
16 6 0 27274870
16 5 12 13458110
16 5 11 33473080
16 5 10 2886526
16 5 9 14112987
16 5 8 13140211
16 5 7 5577629
16 5 6 11945574
16 5 5 4355261
16 5 4 21824030
16 5 3 9945806
16 5 2 3322448
16 5 1 1278217
16 5 0 29300960
16 4 12 33177347
16 4 11 29648743
16 4 10 24232282
16 4 9 10596509
16 4 8 27926771
16 4 7 33124383
16 4 6 33383428
16 4 5 31293299
16 4 4 9422543
16 4 3 30054109
16 4 2 8306793
16 4 1 25401731
16 4 0 22711584
16 3 12 12980775
16 3 11 23648870
16 3 10 22819834
16 3 9 16277473
16 3 8 10620470
16 3 7 4494953
16 3 6 23021819
16 3 5 8801607
16 3 4 2818707
16 3 3 6237799
16 3 2 17024802
16 3 1 23029865
16 3 0 27818340
16 2 12 10681113
16 2 11 28071167
16 2 10 22022124
16 2 9 23800264
16 2 8 16884482
16 2 7 3427184
16 2 6 4508145
16 2 5 12227386
16 2 4 4881520
16 2 3 22687375
16 2 2 32147778
16 2 1 17023606
16 2 0 30493818
16 1 12 7994445
16 1 11 26667228
16 1 10 14330481
16 1 9 13185190
16 1 8 31138153
16 1 7 15133414
16 1 6 4112170
16 1 5 20493070
16 1 4 20096174
16 1 3 9280588
16 1 2 252273
16 1 1 782730
16 1 0 16372211
16 0 12 11301707
16 0 11 30540519
16 0 10 17926406
16 0 9 19667166
16 0 8 17226489
16 0 7 25460710
16 0 6 28675548
16 0 5 16882423
16 0 4 20845282
16 0 3 11914212
16 0 2 27067810
16 0 1 5821503
16 0 0 20797684
15 14 6 3717378
15 14 5 29528329
15 14 4 14986404
15 14 3 14185629
15 14 2 24422129
15 14 1 13739675
15 14 0 15158567
15 13 7 13192396
15 13 6 3634767
15 13 5 6753981
15 13 4 595022
15 13 3 32891848
15 13 2 15882245
15 13 1 61918
15 13 0 11657409
15 12 8 7353136
15 12 7 22569903
15 12 6 1746401
15 12 5 765869
15 12 4 12953288
15 12 3 21403503
15 12 2 8014257
15 12 1 12091690
15 12 0 12011204
15 11 9 21590203
15 11 8 15321588
15 11 7 30480147
15 11 6 20335350
15 11 5 7108106
15 11 4 19345378
15 11 3 26584251
15 11 2 4424314
15 11 1 17576376
15 11 0 17434319
15 10 10 28963800
15 10 9 26866774
15 10 8 8544725
15 10 7 32336871
15 10 6 3360825
15 10 5 23914802
15 10 4 3912162
15 10 3 25106902
15 10 2 29719032
15 10 1 15666118
15 10 0 3008430
15 9 11 12895982
15 9 10 29667226
15 9 9 16582196
15 9 8 9109323
15 9 7 30036976
15 9 6 30280192
15 9 5 23224149
15 9 4 26858751
15 9 3 23350656
15 9 2 31160743
15 9 1 768849
15 9 0 10162470
15 8 12 7644267
15 8 11 17042477
15 8 10 21825008
15 8 9 31084915
15 8 8 27350310
15 8 7 22198314
15 8 6 9012065
15 8 5 27087970
15 8 4 11292505
15 8 3 13082462
15 8 2 32779149
15 8 1 23255821
15 8 0 7658858
15 7 12 15018669
15 7 11 15525814
15 7 10 5219573
15 7 9 29932350
15 7 8 21722518
15 7 7 4145855
15 7 6 7729669
15 7 5 321978
15 7 4 15816924
15 7 3 21013286
15 7 2 3523097
15 7 1 3859321
15 7 0 15175621
15 6 12 5968795
15 6 11 31308864
15 6 10 21429734
15 6 9 26864289
15 6 8 25726725
15 6 7 18854513
15 6 6 17367653
15 6 5 24328687
15 6 4 29390442
15 6 3 18888233
15 6 2 32345906
15 6 1 33033862
15 6 0 6115898
15 5 12 4489066
15 5 11 13296421
15 5 10 18163563
15 5 9 10846980
15 5 8 20657481
15 5 7 1090622
15 5 6 222715
15 5 5 21626829
15 5 4 14801410
15 5 3 28141850
15 5 2 11044974
15 5 1 25699102
15 5 0 8860062
15 4 12 25631625
15 4 11 21099949
15 4 10 32474701
15 4 9 24336790
15 4 8 29156681
15 4 7 1544680
15 4 6 627518
15 4 5 859702
15 4 4 29787957
15 4 3 2093880
15 4 2 18194464
15 4 1 4622796
15 4 0 2392588
15 3 12 786376
15 3 11 6804007
15 3 10 11982854
15 3 9 32623363
15 3 8 3463832
15 3 7 6107247
15 3 6 23138647
15 3 5 31890598
15 3 4 27853872
15 3 3 13661683
15 3 2 7382473
15 3 1 15308827
15 3 0 14741241
15 2 12 33067894
15 2 11 23469668
15 2 10 22669025
15 2 9 19776343
15 2 8 10282324
15 2 7 22469316
15 2 6 6677646
15 2 5 13958650
15 2 4 12328259
15 2 3 18205497
15 2 2 9556121
15 2 1 10574175
15 2 0 6471155
15 1 12 27147957
15 1 11 300791
15 1 10 18204085
15 1 9 4240830
15 1 8 24530723
15 1 7 8455407
15 1 6 701310
15 1 5 23086858
15 1 4 13084684
15 1 3 26518860
15 1 2 21913583
15 1 1 28848491
15 1 0 18078421
15 0 12 6380223
15 0 11 28464798
15 0 10 2421317
15 0 9 5243106
15 0 8 32915316
15 0 7 29251398
15 0 6 6723068
15 0 5 32170913
15 0 4 15811843
15 0 3 27479625
15 0 2 16358227
15 0 1 1292997
15 0 0 9738450
14 14 7 1801388
14 14 6 14851151
14 14 5 2329912
14 14 4 3493822
14 14 3 15645964
14 14 2 13094127
14 14 1 10687916
14 14 0 12672803
14 13 8 27290725
14 13 7 16863880
14 13 6 18195260
14 13 5 19988637
14 13 4 441636
14 13 3 13792850
14 13 2 27042243
14 13 1 28777220
14 13 0 11107493
14 12 9 22707781
14 12 8 8021779
14 12 7 22753753
14 12 6 1921092
14 12 5 24125154
14 12 4 23097020
14 12 3 23590629
14 12 2 24275192
14 12 1 16151365
14 12 0 8186891
14 11 10 12343817
14 11 9 16362670
14 11 8 30145931
14 11 7 11921197
14 11 6 10933476
14 11 5 31629781
14 11 4 30326795
14 11 3 18706942
14 11 2 5971076
14 11 1 482287
14 11 0 22658412
14 10 11 3830377
14 10 10 7481950
14 10 9 7717325
14 10 8 6174218
14 10 7 10799274
14 10 6 9277084
14 10 5 2973337
14 10 4 8646278
14 10 3 8039872
14 10 2 5990008
14 10 1 24484250
14 10 0 20412410
14 9 12 22259397
14 9 11 27331090
14 9 10 25994643
14 9 9 30074724
14 9 8 27985730
14 9 7 11429716
14 9 6 26868613
14 9 5 26773397
14 9 4 596383
14 9 3 20763184
14 9 2 29343532
14 9 1 24945798
14 9 0 29176548
14 8 12 26950805
14 8 11 13476305
14 8 10 31122977
14 8 9 10390152
14 8 8 2803054
14 8 7 9582579
14 8 6 32336984
14 8 5 17829878
14 8 4 27198731
14 8 3 3415351
14 8 2 21253998
14 8 1 28017889
14 8 0 18083846
14 7 12 4059942
14 7 11 12868488
14 7 10 13682558
14 7 9 8230570
14 7 8 17508012
14 7 7 17659617
14 7 6 22183180
14 7 5 27636700
14 7 4 14948110
14 7 3 24116569
14 7 2 6354121
14 7 1 10152535
14 7 0 23215654
14 6 12 26919113
14 6 11 29977513
14 6 10 12359900
14 6 9 23150842
14 6 8 31643114
14 6 7 397131
14 6 6 22951484
14 6 5 4339238
14 6 4 29555364
14 6 3 33112296
14 6 2 10827894
14 6 1 8086808
14 6 0 24567000
14 5 12 1329997
14 5 11 12044818
14 5 10 12516519
14 5 9 11627255
14 5 8 3043533
14 5 7 32252399
14 5 6 4859908
14 5 5 32045124
14 5 4 21548359
14 5 3 1457829
14 5 2 13072042
14 5 1 13314986
14 5 0 11528881
14 4 12 30055873
14 4 11 24915423
14 4 10 21839027
14 4 9 12037533
14 4 8 27226867
14 4 7 20637207
14 4 6 29151743
14 4 5 12068794
14 4 4 20281659
14 4 3 31206974
14 4 2 2776136
14 4 1 31877939
14 4 0 6001309
14 3 12 24635586
14 3 11 29309465
14 3 10 20714103
14 3 9 1668576
14 3 8 13063774
14 3 7 13584918
14 3 6 31826436
14 3 5 996198
14 3 4 6478569
14 3 3 24157169
14 3 2 1970519
14 3 1 25706198
14 3 0 18212483
14 2 12 22846746
14 2 11 8627308
14 2 10 17325074
14 2 9 8156710
14 2 8 2546540
14 2 7 10806552
14 2 6 15006407
14 2 5 712339
14 2 4 20404447
14 2 3 24017907
14 2 2 31260515
14 2 1 25402783
14 2 0 17882481
14 1 12 23164126
14 1 11 12286689
14 1 10 1247470
14 1 9 1010956
14 1 8 4257368
14 1 7 1163628
14 1 6 17893280
14 1 5 25132084
14 1 4 24209076
14 1 3 15807837
14 1 2 22835385
14 1 1 6928413
14 1 0 15746072
14 0 12 4860301
14 0 11 2224901
14 0 10 8256402
14 0 9 22810284
14 0 8 16148278
14 0 7 20701157
14 0 6 30673575
14 0 5 11789373
14 0 4 18198983
14 0 3 24281120
14 0 2 6636108
14 0 1 26805615
14 0 0 23838803
13 14 8 19007982
13 14 7 22187328
13 14 6 19441803
13 14 5 2756116
13 14 4 13986581
13 14 3 9022695
13 14 2 22516393
13 14 1 22441468
13 14 0 15184304
13 13 9 31354939
13 13 8 23314893
13 13 7 11253612
13 13 6 4701385
13 13 5 16723442
13 13 4 5393535
13 13 3 24433143
13 13 2 33059048
13 13 1 29407811
13 13 0 20751196
13 12 10 15934409
13 12 9 2880019
13 12 8 8208237
13 12 7 12209592
13 12 6 30641960
13 12 5 13553887
13 12 4 857017
13 12 3 308972
13 12 2 12056126
13 12 1 24451848
13 12 0 21389155
13 11 11 30357703
13 11 10 13320757
13 11 9 11395392
13 11 8 17840721
13 11 7 4493322
13 11 6 27995874
13 11 5 14520497
13 11 4 28489465
13 11 3 8991445
13 11 2 18455779
13 11 1 22334192
13 11 0 19196964
13 10 12 26770251
13 10 11 22499186
13 10 10 18273717
13 10 9 27150736
13 10 8 10436101
13 10 7 27254852
13 10 6 28791440
13 10 5 17857217
13 10 4 14981675
13 10 3 24712843
13 10 2 19308188
13 10 1 1489653
13 10 0 8173580
13 9 12 24456577
13 9 11 26825347
13 9 10 14910852
13 9 9 11609584
13 9 8 32255237
13 9 7 20100317
13 9 6 30823466
13 9 5 18530991
13 9 4 6161990
13 9 3 19171218
13 9 2 17965773
13 9 1 8529032
13 9 0 13195572
13 8 12 3098203
13 8 11 3924682
13 8 10 18018059
13 8 9 9773879
13 8 8 19593124
13 8 7 25166344
13 8 6 22396578
13 8 5 23622001
13 8 4 7837951
13 8 3 22604736
13 8 2 7662221
13 8 1 12546364
13 8 0 30444671
13 7 12 30265338
13 7 11 29509085
13 7 10 24814723
13 7 9 1181789
13 7 8 951643
13 7 7 8146700
13 7 6 23984854
13 7 5 11352171
13 7 4 9011491
13 7 3 30628718
13 7 2 18274850
13 7 1 24422122
13 7 0 11401233
13 6 12 13608343
13 6 11 9167988
13 6 10 4272345
13 6 9 19717122
13 6 8 33437532
13 6 7 17406601
13 6 6 15507258
13 6 5 21056541
13 6 4 6001194
13 6 3 26769565
13 6 2 29904484
13 6 1 24688588
13 6 0 27332585
13 5 12 16184060
13 5 11 15821971
13 5 10 19492748
13 5 9 12352186
13 5 8 17497631
13 5 7 1491277
13 5 6 25539938
13 5 5 17831249
13 5 4 33231183
13 5 3 15224769
13 5 2 19823793
13 5 1 6905477
13 5 0 12522673
13 4 12 31300842
13 4 11 17214247
13 4 10 6163279
13 4 9 6497313
13 4 8 11941254
13 4 7 25377933
13 4 6 32084503
13 4 5 18535067
13 4 4 21127233
13 4 3 4593601
13 4 2 24666126
13 4 1 31122065
13 4 0 29490748
13 3 12 15074376
13 3 11 28312803
13 3 10 13512861
13 3 9 31858309
13 3 8 14680246
13 3 7 15053451
13 3 6 20183204
13 3 5 4729086
13 3 4 29009719
13 3 3 13446224
13 3 2 4620675
13 3 1 13847715
13 3 0 25189105
13 2 12 12225738
13 2 11 32555699
13 2 10 2782923
13 2 9 31465483
13 2 8 32343081
13 2 7 16587836
13 2 6 31176022
13 2 5 11000460
13 2 4 10759198
13 2 3 18215939
13 2 2 4169906
13 2 1 17259743
13 2 0 8386981
13 1 12 31525999
13 1 11 15641293
13 1 10 30234608
13 1 9 13792964
13 1 8 32066064
13 1 7 12520225
13 1 6 9725279
13 1 5 18595211
13 1 4 29663055
13 1 3 16508856
13 1 2 1605127
13 1 1 23225617
13 1 0 13209573
13 0 12 20855739
13 0 11 16731754
13 0 10 11432119
13 0 9 5742017
13 0 8 9341575
13 0 7 29756919
13 0 6 24344260
13 0 5 11151151
13 0 4 26694011
13 0 3 19977925
13 0 2 14589325
13 0 1 32515948
13 0 0 8618685
12 14 9 10134179
12 14 8 14835640
12 14 7 21182973
12 14 6 23518839
12 14 5 4696745
12 14 4 16531335
12 14 3 20084043
12 14 2 6853245
12 14 1 16871413
12 14 0 14515602
12 13 10 21680068
12 13 9 16483630
12 13 8 25120958
12 13 7 1252060
12 13 6 18557183
12 13 5 11981613
12 13 4 15452423
12 13 3 9075349
12 13 2 453762
12 13 1 22075877
12 13 0 12930837
12 12 11 16800618
12 12 10 10558874
12 12 9 5229572
12 12 8 13104707
12 12 7 18215816
12 12 6 10790434
12 12 5 22505297
12 12 4 24951985
12 12 3 12866114
12 12 2 9585092
12 12 1 21646655
12 12 0 27650767
12 11 12 5254729
12 11 11 6506572
12 11 10 2428537
12 11 9 2316950
12 11 8 23522490
12 11 7 18811870
12 11 6 17843113
12 11 5 12251978
12 11 4 9820236
12 11 3 31803888
12 11 2 5280043
12 11 1 571043
12 11 0 8746102
12 10 12 24100927
12 10 11 14018502
12 10 10 29373639
12 10 9 25445528
12 10 8 12041752
12 10 7 23288810
12 10 6 17342687
12 10 5 30437914
12 10 4 7195627
12 10 3 14306771
12 10 2 7524920
12 10 1 12723569
12 10 0 29894366
12 9 12 20638942
12 9 11 2418293
12 9 10 25115355
12 9 9 5398464
12 9 8 16265904
12 9 7 27118662
12 9 6 5825423
12 9 5 14793009
12 9 4 14241597
12 9 3 1252208
12 9 2 1768207
12 9 1 9070369
12 9 0 31316921
12 8 12 15472094
12 8 11 12767502
12 8 10 30958794
12 8 9 9062382
12 8 8 16028772
12 8 7 29346472
12 8 6 11804244
12 8 5 18257259
12 8 4 19331023
12 8 3 9961132
12 8 2 8101653
12 8 1 27258776
12 8 0 20955499
12 7 12 3545214
12 7 11 12715339
12 7 10 24917662
12 7 9 15084816
12 7 8 14099705
12 7 7 3184669
12 7 6 26091329
12 7 5 31314364
12 7 4 33020878
12 7 3 4343722
12 7 2 8545666
12 7 1 1434967
12 7 0 31753095
12 6 12 2404221
12 6 11 31108006
12 6 10 19598879
12 6 9 6981074
12 6 8 23291868
12 6 7 29019733
12 6 6 31565424
12 6 5 24561366
12 6 4 21148886
12 6 3 24144825
12 6 2 17262505
12 6 1 29989528
12 6 0 22833484
12 5 12 32378845
12 5 11 11059665
12 5 10 17476162
12 5 9 9875924
12 5 8 25966854
12 5 7 7454076
12 5 6 31863981
12 5 5 2178015
12 5 4 25296389
12 5 3 25359592
12 5 2 18487260
12 5 1 1748913
12 5 0 17857722
12 4 12 31770528
12 4 11 28071594
12 4 10 31399056
12 4 9 2645359
12 4 8 30038375
12 4 7 5324468
12 4 6 17484034
12 4 5 25673045
12 4 4 27772438
12 4 3 8072584
12 4 2 25197867
12 4 1 20325681
12 4 0 30354282
12 3 12 10175559
12 3 11 545442
12 3 10 22940960
12 3 9 17896605
12 3 8 3078787
12 3 7 6631484
12 3 6 18787269
12 3 5 24403843
12 3 4 9643874
12 3 3 27409581
12 3 2 14270131
12 3 1 23334419
12 3 0 23707727
12 2 12 15289503
12 2 11 19066690
12 2 10 13938689
12 2 9 16628428
12 2 8 31149231
12 2 7 4087287
12 2 6 6895822
12 2 5 16814803
12 2 4 29239910
12 2 3 12104839
12 2 2 26288674
12 2 1 18903465
12 2 0 10620448
12 1 12 28130497
12 1 11 24562445
12 1 10 22526884
12 1 9 3716441
12 1 8 28041184
12 1 7 4124998
12 1 6 10451110
12 1 5 5608329
12 1 4 7976399
12 1 3 12212301
12 1 2 28777508
12 1 1 26802259
12 1 0 9820352
12 0 12 27024214
12 0 11 8489144
12 0 10 33445159
12 0 9 3410310
12 0 8 634397
12 0 7 20745399
12 0 6 25485338
12 0 5 21218213
12 0 4 12678882
12 0 3 17954751
12 0 2 32148586
12 0 1 5352674
12 0 0 12862701
11 14 10 6456125
11 14 9 13210763
11 14 8 21902013
11 14 7 29918232
11 14 6 5280628
11 14 5 7005040
11 14 4 26590486
11 14 3 18895864
11 14 2 4965300
11 14 1 15065168
11 14 0 28775539
11 13 11 32280625
11 13 10 11663801
11 13 9 25774404
11 13 8 22809725
11 13 7 14756406
11 13 6 29714241
11 13 5 17737861
11 13 4 11711663
11 13 3 28974604
11 13 2 13304298
11 13 1 18337105
11 13 0 9437561
11 12 12 25824500
11 12 11 8391468
11 12 10 24430477
11 12 9 18619677
11 12 8 24485494
11 12 7 27948582
11 12 6 11238258
11 12 5 7589687
11 12 4 30420561
11 12 3 5319771
11 12 2 29268364
11 12 1 25027141
11 12 0 3461768
11 11 12 4756073
11 11 11 5938258
11 11 10 20429477
11 11 9 5430320
11 11 8 21675701
11 11 7 4641434
11 11 6 4629488
11 11 5 17631767
11 11 4 14396550
11 11 3 1541498
11 11 2 30485756
11 11 1 8572692
11 11 0 33251431
11 10 12 2545550
11 10 11 22882555
11 10 10 16376501
11 10 9 19159042
11 10 8 1408200
11 10 7 5585486
11 10 6 24687219
11 10 5 25410099
11 10 4 27514565
11 10 3 19003178
11 10 2 6123494
11 10 1 10359180
11 10 0 278343
11 9 12 22548436
11 9 11 20579334
11 9 10 8215625
11 9 9 17421281
11 9 8 28596656
11 9 7 9977391
11 9 6 23321538
11 9 5 33494139
11 9 4 19060893
11 9 3 31467047
11 9 2 3987193
11 9 1 31322168
11 9 0 3134103
11 8 12 12950625
11 8 11 11873330
11 8 10 13831910
11 8 9 4824732
11 8 8 7394177
11 8 7 4323999
11 8 6 16436391
11 8 5 3149522
11 8 4 12259175
11 8 3 22791151
11 8 2 14312974
11 8 1 23324164
11 8 0 28686585
11 7 12 12141595
11 7 11 25340103
11 7 10 24693479
11 7 9 3241623
11 7 8 14529124
11 7 7 12451930
11 7 6 2050373
11 7 5 3721444
11 7 4 30715828
11 7 3 32680155
11 7 2 19253631
11 7 1 31723235
11 7 0 4533659
11 6 12 15966744
11 6 11 32300724
11 6 10 1817006
11 6 9 1460122
11 6 8 17062637
11 6 7 29014621
11 6 6 5593932
11 6 5 23241577
11 6 4 22093229
11 6 3 345894
11 6 2 177471
11 6 1 674448
11 6 0 2891478
11 5 12 25930049
11 5 11 31754380
11 5 10 31460883
11 5 9 5820790
11 5 8 16843278
11 5 7 9356910
11 5 6 25469879
11 5 5 10964635
11 5 4 19718324
11 5 3 32829445
11 5 2 5286002
11 5 1 11378544
11 5 0 13805684
11 4 12 24962228
11 4 11 12778577
11 4 10 29299528
11 4 9 15351829
11 4 8 26076935
11 4 7 22918183
11 4 6 20005438
11 4 5 33002364
11 4 4 22318766
11 4 3 12613580
11 4 2 21710453
11 4 1 32351563
11 4 0 25678023
11 3 12 19367939
11 3 11 32680596
11 3 10 27503490
11 3 9 22447828
11 3 8 32812008
11 3 7 3180050
11 3 6 30606777
11 3 5 24101277
11 3 4 16750004
11 3 3 16131529
11 3 2 31557611
11 3 1 31570944
11 3 0 7241957
11 2 12 7436455
11 2 11 12685855
11 2 10 21374776
11 2 9 9630796
11 2 8 4922510
11 2 7 4478426
11 2 6 17447892
11 2 5 30546466
11 2 4 4331773
11 2 3 28068825
11 2 2 18659042
11 2 1 10018263
11 2 0 25093032
11 1 12 25219731
11 1 11 31977398
11 1 10 6709131
11 1 9 7087332
11 1 8 26132892
11 1 7 30206842
11 1 6 6036545
11 1 5 18375712
11 1 4 2890397
11 1 3 30157606
11 1 2 2467573
11 1 1 26890359
11 1 0 27646789
11 0 12 3136093
11 0 11 12062702
11 0 10 32162201
11 0 9 17747224
11 0 8 28908851
11 0 7 20732354
11 0 6 25650089
11 0 5 24552389
11 0 4 8251112
11 0 3 23127359
11 0 2 32020192
11 0 1 16092926
11 0 0 17740809
10 14 10 25535432
10 14 9 17044886
10 14 8 32145509
10 14 7 28833116
10 14 6 8557694
10 14 5 31513970
10 14 4 7842082
10 14 3 3643202
10 14 2 4033922
10 14 1 31235677
10 14 0 29834469
10 13 11 2463249
10 13 10 7988127
10 13 9 534458
10 13 8 16447592
10 13 7 23525430
10 13 6 29171077
10 13 5 13665849
10 13 4 27666280
10 13 3 15679567
10 13 2 23450447
10 13 1 17291788
10 13 0 13613547
10 12 12 10482210
10 12 11 10021901
10 12 10 19319126
10 12 9 12787961
10 12 8 875607
10 12 7 23939061
10 12 6 17221630
10 12 5 1015318
10 12 4 1727373
10 12 3 32281999
10 12 2 19664952
10 12 1 2288487
10 12 0 19592382
10 11 12 15630711
10 11 11 27842496
10 11 10 19727600
10 11 9 29466641
10 11 8 17949128
10 11 7 10680801
10 11 6 20501041
10 11 5 13701698
10 11 4 9263903
10 11 3 17516358
10 11 2 23615223
10 11 1 4783664
10 11 0 23304260
10 10 12 23821227
10 10 11 21258580
10 10 10 19313724
10 10 9 32491445
10 10 8 15411344
10 10 7 16019592
10 10 6 23906446
10 10 5 15657706
10 10 4 16936376
10 10 3 32347369
10 10 2 31687778
10 10 1 30680603
10 10 0 22698553
10 9 12 32150310
10 9 11 21260736
10 9 10 3039739
10 9 9 16415022
10 9 8 21626018
10 9 7 23363585
10 9 6 1879942
10 9 5 32622928
10 9 4 30399203
10 9 3 14427843
10 9 2 22068471
10 9 1 5444509
10 9 0 14929637
10 8 12 19022909
10 8 11 2995342
10 8 10 27083906
10 8 9 9980512
10 8 8 3547864
10 8 7 3480207
10 8 6 18943605
10 8 5 25837058
10 8 4 25249143
10 8 3 19211525
10 8 2 1273298
10 8 1 4699547
10 8 0 26811245
10 7 12 24813256
10 7 11 6917051
10 7 10 18836854
10 7 9 3272033
10 7 8 20172706
10 7 7 28441182
10 7 6 29208741
10 7 5 6732759
10 7 4 12400710
10 7 3 8685192
10 7 2 1784856
10 7 1 8821807
10 7 0 13751717
10 6 12 17168884
10 6 11 14203272
10 6 10 25695062
10 6 9 1964330
10 6 8 31462257
10 6 7 20884815
10 6 6 4549420
10 6 5 19552467
10 6 4 28540672
10 6 3 8042036
10 6 2 12972218
10 6 1 30302106
10 6 0 16886483
10 5 12 22503765
10 5 11 2054021
10 5 10 1338254
10 5 9 18615968
10 5 8 28487755
10 5 7 32252589
10 5 6 30474833
10 5 5 30591322
10 5 4 31811577
10 5 3 6345807
10 5 2 10587756
10 5 1 10691934
10 5 0 22999369
10 4 12 20849969
10 4 11 20793692
10 4 10 25729120
10 4 9 31603614
10 4 8 8274112
10 4 7 29184336
10 4 6 24729425
10 4 5 15449595
10 4 4 14557579
10 4 3 1498027
10 4 2 31598047
10 4 1 15374842
10 4 0 15147432
10 3 12 29322994
10 3 11 10050480
10 3 10 6566551
10 3 9 27796174
10 3 8 18727133
10 3 7 12277276
10 3 6 14131001
10 3 5 25425996
10 3 4 12608124
10 3 3 31697988
10 3 2 23864505
10 3 1 33505117
10 3 0 16574145
10 2 12 7088834
10 2 11 31126627
10 2 10 12241991
10 2 9 29746194
10 2 8 26141098
10 2 7 4639257
10 2 6 32356696
10 2 5 3484955
10 2 4 6587914
10 2 3 20671950
10 2 2 29331369
10 2 1 11107110
10 2 0 29653244
10 1 12 28650649
10 1 11 19610183
10 1 10 28996480
10 1 9 29061899
10 1 8 32361131
10 1 7 8874590
10 1 6 22214134
10 1 5 10765226
10 1 4 32236768
10 1 3 20456546
10 1 2 5378801
10 1 1 29424752
10 1 0 6589429
10 0 12 983410
10 0 11 32332910
10 0 10 6896299
10 0 9 20057024
10 0 8 26891223
10 0 7 9303442
10 0 6 19173288
10 0 5 26721666
10 0 4 22368776
10 0 3 17194149
10 0 2 19917769
10 0 1 8868656
10 0 0 18247082
9 14 10 5828635
9 14 9 31852826
9 14 8 19312897
9 14 7 6129584
9 14 6 26189227
9 14 5 26360094
9 14 4 19526932
9 14 3 6191868
9 14 2 26958661
9 14 1 18992192
9 14 0 13044891
9 13 11 7194055
9 13 10 19892486
9 13 9 17511180
9 13 8 10944502
9 13 7 21697390
9 13 6 26389219
9 13 5 25271978
9 13 4 19015973
9 13 3 4984418
9 13 2 19562665
9 13 1 22544503
9 13 0 6269440
9 12 12 1365420
9 12 11 8454607
9 12 10 184120
9 12 9 18142103
9 12 8 9190047
9 12 7 10238881
9 12 6 6892426
9 12 5 28490643
9 12 4 9432448
9 12 3 11849235
9 12 2 4926217
9 12 1 26750507
9 12 0 31053178
9 11 12 29341377
9 11 11 12510977
9 11 10 12204957
9 11 9 4573394
9 11 8 11935405
9 11 7 25856180
9 11 6 15576179
9 11 5 1198819
9 11 4 13479556
9 11 3 15239867
9 11 2 15813583
9 11 1 21744556
9 11 0 17647179
9 10 12 19041121
9 10 11 16292578
9 10 10 7688057
9 10 9 18523231
9 10 8 16775345
9 10 7 30285181
9 10 6 7410988
9 10 5 32862956
9 10 4 20935872
9 10 3 14905373
9 10 2 17919695
9 10 1 30995688
9 10 0 16722496
9 9 12 28297881
9 9 11 414900
9 9 10 24211046
9 9 9 6431840
9 9 8 24906515
9 9 7 14590313
9 9 6 12493819
9 9 5 25220239
9 9 4 32489621
9 9 3 28432560
9 9 2 21758091
9 9 1 17324484
9 9 0 4757345
9 8 12 15802891
9 8 11 25915698
9 8 10 18987450
9 8 9 22214988
9 8 8 7878786
9 8 7 32567173
9 8 6 13309283
9 8 5 24357974
9 8 4 14229864
9 8 3 24624223
9 8 2 11006526
9 8 1 18991402
9 8 0 9905219
9 7 12 32822456
9 7 11 8198967
9 7 10 2297347
9 7 9 20319354
9 7 8 14683072
9 7 7 21331893
9 7 6 2800978
9 7 5 32008063
9 7 4 33073182
9 7 3 2497286
9 7 2 31333011
9 7 1 25629246
9 7 0 29174390
9 6 12 32666382
9 6 11 6762810
9 6 10 27291334
9 6 9 27222707
9 6 8 33317226
9 6 7 23274894
9 6 6 8198877
9 6 5 18546151
9 6 4 30491247
9 6 3 32803597
9 6 2 27305107
9 6 1 22106342
9 6 0 20824954
9 5 12 23323694
9 5 11 4865041
9 5 10 28132606
9 5 9 28009
9 5 8 2288171
9 5 7 735342
9 5 6 15711556
9 5 5 1304231
9 5 4 27378921
9 5 3 17273786
9 5 2 25901242
9 5 1 26858457
9 5 0 26588969
9 4 12 8070687
9 4 11 23359111
9 4 10 14372540
9 4 9 1444485
9 4 8 31911127
9 4 7 19735032
9 4 6 6720461
9 4 5 24798686
9 4 4 22324684
9 4 3 20339390
9 4 2 21487140
9 4 1 13864615
9 4 0 10974888
9 3 12 33525555
9 3 11 30456267
9 3 10 21719624
9 3 9 10718186
9 3 8 30435794
9 3 7 16724090
9 3 6 17858889
9 3 5 28984101
9 3 4 14638262
9 3 3 2136693
9 3 2 3496129
9 3 1 2041637
9 3 0 7016555
9 2 12 1394659
9 2 11 4672794
9 2 10 33006246
9 2 9 13190153
9 2 8 33153383
9 2 7 23442977
9 2 6 32453982
9 2 5 27626096
9 2 4 18900790
9 2 3 25327233
9 2 2 24511173
9 2 1 5859976
9 2 0 16459336
9 1 12 29436332
9 1 11 32147061
9 1 10 10641026
9 1 9 2267338
9 1 8 16076883
9 1 7 27396295
9 1 6 21845973
9 1 5 257756
9 1 4 21303735
9 1 3 15823777
9 1 2 2103767
9 1 1 2391256
9 1 0 21519225
9 0 12 4223877
9 0 11 10285057
9 0 10 15361001
9 0 9 18730510
9 0 8 21867424
9 0 7 18918992
9 0 6 13071953
9 0 5 275875
9 0 4 13706492
9 0 3 28971138
9 0 2 1224628
9 0 1 19816337
9 0 0 27542534
8 14 10 14746461
8 14 9 5441274
8 14 8 2929478
8 14 7 30254755
8 14 6 22995050
8 14 5 2478157
8 14 4 25194466
8 14 3 19418756
8 14 2 6084632
8 14 1 9321507
8 14 0 30562021
8 13 11 20013164
8 13 10 32627731
8 13 9 3314060
8 13 8 5119947
8 13 7 25998359
8 13 6 26139664
8 13 5 22077611
8 13 4 19410868
8 13 3 19579950
8 13 2 1651625
8 13 1 30333914
8 13 0 15695601
8 12 12 5266703
8 12 11 31542921
8 12 10 19344477
8 12 9 32229377
8 12 8 4635097
8 12 7 10837360
8 12 6 22572288
8 12 5 18179338
8 12 4 20297930
8 12 3 14604090
8 12 2 18519982
8 12 1 2230751
8 12 0 24993693
8 11 12 23315980
8 11 11 27346911
8 11 10 12961596
8 11 9 1583074
8 11 8 26135079
8 11 7 25620391
8 11 6 14913201
8 11 5 13876104
8 11 4 24487768
8 11 3 8910701
8 11 2 29035178
8 11 1 23739090
8 11 0 22537780
8 10 12 8623108
8 10 11 3709388
8 10 10 15021123
8 10 9 5618553
8 10 8 11440996
8 10 7 26949431
8 10 6 5702558
8 10 5 23148416
8 10 4 3543692
8 10 3 9942874
8 10 2 29499287
8 10 1 24431454
8 10 0 16115541
8 9 12 22774791
8 9 11 29753886
8 9 10 21718729
8 9 9 16697550
8 9 8 24881056
8 9 7 15718390
8 9 6 22047325
8 9 5 32333599
8 9 4 27771965
8 9 3 2384359
8 9 2 24034242
8 9 1 32130266
8 9 0 15271748
8 8 12 8316574
8 8 11 33454593
8 8 10 11528484
8 8 9 2481016
8 8 8 16631807
8 8 7 19364381
8 8 6 16327889
8 8 5 1713315
8 8 4 19129584
8 8 3 12022163
8 8 2 29336700
8 8 1 3017297
8 8 0 12018524
8 7 12 1467473
8 7 11 26078119
8 7 10 6996990
8 7 9 22889163
8 7 8 28740902
8 7 7 27855070
8 7 6 10097645
8 7 5 22611869
8 7 4 9415074
8 7 3 23871572
8 7 2 14339489
8 7 1 8034520
8 7 0 31346338
8 6 12 24732162
8 6 11 24795724
8 6 10 14322461
8 6 9 24979413
8 6 8 33213810
8 6 7 30238919
8 6 6 24045343
8 6 5 9793000
8 6 4 6252062
8 6 3 26299274
8 6 2 24331720
8 6 1 32021358
8 6 0 22482262
8 5 12 5272159
8 5 11 17531623
8 5 10 15892387
8 5 9 5209916
8 5 8 32031713
8 5 7 19806310
8 5 6 25047805
8 5 5 19871217
8 5 4 8369097
8 5 3 17918131
8 5 2 21646505
8 5 1 30911923
8 5 0 9621867
8 4 12 198577
8 4 11 20063692
8 4 10 27130009
8 4 9 29068629
8 4 8 27055282
8 4 7 16800174
8 4 6 31859705
8 4 5 31762386
8 4 4 15873100
8 4 3 2022142
8 4 2 17126978
8 4 1 8109040
8 4 0 28566474
8 3 12 10814110
8 3 11 28538755
8 3 10 2083332
8 3 9 10305509
8 3 8 4857880
8 3 7 14173678
8 3 6 25438715
8 3 5 27421116
8 3 4 17901422
8 3 3 16715915
8 3 2 6839791
8 3 1 25600403
8 3 0 23943591
8 2 12 9098982
8 2 11 14387732
8 2 10 31372221
8 2 9 15385526
8 2 8 28046399
8 2 7 22710361
8 2 6 8808057
8 2 5 23964907
8 2 4 9026813
8 2 3 3653335
8 2 2 4329117
8 2 1 22545879
8 2 0 25215101
8 1 12 1581718
8 1 11 27450488
8 1 10 4358507
8 1 9 18984881
8 1 8 11945754
8 1 7 31254449
8 1 6 17041785
8 1 5 29265106
8 1 4 30752340
8 1 3 8074101
8 1 2 24543621
8 1 1 5064370
8 1 0 21184249
8 0 12 1603384
8 0 11 2928543
8 0 10 32293198
8 0 9 15602289
8 0 8 30594568
8 0 7 11045473
8 0 6 1665208
8 0 5 11041237
8 0 4 10652621
8 0 3 25901576
8 0 2 21098070
8 0 1 11035489
8 0 0 13201951
7 14 10 6923759
7 14 9 5736174
7 14 8 9448379
7 14 7 26830826
7 14 6 15635559
7 14 5 18234868
7 14 4 25876113
7 14 3 11230925
7 14 2 11494276
7 14 1 10761039
7 14 0 6588002
7 13 11 29503676
7 13 10 13387477
7 13 9 2095865
7 13 8 8322019
7 13 7 25786012
7 13 6 6174430
7 13 5 5629310
7 13 4 32532539
7 13 3 30829065
7 13 2 16369506
7 13 1 11495908
7 13 0 11864962
7 12 12 22579917
7 12 11 16073459
7 12 10 26518557
7 12 9 27511234
7 12 8 17689093
7 12 7 29577452
7 12 6 3721254
7 12 5 16073824
7 12 4 11862893
7 12 3 30599964
7 12 2 18932056
7 12 1 16464910
7 12 0 17327267
7 11 12 10664233
7 11 11 27586818
7 11 10 28029258
7 11 9 28452995
7 11 8 11580063
7 11 7 10188038
7 11 6 22955317
7 11 5 31103844
7 11 4 17996064
7 11 3 25233387
7 11 2 2132989
7 11 1 5027816
7 11 0 12500147
7 10 12 17867717
7 10 11 18187159
7 10 10 15516608
7 10 9 2795286
7 10 8 32278352
7 10 7 16401634
7 10 6 757013
7 10 5 6553759
7 10 4 8287168
7 10 3 4231289
7 10 2 17390414
7 10 1 5855965
7 10 0 6120315
7 9 12 12388280
7 9 11 989268
7 9 10 24181353
7 9 9 8208714
7 9 8 4962974
7 9 7 4012321
7 9 6 6813370
7 9 5 8627694
7 9 4 20789286
7 9 3 6221140
7 9 2 30852387
7 9 1 19874277
7 9 0 32459965
7 8 12 9119672
7 8 11 29669498
7 8 10 8187477
7 8 9 15333886
7 8 8 5523692
7 8 7 28131921
7 8 6 33398477
7 8 5 3225819
7 8 4 6949290
7 8 3 3750823
7 8 2 2203577
7 8 1 32783352
7 8 0 8006608
7 7 12 1773132
7 7 11 1928342
7 7 10 20740687
7 7 9 4389756
7 7 8 3053860
7 7 7 1892601
7 7 6 5616501
7 7 5 12130622
7 7 4 14103057
7 7 3 32625269
7 7 2 14824874
7 7 1 20767492
7 7 0 25955598
7 6 12 20023257
7 6 11 28323186
7 6 10 19843819
7 6 9 25350815
7 6 8 7198793
7 6 7 31668923
7 6 6 21293234
7 6 5 28796712
7 6 4 21513576
7 6 3 32768737
7 6 2 4436942
7 6 1 26634585
7 6 0 32409853
7 5 12 18265919
7 5 11 33206075
7 5 10 20291043
7 5 9 33030668
7 5 8 4308868
7 5 7 28793022
7 5 6 26673218
7 5 5 13912118
7 5 4 28987873
7 5 3 21840017
7 5 2 9638193
7 5 1 15663851
7 5 0 11182711
7 4 12 20508317
7 4 11 13167764
7 4 10 30644535
7 4 9 26204891
7 4 8 29156126
7 4 7 6727112
7 4 6 29319918
7 4 5 14543542
7 4 4 15459054
7 4 3 30259153
7 4 2 29611399
7 4 1 24433696
7 4 0 9178456
7 3 12 20843408
7 3 11 11047681
7 3 10 26410639
7 3 9 4805806
7 3 8 18099372
7 3 7 15156729
7 3 6 284243
7 3 5 13878301
7 3 4 1304831
7 3 3 18723059
7 3 2 1117152
7 3 1 21605240
7 3 0 32623300
7 2 12 13351938
7 2 11 21473424
7 2 10 32484042
7 2 9 7770082
7 2 8 13873408
7 2 7 15116451
7 2 6 21355242
7 2 5 14754080
7 2 4 2129843
7 2 3 28252045
7 2 2 14170545
7 2 1 14921414
7 2 0 27610006
7 1 12 20629458
7 1 11 32233765
7 1 10 26238430
7 1 9 14404569
7 1 8 14308228
7 1 7 2711953
7 1 6 19919942
7 1 5 20554288
7 1 4 15642617
7 1 3 2085248
7 1 2 13475589
7 1 1 5048713
7 1 0 1734887
7 0 12 26960043
7 0 11 26070050
7 0 10 33133482
7 0 9 13179130
7 0 8 24575255
7 0 7 21691504
7 0 6 631939
7 0 5 23210543
7 0 4 6988543
7 0 3 18320978
7 0 2 21654761
7 0 1 32552881
7 0 0 21081063
6 14 10 27821616
6 14 9 9943251
6 14 8 8130897
6 14 7 6428797
6 14 6 20472431
6 14 5 30256756
6 14 4 6604982
6 14 3 13088427
6 14 2 24236341
6 14 1 18375101
6 14 0 33495216
6 13 11 25030820
6 13 10 355045
6 13 9 20207268
6 13 8 17123068
6 13 7 8932676
6 13 6 9970550
6 13 5 15048626
6 13 4 1584271
6 13 3 31938445
6 13 2 18533541
6 13 1 27487384
6 13 0 29861964
6 12 12 30763597
6 12 11 13498837
6 12 10 904744
6 12 9 8441598
6 12 8 20371755
6 12 7 25333751
6 12 6 20553220
6 12 5 30939310
6 12 4 9359296
6 12 3 17687452
6 12 2 22468699
6 12 1 28655943
6 12 0 20575578
6 11 12 17203081
6 11 11 1006868
6 11 10 22918404
6 11 9 26548120
6 11 8 29148275
6 11 7 2566428
6 11 6 10277209
6 11 5 25545557
6 11 4 25675036
6 11 3 8562243
6 11 2 479121
6 11 1 23071125
6 11 0 25107794
6 10 12 2289546
6 10 11 20858211
6 10 10 28849289
6 10 9 12211488
6 10 8 8573612
6 10 7 19756667
6 10 6 28001821
6 10 5 24203782
6 10 4 15257891
6 10 3 10105663
6 10 2 26119685
6 10 1 2369218
6 10 0 1531582
6 9 12 4699848
6 9 11 32388662
6 9 10 11180105
6 9 9 32706094
6 9 8 29677409
6 9 7 4342537
6 9 6 18313538
6 9 5 32599769
6 9 4 7723343
6 9 3 14248803
6 9 2 108087
6 9 1 891057
6 9 0 32973792
6 8 12 26626662
6 8 11 3896614
6 8 10 33190980
6 8 9 16132287
6 8 8 29587779
6 8 7 884089
6 8 6 7583786
6 8 5 29665665
6 8 4 13365754
6 8 3 31055767
6 8 2 33050799
6 8 1 32615276
6 8 0 13386766
6 7 12 20101944
6 7 11 15865535
6 7 10 4464713
6 7 9 27986933
6 7 8 24434630
6 7 7 26810752
6 7 6 12936209
6 7 5 19436552
6 7 4 30924997
6 7 3 31786795
6 7 2 10268849
6 7 1 17022898
6 7 0 32202648
6 6 12 10411965
6 6 11 31645109
6 6 10 15694880
6 6 9 32946247
6 6 8 19771980
6 6 7 24189009
6 6 6 10848062
6 6 5 28700626
6 6 4 19517551
6 6 3 21419718
6 6 2 14634795
6 6 1 19248017
6 6 0 30200230
6 5 12 13812920
6 5 11 25459745
6 5 10 19006469
6 5 9 21227904
6 5 8 14879597
6 5 7 9246621
6 5 6 19373807
6 5 5 12405095
6 5 4 33318963
6 5 3 2504775
6 5 2 33286472
6 5 1 8113208
6 5 0 13826688
6 4 12 16296020
6 4 11 23334988
6 4 10 15100452
6 4 9 17586837
6 4 8 19984858
6 4 7 21000101
6 4 6 543319
6 4 5 8158062
6 4 4 33304179
6 4 3 32374785
6 4 2 1198316
6 4 1 11071801
6 4 0 17606237
6 3 12 5096184
6 3 11 593421
6 3 10 22760955
6 3 9 5867038
6 3 8 16453352
6 3 7 7990617
6 3 6 20814198
6 3 5 15731978
6 3 4 11412258
6 3 3 16716121
6 3 2 23032826
6 3 1 29509922
6 3 0 20035094
6 2 12 2904049
6 2 11 11766153
6 2 10 26003064
6 2 9 75633
6 2 8 31941277
6 2 7 15303215
6 2 6 18417431
6 2 5 23043734
6 2 4 9195916
6 2 3 1780994
6 2 2 25166703
6 2 1 25108431
6 2 0 9049498
6 1 12 21065986
6 1 11 15340388
6 1 10 24552098
6 1 9 15336107
6 1 8 30406006
6 1 7 32254584
6 1 6 24064354
6 1 5 1565528
6 1 4 30804651
6 1 3 25283469
6 1 2 22106914
6 1 1 24543318
6 1 0 12726612
6 0 12 20778447
6 0 11 18787955
6 0 10 22442131
6 0 9 5008210
6 0 8 32770464
6 0 7 8776731
6 0 6 12554159
6 0 5 6368871
6 0 4 21427791
6 0 3 6227498
6 0 2 8346471
6 0 1 13376504
6 0 0 7335092
5 14 10 24066138
5 14 9 30621203
5 14 8 29116866
5 14 7 26729699
5 14 6 19720827
5 14 5 16218544
5 14 4 21665861
5 14 3 10152978
5 14 2 19004840
5 14 1 12416226
5 14 0 27479504
5 13 11 10841568
5 13 10 16915655
5 13 9 6304240
5 13 8 51981
5 13 7 8455092
5 13 6 8238047
5 13 5 97087
5 13 4 81775
5 13 3 26318224
5 13 2 14086798
5 13 1 10746548
5 13 0 16359980
5 12 12 20329823
5 12 11 9077116
5 12 10 13119904
5 12 9 16456490
5 12 8 6377926
5 12 7 8734579
5 12 6 17166193
5 12 5 1557826
5 12 4 10294836
5 12 3 12057514
5 12 2 31783251
5 12 1 13928631
5 12 0 7461073
5 11 12 30255294
5 11 11 31174940
5 11 10 30872426
5 11 9 8736581
5 11 8 4139368
5 11 7 18420336
5 11 6 7846503
5 11 5 26438622
5 11 4 16398246
5 11 3 10193918
5 11 2 18351540
5 11 1 10639568
5 11 0 22562472
5 10 12 28192211
5 10 11 2879739
5 10 10 12444481
5 10 9 24840401
5 10 8 22216700
5 10 7 10287972
5 10 6 6450169
5 10 5 29609303
5 10 4 14513470
5 10 3 17118467
5 10 2 561628
5 10 1 27159422
5 10 0 24341289
5 9 12 10557483
5 9 11 15488113
5 9 10 3955526
5 9 9 6198051
5 9 8 1593508
5 9 7 32037071
5 9 6 13692570
5 9 5 30174309
5 9 4 14208771
5 9 3 11463237
5 9 2 3671903
5 9 1 14820325
5 9 0 1208600
5 8 12 13435639
5 8 11 29810698
5 8 10 11492479
5 8 9 9936817
5 8 8 27321287
5 8 7 13036254
5 8 6 17951202
5 8 5 669907
5 8 4 3749345
5 8 3 5822778
5 8 2 12419299
5 8 1 29632161
5 8 0 7489647
5 7 12 21593428
5 7 11 11258121
5 7 10 17097796
5 7 9 11443556
5 7 8 20719523
5 7 7 31158216
5 7 6 3790727
5 7 5 10774230
5 7 4 16755846
5 7 3 7979046
5 7 2 10910654
5 7 1 476590
5 7 0 2020380
5 6 12 4555061
5 6 11 5953298
5 6 10 8665013
5 6 9 31831346
5 6 8 28007634
5 6 7 10722060
5 6 6 27654701
5 6 5 29982373
5 6 4 22885930
5 6 3 30742804
5 6 2 22660965
5 6 1 26133102
5 6 0 28774162
5 5 12 25739036
5 5 11 31802991
5 5 10 9658096
5 5 9 26871861
5 5 8 6578449
5 5 7 1111091
5 5 6 7547185
5 5 5 12129341
5 5 4 9555451
5 5 3 1122194
5 5 2 10531679
5 5 1 23060004
5 5 0 29821430
5 4 12 8226271
5 4 11 25429501
5 4 10 30597065
5 4 9 2385810
5 4 8 17160145
5 4 7 14077506
5 4 6 20263440
5 4 5 16941788
5 4 4 10280016
5 4 3 4620325
5 4 2 9965502
5 4 1 22123730
5 4 0 30776036
5 3 12 30481476
5 3 11 26527251
5 3 10 30260866
5 3 9 24625996
5 3 8 24337066
5 3 7 14795875
5 3 6 18910316
5 3 5 4576547
5 3 4 11454878
5 3 3 25690598
5 3 2 12339378
5 3 1 26287388
5 3 0 15802981
5 2 12 1620861
5 2 11 10027465
5 2 10 5417562
5 2 9 24654511
5 2 8 380552
5 2 7 18040249
5 2 6 28593067
5 2 5 165381
5 2 4 9312671
5 2 3 27339992
5 2 2 3077538
5 2 1 31063973
5 2 0 30963730
5 1 12 13899081
5 1 11 33062104
5 1 10 13585659
5 1 9 14362501
5 1 8 33253595
5 1 7 31107667
5 1 6 3069044
5 1 5 32973522
5 1 4 14924883
5 1 3 30191312
5 1 2 14496069
5 1 1 31110614
5 1 0 20104934
5 0 12 15744854
5 0 11 12483525
5 0 10 9545065
5 0 9 5214432
5 0 8 18479582
5 0 7 32007466
5 0 6 23347059
5 0 5 24029622
5 0 4 1673110
5 0 3 27094611
5 0 2 4680930
5 0 1 23899459
5 0 0 17704122
4 14 10 29503598
4 14 9 28778862
4 14 8 4585145
4 14 7 22611653
4 14 6 31056543
4 14 5 17657366
4 14 4 25807582
4 14 3 20980881
4 14 2 641363
4 14 1 17546557
4 14 0 19504431
4 13 11 24509363
4 13 10 28245517
4 13 9 9229851
4 13 8 30478646
4 13 7 18713278
4 13 6 9661945
4 13 5 4648639
4 13 4 7897968
4 13 3 25371518
4 13 2 6587887
4 13 1 30121336
4 13 0 25184304
4 12 12 28560158
4 12 11 11726155
4 12 10 2804451
4 12 9 4860115
4 12 8 21797686
4 12 7 21996328
4 12 6 25264499
4 12 5 11320311
4 12 4 29832652
4 12 3 30073559
4 12 2 3059584
4 12 1 16949537
4 12 0 6934649
4 11 12 14146380
4 11 11 9373347
4 11 10 5832491
4 11 9 23380870
4 11 8 11870390
4 11 7 10194761
4 11 6 16543913
4 11 5 5854661
4 11 4 30535157
4 11 3 8372995
4 11 2 28787291
4 11 1 17467018
4 11 0 7555416
4 10 12 6120207
4 10 11 32120138
4 10 10 17461601
4 10 9 27932023
4 10 8 26412778
4 10 7 23542
4 10 6 2422397
4 10 5 17990800
4 10 4 21238993
4 10 3 26070183
4 10 2 13273824
4 10 1 30641624
4 10 0 603498
4 9 12 2720493
4 9 11 32405
4 9 10 21371503
4 9 9 15599961
4 9 8 7525038
4 9 7 15009806
4 9 6 30573390
4 9 5 8845885
4 9 4 15775051
4 9 3 21981881
4 9 2 30047252
4 9 1 28751637
4 9 0 28347672
4 8 12 1560287
4 8 11 22712775
4 8 10 9033269
4 8 9 11529065
4 8 8 14930131
4 8 7 21875953
4 8 6 25575931
4 8 5 11541226
4 8 4 27608392
4 8 3 26520544
4 8 2 30001263
4 8 1 22033499
4 8 0 16127167
4 7 12 8436685
4 7 11 12727760
4 7 10 4087715
4 7 9 19143156
4 7 8 8945203
4 7 7 20613253
4 7 6 32725728
4 7 5 6607836
4 7 4 29619983
4 7 3 13291334
4 7 2 21640754
4 7 1 20327553
4 7 0 18626941
4 6 12 15597646
4 6 11 10305342
4 6 10 771840
4 6 9 26533682
4 6 8 11337309
4 6 7 17295730
4 6 6 26074089
4 6 5 23040460
4 6 4 17742138
4 6 3 25456440
4 6 2 9007633
4 6 1 4274290
4 6 0 15288451
4 5 12 14535610
4 5 11 8218027
4 5 10 33381842
4 5 9 23974484
4 5 8 31035736
4 5 7 22050781
4 5 6 11703370
4 5 5 14370714
4 5 4 32591570
4 5 3 29895255
4 5 2 20911236
4 5 1 9456665
4 5 0 24840321
4 4 12 22501160
4 4 11 13313069
4 4 10 21812767
4 4 9 32520931
4 4 8 13844081
4 4 7 9796336
4 4 6 14331146
4 4 5 2773502
4 4 4 31772526
4 4 3 18733155
4 4 2 1824661
4 4 1 24442270
4 4 0 6411970
4 3 12 12560323
4 3 11 18429059
4 3 10 25632505
4 3 9 15246580
4 3 8 2818364
4 3 7 2616734
4 3 6 15737341
4 3 5 31637629
4 3 4 14169121
4 3 3 23854758
4 3 2 29518730
4 3 1 13766153
4 3 0 13098399
4 2 12 3593565
4 2 11 8370264
4 2 10 13176388
4 2 9 8072777
4 2 8 26436038
4 2 7 31929047
4 2 6 11439241
4 2 5 31189443
4 2 4 27043163
4 2 3 32876083
4 2 2 2640008
4 2 1 29240051
4 2 0 7841414
4 1 12 18749729
4 1 11 12965891
4 1 10 5968571
4 1 9 17586782
4 1 8 17035582
4 1 7 19611145
4 1 6 8413807
4 1 5 32475029
4 1 4 22003846
4 1 3 20078382
4 1 2 30326374
4 1 1 22228095
4 1 0 11263673
4 0 12 2181170
4 0 11 24575926
4 0 10 25068604
4 0 9 6295103
4 0 8 16289068
4 0 7 1968290
4 0 6 15595998
4 0 5 22986390
4 0 4 1497498
4 0 3 26635288
4 0 2 7827521
4 0 1 8649615
4 0 0 22650753
3 14 10 11641962
3 14 9 15688537
3 14 8 27935320
3 14 7 15729389
3 14 6 31503380
3 14 5 3127034
3 14 4 14041780
3 14 3 2556968
3 14 2 27171148
3 14 1 6715796
3 14 0 9782155
3 13 11 27485737
3 13 10 8102638
3 13 9 2076430
3 13 8 29988745
3 13 7 27594070
3 13 6 26771233
3 13 5 26887218
3 13 4 15085253
3 13 3 17595452
3 13 2 23470560
3 13 1 9759255
3 13 0 13683253
3 12 12 15843775
3 12 11 7768833
3 12 10 29319337
3 12 9 26461464
3 12 8 17313241
3 12 7 16947934
3 12 6 27830855
3 12 5 17392623
3 12 4 10741324
3 12 3 23287031
3 12 2 7015646
3 12 1 9202053
3 12 0 14774081
3 11 12 6951106
3 11 11 12140574
3 11 10 27116828
3 11 9 20394899
3 11 8 4046773
3 11 7 10376532
3 11 6 29691772
3 11 5 5387438
3 11 4 11147036
3 11 3 24559147
3 11 2 32366189
3 11 1 5486636
3 11 0 31915073
3 10 12 17062017
3 10 11 17611139
3 10 10 28611523
3 10 9 22288868
3 10 8 8439083
3 10 7 29737941
3 10 6 12259230
3 10 5 5779616
3 10 4 17934732
3 10 3 22024324
3 10 2 16194606
3 10 1 10709478
3 10 0 28270493
3 9 12 27183085
3 9 11 20904908
3 9 10 29351003
3 9 9 4186916
3 9 8 1376019
3 9 7 17431101
3 9 6 4016258
3 9 5 8238393
3 9 4 22509539
3 9 3 18913202
3 9 2 33495798
3 9 1 18508965
3 9 0 25367749
3 8 12 1599476
3 8 11 10908432
3 8 10 29343341
3 8 9 16727651
3 8 8 14439208
3 8 7 31711375
3 8 6 25653315
3 8 5 12472679
3 8 4 15099011
3 8 3 7818941
3 8 2 11871820
3 8 1 18860734
3 8 0 15908480
3 7 12 11570846
3 7 11 19461533
3 7 10 13138977
3 7 9 23728244
3 7 8 2422083
3 7 7 24930083
3 7 6 7048224
3 7 5 15635605
3 7 4 10424932
3 7 3 23300297
3 7 2 11902776
3 7 1 24524912
3 7 0 28916883
3 6 12 19727420
3 6 11 418570
3 6 10 29186783
3 6 9 21081628
3 6 8 31696766
3 6 7 764209
3 6 6 33366505
3 6 5 30767809
3 6 4 30848698
3 6 3 30280785
3 6 2 3261102
3 6 1 9722485
3 6 0 6213044
3 5 12 32196871
3 5 11 28070999
3 5 10 21846101
3 5 9 18526117
3 5 8 13518770
3 5 7 19015700
3 5 6 3116482
3 5 5 17243
3 5 4 86319
3 5 3 16539734
3 5 2 7770922
3 5 1 25004875
3 5 0 11817002
3 4 12 26442251
3 4 11 23683515
3 4 10 30648960
3 4 9 16675850
3 4 8 33383031
3 4 7 19597755
3 4 6 27048313
3 4 5 4627039
3 4 4 5708231
3 4 3 27831770
3 4 2 1392089
3 4 1 7883638
3 4 0 33104282
3 3 12 9790464
3 3 11 15599655
3 3 10 21421681
3 3 9 12005256
3 3 8 22314511
3 3 7 30649735
3 3 6 24359170
3 3 5 11386270
3 3 4 12333670
3 3 3 24093513
3 3 2 10520705
3 3 1 7022543
3 3 0 3507253
3 2 12 11325577
3 2 11 14414995
3 2 10 2711915
3 2 9 20082786
3 2 8 18082786
3 2 7 20108742
3 2 6 8767629
3 2 5 19685599
3 2 4 33235834
3 2 3 24949926
3 2 2 27370721
3 2 1 7331963
3 2 0 18750772
3 1 12 32967080
3 1 11 12220640
3 1 10 16752301
3 1 9 27198750
3 1 8 3535087
3 1 7 27347493
3 1 6 16607231
3 1 5 8111825
3 1 4 27628377
3 1 3 14390024
3 1 2 24999194
3 1 1 10252185
3 1 0 11473461
3 0 12 5010230
3 0 11 29310542
3 0 10 33206076
3 0 9 18868599
3 0 8 19303710
3 0 7 24460654
3 0 6 21023218
3 0 5 9020696
3 0 4 8072310
3 0 3 612116
3 0 2 20481626
3 0 1 24701930
3 0 0 33431760
2 14 10 14990459
2 14 9 4282071
2 14 8 15375595
2 14 7 8512893
2 14 6 26884193
2 14 5 30491833
2 14 4 28391518
2 14 3 31960185
2 14 2 18004801
2 14 1 8815725
2 14 0 2944380
2 13 11 28792463
2 13 10 13682740
2 13 9 20572410
2 13 8 5431731
2 13 7 2068556
2 13 6 5891703
2 13 5 17159710
2 13 4 21417071
2 13 3 29738480
2 13 2 3545407
2 13 1 13099937
2 13 0 32323735
2 12 12 13802004
2 12 11 10914180
2 12 10 2857146
2 12 9 4592105
2 12 8 4318546
2 12 7 15427797
2 12 6 27899021
2 12 5 16939070
2 12 4 15484788
2 12 3 24913363
2 12 2 11055933
2 12 1 3259831
2 12 0 31943796
2 11 12 3890421
2 11 11 14633708
2 11 10 28661290
2 11 9 16283006
2 11 8 24884931
2 11 7 25027453
2 11 6 21538257
2 11 5 28626319
2 11 4 2659637
2 11 3 28472337
2 11 2 992871
2 11 1 27011738
2 11 0 2047202
2 10 12 25384171
2 10 11 15822053
2 10 10 2724615
2 10 9 23011888
2 10 8 26147516
2 10 7 3263154
2 10 6 13920321
2 10 5 14629865
2 10 4 5876871
2 10 3 11466271
2 10 2 32180487
2 10 1 9579874
2 10 0 18039073
2 9 12 33210142
2 9 11 19234486
2 9 10 20950874
2 9 9 16620592
2 9 8 7318594
2 9 7 21602750
2 9 6 2964628
2 9 5 21794610
2 9 4 4810986
2 9 3 1915242
2 9 2 17533222
2 9 1 10778834
2 9 0 32098294
2 8 12 32587778
2 8 11 2011089
2 8 10 14110281
2 8 9 33483800
2 8 8 12469842
2 8 7 18496597
2 8 6 10601636
2 8 5 24383495
2 8 4 27736813
2 8 3 2747537
2 8 2 16366929
2 8 1 32961507
2 8 0 7541827
2 7 12 21847068
2 7 11 6857523
2 7 10 8422825
2 7 9 21153149
2 7 8 7993986
2 7 7 25532303
2 7 6 27366070
2 7 5 4372056
2 7 4 4233489
2 7 3 13430243
2 7 2 28844621
2 7 1 26265017
2 7 0 4021303
2 6 12 17663908
2 6 11 14584957
2 6 10 12656954
2 6 9 13580085
2 6 8 29285344
2 6 7 13500749
2 6 6 22225394
2 6 5 821113
2 6 4 21975022
2 6 3 19143114
2 6 2 30767358
2 6 1 19694553
2 6 0 24449337
2 5 12 27242401
2 5 11 18970016
2 5 10 26834641
2 5 9 8695477
2 5 8 27270808
2 5 7 27596950
2 5 6 26340421
2 5 5 6580059
2 5 4 30276415
2 5 3 27998667
2 5 2 7323824
2 5 1 25967770
2 5 0 11796511
2 4 12 16143916
2 4 11 23489781
2 4 10 32907553
2 4 9 29280615
2 4 8 29236369
2 4 7 6425097
2 4 6 18490780
2 4 5 26434780
2 4 4 10215060
2 4 3 17533545
2 4 2 22467175
2 4 1 3569945
2 4 0 26780758
2 3 12 28503996
2 3 11 16821968
2 3 10 1426272
2 3 9 3273250
2 3 8 24927433
2 3 7 5764267
2 3 6 5607481
2 3 5 3215386
2 3 4 5207592
2 3 3 19243221
2 3 2 14178159
2 3 1 19666371
2 3 0 32871665
2 2 12 16460840
2 2 11 27947722
2 2 10 27172625
2 2 9 1213577
2 2 8 29131045
2 2 7 25585498
2 2 6 16102404
2 2 5 18085567
2 2 4 16015083
2 2 3 19624548
2 2 2 28444893
2 2 1 5356026
2 2 0 31594834
2 1 12 19841214
2 1 11 21585118
2 1 10 12043729
2 1 9 6091034
2 1 8 7990051
2 1 7 15076494
2 1 6 31426471
2 1 5 4325092
2 1 4 30048946
2 1 3 16190578
2 1 2 26866422
2 1 1 32286483
2 1 0 892359
2 0 12 24635209
2 0 11 10055866
2 0 10 32558465
2 0 9 15184430
2 0 8 32780524
2 0 7 16240832
2 0 6 1431986
2 0 5 8702375
2 0 4 20659788
2 0 3 16872329
2 0 2 1489763
2 0 1 19256967
2 0 0 6311457
1 14 10 32365938
1 14 9 26001749
1 14 8 28016554
1 14 7 12757244
1 14 6 30083949
1 14 5 8774357
1 14 4 20666270
1 14 3 28588672
1 14 2 13973738
1 14 1 8625650
1 14 0 16035353
1 13 11 31177483
1 13 10 11384006
1 13 9 13660619
1 13 8 6556557
1 13 7 28060983
1 13 6 8279529
1 13 5 6554205
1 13 4 21234920
1 13 3 20426783
1 13 2 31321325
1 13 1 22200660
1 13 0 13412534
1 12 12 32365938
1 12 11 5830701
1 12 10 2537829
1 12 9 32983382
1 12 8 19868909
1 12 7 26714541
1 12 6 27210667
1 12 5 1250465
1 12 4 29349817
1 12 3 26403268
1 12 2 10117253
1 12 1 19514756
1 12 0 29896919
1 11 12 20448444
1 11 11 3101844
1 11 10 23840730
1 11 9 6773441
1 11 8 3398590
1 11 7 23405182
1 11 6 17151587
1 11 5 32506620
1 11 4 27261317
1 11 3 2157215
1 11 2 5169561
1 11 1 14515672
1 11 0 14444253
1 10 12 1855145
1 10 11 7162324
1 10 10 15663956
1 10 9 3234472
1 10 8 7911506
1 10 7 6789812
1 10 6 18653651
1 10 5 18784612
1 10 4 2036914
1 10 3 29867903
1 10 2 30903976
1 10 1 29680755
1 10 0 21156993
1 9 12 22632820
1 9 11 7764967
1 9 10 768985
1 9 9 608168
1 9 8 18330846
1 9 7 23730384
1 9 6 24615227
1 9 5 29223360
1 9 4 22575419
1 9 3 13703225
1 9 2 26885657
1 9 1 33496498
1 9 0 10984563
1 8 12 4842163
1 8 11 27864030
1 8 10 9260251
1 8 9 28979621
1 8 8 30842800
1 8 7 26152793
1 8 6 3791176
1 8 5 11907518
1 8 4 29662069
1 8 3 8381716
1 8 2 1802037
1 8 1 11928504
1 8 0 10034690
1 7 12 3454359
1 7 11 21590023
1 7 10 13308637
1 7 9 15461346
1 7 8 31421987
1 7 7 30825818
1 7 6 8123189
1 7 5 7384983
1 7 4 22829179
1 7 3 22526112
1 7 2 16190184
1 7 1 670541
1 7 0 31068354
1 6 12 18936103
1 6 11 17071935
1 6 10 32804794
1 6 9 33106270
1 6 8 28850677
1 6 7 29833692
1 6 6 26720861
1 6 5 5882169
1 6 4 1473951
1 6 3 6571868
1 6 2 13820616
1 6 1 28518638
1 6 0 6429963
1 5 12 3842247
1 5 11 1227658
1 5 10 16944147
1 5 9 19564228
1 5 8 7050568
1 5 7 268089
1 5 6 8233283
1 5 5 20681650
1 5 4 766606
1 5 3 10492324
1 5 2 20896249
1 5 1 13754578
1 5 0 30685007
1 4 12 14107879
1 4 11 6386417
1 4 10 5474369
1 4 9 2462162
1 4 8 19436947
1 4 7 28052042
1 4 6 13068227
1 4 5 11176582
1 4 4 11532711
1 4 3 8065561
1 4 2 18455184
1 4 1 29226358
1 4 0 23176975
1 3 12 23981411
1 3 11 14771085
1 3 10 4422083
1 3 9 12347583
1 3 8 26066112
1 3 7 6919268
1 3 6 15633546
1 3 5 18325019
1 3 4 1042946
1 3 3 1054959
1 3 2 2876611
1 3 1 9649326
1 3 0 21711503
1 2 12 21994597
1 2 11 15637792
1 2 10 4707306
1 2 9 17692463
1 2 8 12593816
1 2 7 15649225
1 2 6 1228924
1 2 5 25648305
1 2 4 26228367
1 2 3 279364
1 2 2 14229412
1 2 1 19056471
1 2 0 12981198
1 1 12 4395231
1 1 11 23919872
1 1 10 23908489
1 1 9 3741139
1 1 8 20078892
1 1 7 30261693
1 1 6 3737339
1 1 5 8534944
1 1 4 8881306
1 1 3 6543170
1 1 2 10290874
1 1 1 27173666
1 1 0 28882353
1 0 12 29361158
1 0 11 8240868
1 0 10 1426145
1 0 9 10980251
1 0 8 26828848
1 0 7 10728824
1 0 6 14325381
1 0 5 19420933
1 0 4 32340090
1 0 3 2115150
1 0 2 24855309
1 0 1 8464202
1 0 0 31476476
0 14 9 7815425
0 14 8 32194562
0 14 7 23671553
0 14 6 6482204
0 14 5 13904564
0 14 4 4674080
0 14 3 20403563
0 14 2 17175249
0 14 1 24943916
0 14 0 30212926
0 13 10 23446275
0 13 9 20345797
0 13 8 857153
0 13 7 16967623
0 13 6 28460611
0 13 5 14479434
0 13 4 13880310
0 13 3 18035806
0 13 2 23414366
0 13 1 29108434
0 13 0 8878379
0 12 11 23446275
0 12 10 4380284
0 12 9 14345355
0 12 8 8729937
0 12 7 13202957
0 12 6 970226
0 12 5 22959560
0 12 4 19211682
0 12 3 23118008
0 12 2 13434873
0 12 1 22770271
0 12 0 6006638
0 11 12 7815425
0 11 11 9392639
0 11 10 17034385
0 11 9 25018588
0 11 8 14739549
0 11 7 17752778
0 11 6 19481306
0 11 5 24197276
0 11 4 7371000
0 11 3 29010805
0 11 2 4779732
0 11 1 28352226
0 11 0 28948522
0 10 12 26717983
0 10 11 15843856
0 10 10 1410269
0 10 9 14891909
0 10 8 2283103
0 10 7 19325009
0 10 6 16904986
0 10 5 32995821
0 10 4 6559251
0 10 3 11475514
0 10 2 14680648
0 10 1 21481340
0 10 0 13902816
0 9 12 2414833
0 9 11 3358072
0 9 10 31806982
0 9 9 15333527
0 9 8 962417
0 9 7 31435870
0 9 6 3838781
0 9 5 9089940
0 9 4 5949787
0 9 3 157748
0 9 2 14978269
0 9 1 5571543
0 9 0 4995631
0 8 12 13091023
0 8 11 5880499
0 8 10 31980942
0 8 9 3487229
0 8 8 16688808
0 8 7 20104241
0 8 6 2158997
0 8 5 17742498
0 8 4 4425331
0 8 3 12741172
0 8 2 8372206
0 8 1 9492357
0 8 0 26285082
0 7 12 17380338
0 7 11 21574786
0 7 10 32173954
0 7 9 3066297
0 7 8 31420694
0 7 7 5949302
0 7 6 17424312
0 7 5 21439966
0 7 4 21918383
0 7 3 33542063
0 7 2 29089759
0 7 1 24215861
0 7 0 27489621
0 6 12 15395003
0 6 11 10642466
0 6 10 13314969
0 6 9 14888421
0 6 8 19994241
0 6 7 31855621
0 6 6 5488252
0 6 5 32569714
0 6 4 17900218
0 6 3 1008577
0 6 2 22883822
0 6 1 6918576
0 6 0 2906870
0 5 12 33175160
0 5 11 25185877
0 5 10 4217614
0 5 9 8752478
0 5 8 26534411
0 5 7 19568490
0 5 6 17822671
0 5 5 19665945
0 5 4 24545743
0 5 3 29659324
0 5 2 18183201
0 5 1 27806070
0 5 0 6159384
0 4 12 5004898
0 4 11 29252409
0 4 10 9279218
0 4 9 30948508
0 4 8 10782355
0 4 7 28794091
0 4 6 10157072
0 4 5 32107285
0 4 4 17702577
0 4 3 32752534
0 4 2 14095133
0 4 1 18146912
0 4 0 4317307
0 3 12 27830878
0 3 11 20521764
0 3 10 26856633
0 3 9 19715050
0 3 8 22195128
0 3 7 4241964
0 3 6 6636493
0 3 5 27640359
0 3 4 5162051
0 3 3 10956725
0 3 2 12357965
0 3 1 26459659
0 3 0 8496373
0 2 12 24427949
0 2 11 19064774
0 2 10 10804031
0 2 9 1408968
0 2 8 29446227
0 2 7 18734877
0 2 6 22503683
0 2 5 9197866
0 2 4 15129326
0 2 3 2125690
0 2 2 22849211
0 2 1 2318071
0 2 0 28352998
0 1 12 19115721
0 1 11 28002076
0 1 10 7269744
0 1 9 20279422
0 1 8 15220442
0 1 7 24167479
0 1 6 9135368
0 1 5 26121131
0 1 4 21465367
0 1 3 18655764
0 1 2 8792437
0 1 1 4260388
0 1 0 6932788
0 0 12 23095499
0 0 11 3904935
0 0 10 4527088
0 0 9 24725344
0 0 8 25364954
0 0 7 31503943
0 0 6 4579729
0 0 5 14711136
0 0 4 14690176
0 0 3 2838784
0 0 2 31658980
0 0 1 6148345
0 0 0 13470454
# beta den 2839
22 4 1 4
22 4 0 4
22 3 2 12
22 3 1 32
22 3 0 20
22 2 3 12
22 2 2 56
22 2 1 80
22 2 0 36
22 1 4 4
22 1 3 32
22 1 2 80
22 1 1 80
22 1 0 28
22 0 4 4
22 0 3 20
22 0 2 36
22 0 1 28
22 0 0 8
21 5 1 33554353
21 5 0 33554353
21 4 2 33554257
21 4 1 33554221
21 4 0 33554357
21 3 3 33554225
21 3 2 33554197
21 3 1 432
21 3 0 460
21 2 4 33554305
21 2 3 33554341
21 2 2 1176
21 2 1 2336
21 2 0 1196
21 1 5 33554377
21 1 4 33554389
21 1 3 792
21 1 2 2600
21 1 1 2888
21 1 0 1068
21 0 5 33554377
21 0 4 84
21 0 3 676
21 0 2 1364
21 0 1 1116
21 0 0 328
20 6 1 180
20 6 0 180
20 5 2 700
20 5 1 32
20 5 0 33553725
20 4 3 1036
20 4 2 33552877
20 4 1 33548797
20 4 0 33551349
20 3 4 708
20 3 3 33551613
20 3 2 33543825
20 3 1 33550341
20 3 0 3028
20 2 5 208
20 2 4 33552625
20 2 3 33547005
20 2 2 5508
20 2 1 28888
20 2 0 17968
20 1 6 16
20 1 5 33554053
20 1 4 33552097
20 1 3 6768
20 1 2 38080
20 1 1 48468
20 1 0 19096
20 0 6 16
20 0 5 33553845
20 0 4 180
20 0 3 10340
20 0 2 24220
20 0 1 20976
20 0 0 6352
19 7 1 33553913
19 7 0 33553913
19 6 2 33552233
19 6 1 2172
19 6 0 4332
19 5 3 33550633
19 5 2 13548
19 5 1 17672
19 5 0 364
19 4 4 33551289
19 4 3 23600
19 4 2 19452
19 4 1 33498121
19 4 0 33505373
19 3 5 33553241
19 3 4 18192
19 3 3 944
19 3 2 33409077
19 3 1 33406017
19 3 0 33532933
19 2 6 33554281
19 2 5 6052
19 2 4 33547325
19 2 3 33432061
19 2 2 33463177
19 2 1 176204
19 2 0 158320
19 1 7 16
19 1 6 580
19 1 5 33553185
19 1 4 33512201
19 1 3 33551409
19 1 2 325444
19 1 1 500480
19 1 0 212472
19 0 7 16
19 0 6 692
19 0 5 33545981
19 0 4 33540565
19 0 3 92932
19 0 2 267600
19 0 1 247192
19 0 0 77264
18 8 1 840
18 8 0 840
18 7 2 4440
18 7 1 33545945
18 7 0 33541505
18 6 3 9000
18 6 2 33505301
18 6 1 33536849
18 6 0 40548
18 5 4 8600
18 5 3 33459493
18 5 2 69204
18 5 1 281324
18 5 0 108620
18 4 5 3560
18 4 4 33468289
18 4 3 196872
18 4 2 539936
18 4 1 33408737
18 4 0 33155337
18 3 6 120
18 3 5 33517921
18 3 4 188700
18 3 3 419524
18 3 2 32605141
18 3 1 31840597
18 3 0 32984081
18 2 7 33554113
18 2 6 33549013
18 2 5 73116
18 2 4 145528
18 2 3 32561745
18 2 2 31841305
18 2 1 214084
18 2 0 867212
18 1 8 33554353
18 1 7 44
18 1 6 7752
18 1 5 37936
18 1 4 33177061
18 1 3 32964853
18 1 2 1712704
18 1 1 3540904
18 1 0 1646260
18 0 8 33554353
18 0 7 324
18 0 6 13252
18 0 5 33479181
18 0 4 33314937
18 0 3 521860
18 0 2 2059340
18 0 1 2048260
18 0 0 662136
17 9 1 33553385
17 9 0 33553385
17 8 2 33548009
17 8 1 16968
17 8 0 23352
17 7 3 33539369
17 7 2 107256
17 7 1 33524153
17 7 0 33401873
17 6 4 33538265
17 6 3 235356
17 6 2 33114293
17 6 1 32986805
17 6 0 123996
17 5 5 33547833
17 5 4 244652
17 5 3 32535345
17 5 2 32993001
17 5 1 2117584
17 5 0 1408716
17 4 6 1456
17 4 5 118256
17 4 4 32508277
17 4 3 287756
17 4 2 5311068
17 4 1 2106812
17 4 0 31800809
17 3 7 1968
17 3 6 15760
17 3 5 33048105
17 3 4 826432
17 3 3 5251808
17 3 2 31388505
17 3 1 22066961
17 3 0 28138145
17 2 8 448
17 2 7 33549685
17 2 6 33457869
17 2 5 431692
17 2 4 2444660
17 2 3 29299405
17 2 2 19160437
17 2 1 27943941
17 2 0 2606916
17 1 9 16
17 1 8 33553621
17 1 7 33549361
17 1 6 40792
17 1 5 645952
17 1 4 31674129
17 1 3 27246953
17 1 2 4793264
17 1 1 18031688
17 1 0 9412164
17 0 9 16
17 0 8 33553173
17 0 7 1644
17 0 6 151620
17 0 5 33137549
17 0 4 31362797
17 0 3 1642172
17 0 2 11702612
17 0 1 12684852
17 0 0 4250424
16 10 1 840
16 10 0 840
16 9 2 6552
16 9 1 33532889
16 9 0 33526337
16 8 3 17976
16 8 2 33397313
16 8 1 120120
16 8 0 295176
16 7 4 21096
16 7 3 33159617
16 7 2 1113984
16 7 1 517968
16 7 0 32542505
16 6 5 6552
16 6 4 33093821
16 6 3 2731308
16 6 2 32089253
16 6 1 27889517
16 6 0 32553089
16 5 6 33546433
16 5 5 33322205
16 5 4 3120080
16 5 3 27927641
16 5 2 22792969
16 5 1 8134884
16 5 0 9925248
16 4 7 33546609
16 4 6 33553177
16 4 5 1729108
16 4 4 26459797
16 4 3 25221045
16 4 2 29556380
16 4 1 27068272
16 4 0 31550073
16 3 8 33552161
16 3 7 40944
16 3 6 363104
16 3 5 29533361
16 3 4 32023633
16 3 3 1362271
16 3 2 14892824
16 3 1 17722482
16 3 0 1381729
16 2 9 33554281
16 2 8 10972
16 2 7 33538589
16 2 6 32622437
16 2 5 600564
16 2 4 18879924
16 2 3 29526933
16 2 2 23938783
16 2 1 11003718
16 2 0 32771969
16 1 10 16
16 1 9 484
16 1 8 33550609
16 1 7 33471633
16 1 6 33436305
16 1 5 5302768
16 1 4 29757009
16 1 3 28601850
16 1 2 30275169
16 1 1 33540915
16 1 0 7452935
16 0 10 16
16 0 9 596
16 0 8 33537405
16 0 7 33536165
16 0 6 1170228
16 0 5 32267717
16 0 4 20042669
16 0 3 33554117
16 0 2 17208555
16 0 1 27366671
16 0 0 21212000
15 11 1 33553913
15 11 0 33553913
15 10 2 33549593
15 10 1 18168
15 10 0 22968
15 9 3 33538841
15 9 2 160440
15 9 1 33371753
15 9 0 33195761
15 8 4 33535097
15 8 3 466560
15 8 2 31839761
15 8 1 28872
15 8 0 2229360
15 7 5 33553817
15 7 4 599616
15 7 3 28877081
15 7 2 6143184
15 7 1 7693896
15 7 0 29827601
15 6 6 21168
15 6 5 275940
15 6 4 27617573
15 6 3 18165276
15 6 2 6276372
15 6 1 1397681
15 6 0 19478177
15 5 7 19760
15 5 6 33435901
15 5 5 30023521
15 5 4 23370032
15 5 3 22174249
15 5 2 21190367
15 5 1 3962672
15 5 0 11738295
15 4 8 6464
15 4 7 33382177
15 4 6 33017653
15 4 5 14804324
15 4 4 6756157
15 4 3 13755335
15 4 2 28407094
15 4 1 33141204
15 4 0 26895672
15 3 9 192
15 3 8 33497233
15 3 7 334416
15 3 6 4081608
15 3 5 14024513
15 3 4 23788738
15 3 3 10611964
15 3 2 1734371
15 3 1 4876988
15 3 0 300516
15 2 10 33554185
15 2 9 33550021
15 2 8 113612
15 2 7 261244
15 2 6 28122501
15 2 5 23135277
15 2 4 23897826
15 2 3 2277546
15 2 2 21801653
15 2 1 28109578
15 2 0 13398282
15 1 11 33554377
15 1 10 140
15 1 9 5144
15 1 8 34384
15 1 7 32930313
15 1 6 30134577
15 1 5 27685672
15 1 4 16734832
15 1 3 9081885
15 1 2 28906432
15 1 1 10266979
15 1 0 4159612
15 0 11 33554377
15 0 10 348
15 0 9 9708
15 0 8 33411541
15 0 7 33195461
15 0 6 6490764
15 0 5 33517589
15 0 4 6240958
15 0 3 2510517
15 0 2 3369107
15 0 1 31030698
15 0 0 17196846
14 12 1 180
14 12 0 180
14 11 2 2460
14 11 1 33544121
14 11 0 33541661
14 10 3 9660
14 10 2 33439145
14 10 1 164208
14 10 0 289116
14 9 4 11988
14 9 3 33159953
14 9 2 1766184
14 9 1 32941433
14 9 0 30768821
14 8 5 33545897
14 8 4 33007949
14 8 3 5492724
14 8 2 22823285
14 8 1 27848729
14 8 0 11056116
14 7 6 33518537
14 7 5 33395849
14 7 4 7684104
14 7 3 762041
14 7 2 15259164
14 7 1 18824479
14 7 0 30074957
14 6 7 33520121
14 6 6 389340
14 6 5 4519068
14 6 4 21479350
14 6 3 5522846
14 6 2 29302142
14 6 1 21324740
14 6 0 13715943
14 5 8 33542553
14 5 7 441788
14 5 6 33236857
14 5 5 2314657
14 5 4 11394857
14 5 3 28457691
14 5 2 12506019
14 5 1 28966581
14 5 0 3054824
14 4 9 724
14 4 8 167180
14 4 7 31917589
14 4 6 25409941
14 4 5 15342670
14 4 4 4280125
14 4 3 534690
14 4 2 9484769
14 4 1 5170156
14 4 0 13623814
14 3 10 1212
14 3 9 13528
14 3 8 32911413
14 3 7 1026936
14 3 6 27933372
14 3 5 14173210
14 3 4 7380045
14 3 3 26723278
14 3 2 1896122
14 3 1 27086100
14 3 0 32455281
14 2 11 172
14 2 10 33551221
14 2 9 33491485
14 2 8 612864
14 2 7 3589720
14 2 6 14725005
14 2 5 4667671
14 2 4 19616400
14 2 3 16024041
14 2 2 11168581
14 2 1 3224147
14 2 0 14877558
14 1 12 4
14 1 11 33554173
14 1 10 33553249
14 1 9 17808
14 1 8 627568
14 1 7 31022769
14 1 6 6200361
14 1 5 30615870
14 1 4 11693835
14 1 3 12935330
14 1 2 22752442
14 1 1 27278504
14 1 0 27042602
14 0 12 4
14 0 11 33554001
14 0 10 3240
14 0 9 93520
14 0 8 32747097
14 0 7 30572849
14 0 6 26810448
14 0 5 22424280
14 0 4 26889791
14 0 3 7345546
14 0 2 15073255
14 0 1 10245879
14 0 0 2712240
13 13 1 33554353
13 13 0 33554353
13 12 2 33553553
13 12 1 3748
13 12 0 4588
13 11 3 33550193
13 11 2 57292
13 11 1 33460617
13 11 0 33399125
13 10 4 33549793
13 10 3 237700
13 10 2 32304009
13 10 1 727936
13 10 0 2220620
13 9 5 13680
13 9 4 343508
13 9 3 29012481
13 9 2 11454528
13 9 1 1682456
13 9 0 18910581
13 8 6 41760
13 8 5 33497417
13 8 4 26633381
13 8 3 5153515
13 8 2 26581126
13 8 1 17777938
13 8 0 3172603
13 7 7 41760
13 7 6 32861273
13 7 5 30141113
13 7 4 25327039
13 7 3 18641485
13 7 2 5088893
13 7 1 23312554
13 7 0 8859707
13 6 8 13680
13 6 7 32798045
13 6 6 2817804
13 6 5 7876747
13 6 4 3017915
13 6 3 12547840
13 6 2 12818512
13 6 1 18930631
13 6 0 19930959
13 5 9 33549793
13 5 8 33245333
13 5 7 4358024
13 5 6 6006968
13 5 5 20127446
13 5 4 6659430
13 5 3 18978494
13 5 2 28140104
13 5 1 8387611
13 5 0 11349533
13 4 10 33550193
13 4 9 33542037
13 4 8 1905176
13 4 7 25181125
13 4 6 3588462
13 4 5 7759367
13 4 4 900168
13 4 3 25667502
13 4 2 6539157
13 4 1 385975
13 4 0 12498457
13 3 11 33553553
13 3 10 20212
13 3 9 231744
13 3 8 29400517
13 3 7 30058841
13 3 6 26172705
13 3 5 19068593
13 3 4 30529577
13 3 3 1617895
13 3 2 8426940
13 3 1 14187731
13 3 0 4168406
13 2 12 33554353
13 2 11 3080
13 2 10 33538461
13 2 9 33076269
13 2 8 1429376
13 2 7 22323328
13 2 6 7387269
13 2 5 10975594
13 2 4 9761920
13 2 3 25907998
13 2 2 22776958
13 2 1 1228691
13 2 0 18621016
13 1 12 56
13 1 11 33553929
13 1 10 33530057
13 1 9 33439217
13 1 8 4591792
13 1 7 29903545
13 1 6 32827693
13 1 5 24163474
13 1 4 33074452
13 1 3 32431307
13 1 2 32986269
13 1 1 5333734
13 1 0 21814887
13 0 12 96
13 0 11 33550009
13 0 10 16008
13 0 9 602448
13 0 8 30335017
13 0 7 17614065
13 0 6 16924558
13 0 5 33405181
13 0 4 22070829
13 0 3 31162907
13 0 2 18689497
13 0 1 13755351
13 0 0 8499563
12 14 1 4
12 14 0 4
12 13 2 172
12 13 1 33553593
12 13 0 33553421
12 12 3 1212
12 12 2 33535581
12 12 1 33540
12 12 0 53564
12 11 4 724
12 11 3 33454605
12 11 2 603240
12 11 1 33104061
12 11 0 32400309
12 10 5 33542553
12 10 4 33413337
12 10 3 2649228
12 10 2 25478349
12 10 1 771388
12 10 0 11625876
12 9 6 33520121
12 9 5 200308
12 9 4 4318200
12 9 3 2150209
12 9 2 14300387
12 9 1 28513164
12 9 0 12279366
12 8 7 33518537
12 8 6 805680
12 8 5 904068
12 8 4 14926918
12 8 3 13296515
12 8 2 21393291
12 8 1 31786716
12 8 0 8825554
12 7 8 33545897
12 7 7 899136
12 7 6 27797369
12 7 5 32608786
12 7 4 32478644
12 7 3 23603170
12 7 2 27074581
12 7 1 13214001
12 7 0 16537388
12 6 9 11988
12 6 8 372384
12 6 7 26130269
12 6 6 7828956
12 6 5 10184689
12 6 4 27618221
12 6 3 10172480
12 6 2 11842386
12 6 1 12354067
12 6 0 11191546
12 5 10 9660
12 5 9 33518021
12 5 8 30045141
12 5 7 24659432
12 5 6 5442490
12 5 5 9025438
12 5 4 10214020
12 5 3 13502566
12 5 2 6071252
12 5 1 15224174
12 5 0 10592675
12 4 11 2460
12 4 10 33484133
12 4 9 33160017
12 4 8 12658400
12 4 7 12156505
12 4 6 19576762
12 4 5 27232786
12 4 4 29111490
12 4 3 7973022
12 4 2 26659687
12 4 1 7900140
12 4 0 488851
12 3 12 180
12 3 11 33539141
12 3 10 136872
12 3 9 1976668
12 3 8 16864305
12 3 7 17537254
12 3 6 22953149
12 3 5 8117900
12 3 4 19103142
12 3 3 8460460
12 3 2 26770237
12 3 1 32327478
12 3 0 16131016
12 2 12 33553685
12 2 11 22888
12 2 10 9008
12 2 9 31422421
12 2 8 30439733
12 2 7 18181574
12 2 6 29109758
12 2 5 14924608
12 2 4 6823122
12 2 3 14878446
12 2 2 13897350
12 2 1 3446982
12 2 0 2598656
12 1 12 160
12 1 11 10952
12 1 10 33383161
12 1 9 31868225
12 1 8 20922600
12 1 7 19347672
12 1 6 768046
12 1 5 17823373
12 1 4 1210642
12 1 3 22272792
12 1 2 13037391
12 1 1 25545300
12 1 0 13991921
12 0 12 1048
12 0 11 33524745
12 0 10 36552
12 0 9 2768488
12 0 8 24353033
12 0 7 6011002
12 0 6 33160019
12 0 5 14541494
12 0 4 22541070
12 0 3 20918506
12 0 2 22159402
12 0 1 24525755
12 0 0 38866
11 14 2 33554377
11 14 1 76
11 14 0 92
11 13 3 33554185
11 13 2 3676
11 13 1 33547521
11 13 0 33543637
11 12 4 192
11 12 3 27728
11 12 2 33364453
11 12 1 162056
11 12 0 379532
11 11 5 6464
11 11 4 32176
11 11 3 32485993
11 11 2 3790740
11 11 1 32596441
11 11 0 27711589
11 10 6 19760
11 10 5 33361797
11 10 4 31751829
11 10 3 17702916
11 10 2 32760666
11 10 1 23794673
11 10 0 10327131
11 9 7 21168
11 9 6 32910565
11 9 5 990296
11 9 4 31914696
11 9 3 22613261
11 9 2 29144429
11 9 1 21720100
11 9 0 18483921
11 8 8 33553817
11 8 7 32803865
11 8 6 6842700
11 8 5 15654300
11 8 4 6360388
11 8 3 16343795
11 8 2 7485851
11 8 1 9576039
11 8 0 20135243
11 7 9 33535097
11 7 8 33274889
11 7 7 8603040
11 7 6 7679513
11 7 5 23182319
11 7 4 6232448
11 7 3 6364096
11 7 2 15130051
11 7 1 7700451
11 7 0 17068102
11 6 10 33538841
11 6 9 144432
11 6 8 4243416
11 6 7 24528238
11 6 6 13106813
11 6 5 29781659
11 6 4 859178
11 6 3 33289528
11 6 2 11269754
11 6 1 32585012
11 6 0 23756474
11 5 11 33549593
11 5 10 156288
11 5 9 190160
11 5 8 10423061
11 5 7 18746518
11 5 6 13654208
11 5 5 32301367
11 5 4 6268735
11 5 3 11210099
11 5 2 32685023
11 5 1 27990254
11 5 0 27246283
11 4 12 33553913
11 4 11 42888
11 4 10 33053009
11 4 9 29647029
11 4 8 20804103
11 4 7 5022500
11 4 6 24505945
11 4 5 17159046
11 4 4 24389033
11 4 3 9309288
11 4 2 1134667
11 4 1 33334728
11 4 0 24183595
11 3 12 3192
11 3 11 33433241
11 3 10 430204
11 3 9 10193856
11 3 8 26523366
11 3 7 20494048
11 3 6 23870941
11 3 5 24314625
11 3 4 30472283
11 3 3 31640833
11 3 2 32718036
11 3 1 15918204
11 3 0 21976785
11 2 12 33549145
11 2 11 84128
11 2 10 489172
11 2 9 28248645
11 2 8 28701706
11 2 7 8166762
11 2 6 10276143
11 2 5 8756098
11 2 4 23903372
11 2 3 4407509
11 2 2 13719875
11 2 1 15775205
11 2 0 21907720
11 1 12 33552361
11 1 11 117592
11 1 10 32895449
11 1 9 23544345
11 1 8 32155495
11 1 7 14509444
11 1 6 3909120
11 1 5 9888491
11 1 4 16839726
11 1 3 29592443
11 1 2 13213930
11 1 1 15556290
11 1 0 27751310
11 0 12 6888
11 0 11 33419017
11 0 10 33509705
11 0 9 9423352
11 0 8 15073769
11 0 7 25407246
11 0 6 27272986
11 0 5 19525055
11 0 4 4496072
11 0 3 19271360
11 0 2 26950635
11 0 1 6247079
11 0 0 5983054
10 14 3 16
10 14 2 33554069
10 14 1 616
10 14 0 956
10 13 4 33554281
10 13 3 33549813
10 13 2 35220
10 13 1 33522333
10 13 0 33482645
10 12 5 33552161
10 12 4 33553145
10 12 3 283600
10 12 2 32412601
10 12 1 398396
10 12 0 1822804
10 11 6 33546609
10 11 5 105800
10 11 4 459516
10 11 3 26729589
10 11 2 15788488
10 11 1 1635244
10 11 0 12230413
10 10 7 33546433
10 10 6 356276
10 10 5 32244013
10 10 4 20388641
10 10 3 11958658
10 10 2 720431
10 10 1 33259831
10 10 0 22434801
10 9 8 6552
10 9 7 433892
10 9 6 28197441
10 9 5 33335753
10 9 4 21553508
10 9 3 31496447
10 9 2 1381806
10 9 1 27427157
10 9 0 7999549
10 8 9 21096
10 8 8 97680
10 8 7 26628053
10 8 6 33292620
10 8 5 10658481
10 8 4 12455744
10 8 3 12644345
10 8 2 11587584
10 8 1 6252280
10 8 0 32325020
10 7 10 17976
10 7 9 33303977
10 7 8 30202097
10 7 7 14697223
10 7 6 6893170
10 7 5 31744179
10 7 4 28568522
10 7 3 27352791
10 7 2 22526793
10 7 1 26159182
10 7 0 11494401
10 6 11 6552
10 6 10 33316433
10 6 9 529884
10 6 8 27512232
10 6 7 10788265
10 6 6 32137257
10 6 5 23097717
10 6 4 19387508
10 6 3 14482058
10 6 2 22448383
10 6 1 6780676
10 6 0 21546518
10 5 12 840
10 5 11 33476033
10 5 10 1097580
10 5 9 3918684
10 5 8 1716799
10 5 7 6034927
10 5 6 17983599
10 5 5 18275089
10 5 4 32044948
10 5 3 16914578
10 5 2 17173420
10 5 1 14670611
10 5 0 23272736
10 4 12 33546305
10 4 11 330444
10 4 10 31622957
10 4 9 12105825
10 4 8 22531788
10 4 7 21282677
10 4 6 20068219
10 4 5 30193598
10 4 4 7383224
10 4 3 28917845
10 4 2 7295310
10 4 1 23537583
10 4 0 27474562
10 3 12 24756
10 3 11 33007421
10 3 10 170328
10 3 9 748547
10 3 8 24955322
10 3 7 8853587
10 3 6 1201943
10 3 5 32062614
10 3 4 24196139
10 3 3 12385451
10 3 2 30934409
10 3 1 30814687
10 3 0 2835017
10 2 12 33534461
10 2 11 95464
10 2 10 2703272
10 2 9 30397605
10 2 8 9289601
10 2 7 27449112
10 2 6 22621910
10 2 5 15389625
10 2 4 5278680
10 2 3 16404721
10 2 2 4291950
10 2 1 9849476
10 2 0 21866129
10 1 12 33531177
10 1 11 616544
10 1 10 32145449
10 1 9 29375906
10 1 8 12547708
10 1 7 2123172
10 1 6 27195918
10 1 5 13034129
10 1 4 26947057
10 1 3 12953578
10 1 2 14401349
10 1 1 29275738
10 1 0 7719195
10 0 12 30400
10 0 11 33113145
10 0 10 32897457
10 0 9 24292704
10 0 8 9997177
10 0 7 13111440
10 0 6 6542398
10 0 5 16976362
10 0 4 1768243
10 0 3 9582218
10 0 2 23485550
10 0 1 16317308
10 0 0 5117559
9 14 4 16
9 14 3 340
9 14 2 33551477
9 14 1 2692
9 14 0 5932
9 13 5 448
9 13 4 33553245
9 13 3 33509825
9 13 2 199624
9 13 1 33475193
9 13 0 33232597
9 12 6 1968
9 12 5 33518985
9 12 4 33500957
9 12 3 1716524
9 12 2 29011845
9 12 1 184
9 12 0 6275316
9 11 7 1456
9 11 6 33420873
9 11 5 751440
9 11 4 3444488
9 11 3 4555225
9 11 2 12127235
9 11 1 19340072
9 11 0 9209990
9 10 8 33547833
9 10 7 33388989
9 10 6 2838444
9 10 5 29001181
9 10 4 4785998
9 10 3 13992893
9 10 2 3809942
9 10 1 27786984
9 10 0 25633437
9 9 9 33538265
9 9 8 33940
9 9 7 3852840
9 9 6 7650001
9 9 5 7314937
9 9 4 28993649
9 9 3 5854193
9 9 2 31795216
9 9 1 21877635
9 9 0 3965064
9 8 10 33539369
9 8 9 270024
9 8 8 1576908
9 8 7 29842150
9 8 6 32997434
9 8 5 10952702
9 8 4 6801363
9 8 3 11783346
9 8 2 12453350
9 8 1 33546277
9 8 0 32580468
9 7 11 33548009
9 7 10 255624
9 7 9 32269721
9 7 8 11892353
9 7 7 8061539
9 7 6 20832569
9 7 5 28061781
9 7 4 7579984
9 7 3 11358083
9 7 2 33260261
9 7 1 9990783
9 7 0 15914732
9 6 12 33553385
9 6 11 98448
9 6 10 31965377
9 6 9 32700569
9 6 8 13843197
9 6 7 20726988
9 6 6 15153012
9 6 5 1242165
9 6 4 23896639
9 6 3 17134285
9 6 2 5733149
9 6 1 6051867
9 6 0 20918349
9 5 12 13104
9 5 11 32989337
9 5 10 4335528
9 5 9 24783968
9 5 8 12855657
9 5 7 6169749
9 5 6 7272260
9 5 5 9306140
9 5 4 5699981
9 5 3 378940
9 5 2 26502162
9 5 1 17010910
9 5 0 405959
9 4 12 33494393
9 4 11 1477272
9 4 10 29608529
9 4 9 25199239
9 4 8 31691012
9 4 7 14756065
9 4 6 20273719
9 4 5 28300079
9 4 4 6375466
9 4 3 1503939
9 4 2 31056225
9 4 1 30346829
9 4 0 16192865
9 3 12 109416
9 3 11 32047337
9 3 10 29734173
9 3 9 9536654
9 3 8 14034218
9 3 7 20097048
9 3 6 19521204
9 3 5 8227157
9 3 4 25422717
9 3 3 28895094
9 3 2 19061769
9 3 1 28771702
9 3 0 19691495
9 2 12 33523081
9 2 11 33034969
9 2 10 8022228
9 2 9 27943548
9 2 8 30996861
9 2 7 5091819
9 2 6 22976542
9 2 5 1827651
9 2 4 2087153
9 2 3 11707170
9 2 2 31152719
9 2 1 24779293
9 2 0 9180259
9 1 12 33434665
9 1 11 2076696
9 1 10 32671825
9 1 9 436859
9 1 8 29777942
9 1 7 32376922
9 1 6 5316596
9 1 5 14027276
9 1 4 24510096
9 1 3 33197304
9 1 2 545550
9 1 1 2958833
9 1 0 25926002
9 0 12 95112
9 0 11 32496297
9 0 10 30970433
9 0 9 14452087
9 0 8 24047085
9 0 7 307936
9 0 6 33326777
9 0 5 29955202
9 0 4 18202175
9 0 3 26355774
9 0 2 10277503
9 0 1 10911002
9 0 0 31113606
8 14 5 33554353
8 14 4 196
8 14 3 3140
8 14 2 33539029
8 14 1 6200
8 14 0 24468
8 13 6 33554113
8 13 5 6748
8 13 4 33552105
8 13 3 33300801
8 13 2 743412
8 13 1 33517557
8 13 0 32529869
8 12 7 120
8 12 6 32000
8 12 5 33309157
8 12 4 33062293
8 12 3 6850048
8 12 2 20990881
8 12 1 29890637
8 12 0 15964788
8 11 8 3560
8 11 7 36304
8 11 6 32550937
8 11 5 2998664
8 11 4 16025548
8 11 3 14227327
8 11 2 26098590
8 11 1 5572282
8 11 0 15264728
8 10 9 8600
8 10 8 33492693
8 10 7 32124645
8 10 6 13139540
8 10 5 27060997
8 10 4 31308967
8 10 3 29635924
8 10 2 25905380
8 10 1 29600278
8 10 0 14583864
8 9 10 9000
8 9 9 33359125
8 9 8 33309769
8 9 7 19672824
8 9 6 20555763
8 9 5 19105213
8 9 4 4556625
8 9 3 3036567
8 9 2 20279994
8 9 1 2388179
8 9 0 32405150
8 8 11 4440
8 8 10 33359009
8 8 9 1445844
8 8 8 10876068
8 8 7 4270616
8 8 6 12958127
8 8 5 28918803
8 8 4 9824329
8 8 3 3269189
8 8 2 17172759
8 8 1 32270041
8 8 0 19543034
8 7 12 840
8 7 11 33467441
8 7 10 1584480
8 7 9 30706025
8 7 8 13382523
8 7 7 32012004
8 7 6 26715357
8 7 5 16241210
8 7 4 23424078
8 7 3 10834851
8 7 2 3082217
8 7 1 33533506
8 7 0 21496756
8 6 12 33540113
8 6 11 649824
8 6 10 27506417
8 6 9 18892637
8 6 8 22251219
8 6 7 15534978
8 6 6 16487121
8 6 5 9097540
8 6 4 16963741
8 6 3 31704149
8 6 2 21712061
8 6 1 26525218
8 6 0 31052460
8 5 12 89712
8 5 11 31187297
8 5 10 10292364
8 5 9 22967966
8 5 8 16152462
8 5 7 14991711
8 5 6 15286600
8 5 5 12029488
8 5 4 33277298
8 5 3 18412093
8 5 2 16691876
8 5 1 21140452
8 5 0 28938695
8 4 12 33297137
8 4 11 4220436
8 4 10 31687589
8 4 9 20994594
8 4 8 6394090
8 4 7 28620026
8 4 6 9513790
8 4 5 21625433
8 4 4 8336055
8 4 3 13216180
8 4 2 11407483
8 4 1 4954888
8 4 0 26549806
8 3 12 298572
8 3 11 31135661
8 3 10 17358497
8 3 9 7326369
8 3 8 33029412
8 3 7 16815640
8 3 6 10751469
8 3 5 778220
8 3 4 28831905
8 3 3 7033767
8 3 2 13508953
8 3 1 9249905
8 3 0 2115147
8 2 12 55716
8 2 11 30582553
8 2 10 14344648
8 2 9 19468417
8 2 8 28384358
8 2 7 20635679
8 2 6 32227635
8 2 5 20375230
8 2 4 10258007
8 2 3 4011409
8 2 2 16285842
8 2 1 30293340
8 2 0 23810422
8 1 12 33166417
8 1 11 4880488
8 1 10 4299040
8 1 9 5928378
8 1 8 4227921
8 1 7 22941820
8 1 6 5841049
8 1 5 11900728
8 1 4 23428056
8 1 3 16648098
8 1 2 2874691
8 1 1 30910870
8 1 0 19373208
8 0 12 216968
8 0 11 31659241
8 0 10 27308897
8 0 9 5923378
8 0 8 32261612
8 0 7 5284239
8 0 6 27342682
8 0 5 23336330
8 0 4 19787634
8 0 3 14803465
8 0 2 3375084
8 0 1 16326542
8 0 0 20594711
7 14 6 16
7 14 5 33553829
7 14 4 916
7 14 3 16668
7 14 2 33501885
7 14 1 2964
7 14 0 70644
7 13 7 33554281
7 13 6 33550053
7 13 5 44120
7 13 4 21496
7 13 3 32615665
7 13 2 1908976
7 13 1 439240
7 13 0 31172781
7 12 8 33553241
7 12 7 33552065
7 12 6 224548
7 12 5 32585141
7 12 4 31160685
7 12 3 18984420
7 12 2 8903757
7 12 1 19201633
7 12 0 30481028
7 11 9 33551289
7 11 8 35288
7 11 7 323856
7 11 6 29210705
7 11 5 7190328
7 11 4 16428535
7 11 3 15788030
7 11 2 31479057
7 11 1 1903315
7 11 0 15157626
7 10 10 33550633
7 10 9 95756
7 10 8 33366165
7 10 7 26642557
7 10 6 5508891
7 10 5 10628492
7 10 4 29335723
7 10 3 579888
7 10 2 31406708
7 10 1 26040014
7 10 0 31481766
7 9 11 33552233
7 9 10 105260
7 9 9 32550417
7 9 8 30607057
7 9 7 30780631
7 9 6 4406053
7 9 5 5312854
7 9 4 21532146
7 9 3 14134056
7 9 2 32397542
7 9 1 3235094
7 9 0 30517227
7 8 12 33553913
7 8 11 53952
7 8 10 32453765
7 8 9 4076940
7 8 8 9669211
7 8 7 27486254
7 8 6 7004688
7 8 5 18164390
7 8 4 10549945
7 8 3 17391673
7 8 2 13541113
7 8 1 24638111
7 8 0 18593078
7 7 12 10608
7 7 11 33038969
7 7 10 5603760
7 7 9 599832
7 7 8 45047
7 7 7 29629843
7 7 6 32607518
7 7 5 24942659
7 7 4 32765825
7 7 3 6729898
7 7 2 32840347
7 7 1 18421523
7 7 0 9489619
7 6 12 33466361
7 6 11 2475816
7 6 10 19240769
7 6 9 5618038
7 6 8 3956953
7 6 7 26291254
7 6 6 15018980
7 6 5 22758795
7 6 4 8260560
7 6 3 13068028
7 6 2 9120742
7 6 1 10503083
7 6 0 25205042
7 5 12 353976
7 5 11 27185873
7 5 10 13824588
7 5 9 12735666
7 5 8 16764741
7 5 7 30263494
7 5 6 19141794
7 5 5 14332864
7 5 4 1837969
7 5 3 24249987
7 5 2 10629787
7 5 1 25036357
7 5 0 4142600
7 4 12 32851841
7 4 11 7961280
7 4 10 12180340
7 4 9 3845577
7 4 8 25538834
7 4 7 24267745
7 4 6 9843732
7 4 5 19540330
7 4 4 22022352
7 4 3 12220324
7 4 2 27035745
7 4 1 10355798
7 4 0 15826996
7 3 12 497184
7 3 11 32174513
7 3 10 31664926
7 3 9 3067942
7 3 8 3079584
7 3 7 31684270
7 3 6 21039999
7 3 5 5520934
7 3 4 772383
7 3 3 31498221
7 3 2 39702
7 3 1 21884548
7 3 0 1627864
7 2 12 424120
7 2 11 25620009
7 2 10 13817756
7 2 9 1382128
7 2 8 7348550
7 2 7 33148858
7 2 6 9452333
7 2 5 20303243
7 2 4 31172733
7 2 3 20854738
7 2 2 29159167
7 2 1 3152117
7 2 0 13086434
7 1 12 32690985
7 1 11 8276504
7 1 10 16012692
7 1 9 17798025
7 1 8 14442725
7 1 7 15831342
7 1 6 14116674
7 1 5 20955748
7 1 4 6954747
7 1 3 26704602
7 1 2 27701044
7 1 1 20510807
7 1 0 31712554
7 0 12 365304
7 0 11 31008249
7 0 10 23076749
7 0 9 18175946
7 0 8 18650274
7 0 7 678984
7 0 6 6356429
7 0 5 21428466
7 0 4 14918973
7 0 3 1495934
7 0 2 17881731
7 0 1 31091557
7 0 0 22629676
6 14 7 16
6 14 6 244
6 14 5 33550989
6 14 4 1660
6 14 3 56452
6 14 2 33432645
6 14 1 33527809
6 14 0 146324
6 13 8 208
6 13 7 33553677
6 13 6 33526089
6 13 5 163672
6 13 4 162616
6 13 3 31179153
6 13 2 3446612
6 13 1 1701404
6 13 0 29462381
6 12 9 708
6 12 8 33543525
6 12 7 33520157
6 12 6 892596
6 12 5 31159721
6 12 4 26281025
6 12 3 3889663
6 12 2 32831522
6 12 1 1745513
6 12 0 10321487
6 11 10 1036
6 11 9 33523377
6 11 8 139468
6 11 7 1508648
6 11 6 21587101
6 11 5 9845576
6 11 4 7822101
6 11 3 12483621
6 11 2 20836417
6 11 1 6359980
6 11 0 13335079
6 10 11 700
6 10 10 33515589
6 10 9 452044
6 10 8 26480
6 10 7 12642337
6 10 6 10601242
6 10 5 4802882
6 10 4 7593948
6 10 3 21115039
6 10 2 2367309
6 10 1 19091809
6 10 0 4000243
6 9 12 180
6 9 11 33531405
6 9 10 527184
6 9 9 30723449
6 9 8 20716929
6 9 7 7296820
6 9 6 19504607
6 9 5 22903325
6 9 4 10069203
6 9 3 26338902
6 9 2 13600886
6 9 1 3156602
6 9 0 25977121
6 8 12 33549101
6 8 11 281472
6 8 10 30041825
6 8 9 5893764
6 8 8 9291321
6 8 7 31656184
6 8 6 1212117
6 8 5 24255532
6 8 4 23458538
6 8 3 18066996
6 8 2 8551025
6 8 1 27130799
6 8 0 1180820
6 7 12 57528
6 7 11 31811801
6 7 10 12408708
6 7 9 20126136
6 7 8 581521
6 7 7 14864768
6 7 6 14305647
6 7 5 2862129
6 7 4 864672
6 7 3 12213674
6 7 2 13957974
6 7 1 32009883
6 7 0 4603555
6 6 12 33244937
6 6 11 6012876
6 6 10 12231245
6 6 9 20880181
6 6 8 18496558
6 6 7 12564853
6 6 6 19957605
6 6 5 14796038
6 6 4 22561611
6 6 3 19455417
6 6 2 26759330
6 6 1 8250743
6 6 0 15817608
6 5 12 888228
6 5 11 22084301
6 5 10 5597708
6 5 9 12491898
6 5 8 28297259
6 5 7 30639560
6 5 6 31408030
6 5 5 14887667
6 5 4 25939076
6 5 3 3424204
6 5 2 26117798
6 5 1 8161152
6 5 0 6995076
6 4 12 32288237
6 4 11 9773828
6 4 10 3970803
6 4 9 32550167
6 4 8 22061449
6 4 7 25712756
6 4 6 22241090
6 4 5 3671821
6 4 4 28357944
6 4 3 15583016
6 4 2 1664896
6 4 1 26108774
6 4 0 2815943
6 3 12 414468
6 3 11 2999420
6 3 10 19236766
6 3 9 10636110
6 3 8 31286063
6 3 7 28508604
6 3 6 28001546
6 3 5 17981653
6 3 4 21657066
6 3 3 22657870
6 3 2 17051963
6 3 1 28145486
6 3 0 26835664
6 2 12 1123980
6 2 11 20043205
6 2 10 111052
6 2 9 32182605
6 2 8 33385922
6 2 7 32072751
6 2 6 12064404
6 2 5 20145316
6 2 4 3320882
6 2 3 22715006
6 2 2 11823867
6 2 1 366774
6 2 0 32141157
6 1 12 32190949
6 1 11 10242172
6 1 10 29469256
6 1 9 26555930
6 1 8 17526499
6 1 7 19365783
6 1 6 1828584
6 1 5 25848309
6 1 4 8913206
6 1 3 3319931
6 1 2 3119550
6 1 1 12749536
6 1 0 5033617
6 0 12 453884
6 0 11 31002625
6 0 10 20924537
6 0 9 8543038
6 0 8 15297085
6 0 7 21123199
6 0 6 16083520
6 0 5 29218818
6 0 4 30961118
6 0 3 10735766
6 0 2 14254999
6 0 1 9616215
6 0 0 12264518
5 14 8 33554377
5 14 7 124
5 14 6 1492
5 14 5 33542949
5 14 4 33552909
5 14 3 127612
5 14 2 33360029
5 14 1 33462709
5 14 0 218980
5 13 9 33554305
5 13 8 1780
5 13 7 33553617
5 13 6 33452625
5 13 5 377920
5 13 4 532288
5 13 3 29361665
5 13 2 4370840
5 13 1 3423032
5 13 0 28358613
5 12 10 33554225
5 12 9 6188
5 12 8 33512377
5 12 7 33381773
5 12 6 2214708
5 12 5 29758721
5 12 4 18874433
5 12 3 19349163
5 12 2 610933
5 12 1 20088806
5 12 0 13817975
5 11 11 33554257
5 11 10 9220
5 11 9 33424665
5 11 8 265644
5 11 7 4202240
5 11 6 11690509
5 11 5 4731160
5 11 4 31960096
5 11 3 8657650
5 11 2 20510175
5 11 1 16392343
5 11 0 2972278
5 10 12 33554353
5 10 11 6376
5 10 10 33385965
5 10 9 1173948
5 10 8 1641272
5 10 7 25504626
5 10 6 3583753
5 10 5 146831
5 10 4 2918149
5 10 3 12682596
5 10 2 30730256
5 10 1 30592898
5 10 0 31402313
5 9 12 1688
5 9 11 33451369
5 9 10 1473816
5 9 9 28877665
5 9 8 1898929
5 9 7 11941722
5 9 6 5137269
5 9 5 4876312
5 9 4 31671904
5 9 3 31322234
5 9 2 26157377
5 9 1 31564412
5 9 0 8583945
5 8 12 33529817
5 8 11 822552
5 8 10 26588057
5 8 9 1780836
5 8 8 19208055
5 8 7 822201
5 8 6 27219420
5 8 5 19397347
5 8 4 9930896
5 8 3 27736
5 8 2 8661631
5 8 1 17553399
5 8 0 15929374
5 7 12 174792
5 7 11 29857481
5 7 10 17705244
5 7 9 22740791
5 7 8 8369421
5 7 7 27668657
5 7 6 1235501
5 7 5 399158
5 7 4 27158413
5 7 3 26421559
5 7 2 30137621
5 7 1 13097213
5 7 0 1849474
5 6 12 32872073
5 6 11 9691824
5 6 10 14988005
5 6 9 8040291
5 6 8 14759303
5 6 7 29175524
5 6 6 24402733
5 6 5 16046478
5 6 4 8460984
5 6 3 9685921
5 6 2 9509976
5 6 1 18650432
5 6 0 19851789
5 5 12 1473792
5 5 11 19604673
5 5 10 19075681
5 5 9 21910037
5 5 8 31109527
5 5 7 3270085
5 5 6 21531619
5 5 5 14598435
5 5 4 4846686
5 5 3 3838612
5 5 2 31392270
5 5 1 15013821
5 5 0 2360481
5 4 12 32054865
5 4 11 7079240
5 4 10 23025975
5 4 9 25059864
5 4 8 17476837
5 4 7 10397928
5 4 6 32218894
5 4 5 18264737
5 4 4 23472549
5 4 3 27593930
5 4 2 19855291
5 4 1 12353004
5 4 0 19753078
5 3 12 33440289
5 3 11 8539720
5 3 10 27547386
5 3 9 7536262
5 3 8 5540454
5 3 7 16588868
5 3 6 15144748
5 3 5 30728775
5 3 4 32855539
5 3 3 23341499
5 3 2 24324766
5 3 1 22661245
5 3 0 4097580
5 2 12 1793224
5 2 11 17832081
5 2 10 13718209
5 2 9 14624468
5 2 8 10937362
5 2 7 15710710
5 2 6 25160789
5 2 5 18934433
5 2 4 29355947
5 2 3 30625143
5 2 2 26998523
5 2 1 31868959
5 2 0 21631740
5 1 12 32015985
5 1 11 9211160
5 1 10 1379359
5 1 9 19710512
5 1 8 18794199
5 1 7 3479782
5 1 6 19879292
5 1 5 11848674
5 1 4 14669791
5 1 3 9296881
5 1 2 33179627
5 1 1 33344994
5 1 0 528143
5 0 12 411000
5 0 11 31677801
5 0 10 22593449
5 0 9 16405463
5 0 8 1999157
5 0 7 19266478
5 0 6 26824167
5 0 5 32132117
5 0 4 17128850
5 0 3 32147999
5 0 2 6791644
5 0 1 4481246
5 0 0 26808444
4 14 9 4
4 14 8 33554273
4 14 7 364
4 14 6 4804
4 14 5 33531033
4 14 4 33541377
4 14 3 195068
4 14 2 33342477
4 14 1 33396973
4 14 0 234904
4 13 10 12
4 13 9 33553741
4 13 8 6172
4 13 7 4840
4 13 6 33333261
4 13 5 560152
4 13 4 1023452
4 13 3 28391841
4 13 2 3809088
4 13 1 4401092
4 13 0 28739681
4 12 11 12
4 12 10 33553141
4 12 9 22080
4 12 8 33469329
4 12 7 33098969
4 12 6 3555552
4 12 5 29779601
4 12 4 13499073
4 12 3 19509339
4 12 2 13125917
4 12 1 18995450
4 12 0 4202439
4 11 12 4
4 11 11 33553365
4 11 10 33560
4 11 9 33260749
4 11 8 195256
4 11 7 7389212
4 11 6 6836201
4 11 5 25802917
4 11 4 11146727
4 11 3 6456960
4 11 2 13016273
4 11 1 28861185
4 11 0 3433188
4 10 12 33554085
4 10 11 23768
4 10 10 33156305
4 10 9 1816272
4 10 8 4777136
4 10 7 11837242
4 10 6 25083622
4 10 5 29810962
4 10 4 32044638
4 10 3 24566121
4 10 2 32382958
4 10 1 18898606
4 10 0 26617406
4 9 12 6480
4 9 11 33302601
4 9 10 2509764
4 9 9 29200433
4 9 8 18278270
4 9 7 17976250
4 9 6 6214093
4 9 5 3325679
4 9 4 9662785
4 9 3 6166942
4 9 2 9378333
4 9 1 32521290
4 9 0 9334684
4 8 12 33492137
4 8 11 1471116
4 8 10 24709973
4 8 9 25098493
4 8 8 13519182
4 8 7 9795769
4 8 6 21868288
4 8 5 24897885
4 8 4 15408780
4 8 3 30487961
4 8 2 30080660
4 8 1 26278778
4 8 0 12505375
4 7 12 325092
4 7 11 28460357
4 7 10 16015392
4 7 9 17096682
4 7 8 4531751
4 7 7 4664002
4 7 6 30225855
4 7 5 17257416
4 7 4 17147687
4 7 3 10979176
4 7 2 9691235
4 7 1 4871207
4 7 0 5391828
4 6 12 32577941
4 6 11 10448904
4 6 10 27544545
4 6 9 1187771
4 6 8 32624273
4 6 7 23669298
4 6 6 14777042
4 6 5 7001706
4 6 4 23318292
4 6 3 19349204
4 6 2 21568389
4 6 1 4341005
4 6 0 14250585
4 5 12 1625888
4 5 11 22328497
4 5 10 3222177
4 5 9 30229812
4 5 8 11513694
4 5 7 18472724
4 5 6 3313816
4 5 5 27532803
4 5 4 14719125
4 5 3 5983604
4 5 2 27038387
4 5 1 16218952
4 5 0 25778912
4 4 12 32448769
4 4 11 1688464
4 4 10 18190615
4 4 9 12088271
4 4 8 25748365
4 4 7 25696237
4 4 6 26550373
4 4 5 27147885
4 4 4 32776743
4 4 3 17570539
4 4 2 7236229
4 4 1 18713630
4 4 0 27062718
4 3 12 32821433
4 3 11 10665344
4 3 10 17324345
4 3 9 1591783
4 3 8 6604428
4 3 7 33442258
4 3 6 1185166
4 3 5 23146319
4 3 4 11268458
4 3 3 23239251
4 3 2 3402675
4 3 1 19450505
4 3 0 5374562
4 2 12 1880160
4 2 11 20902993
4 2 10 3793809
4 2 9 3176727
4 2 8 29142561
4 2 7 24438903
4 2 6 22171906
4 2 5 26979354
4 2 4 24014339
4 2 3 24230149
4 2 2 32235364
4 2 1 4891194
4 2 0 24935574
4 1 12 32329057
4 1 11 5907088
4 1 10 28030352
4 1 9 22850477
4 1 8 25650831
4 1 7 18568037
4 1 6 21483043
4 1 5 3808773
4 1 4 30041697
4 1 3 17767581
4 1 2 8449723
4 1 1 28934749
4 1 0 18960788
4 0 12 263648
4 0 11 32573209
4 0 10 26850393
4 0 9 23730880
4 0 8 28162855
4 0 7 5534934
4 0 6 22134241
4 0 5 22948812
4 0 4 21069868
4 0 3 30185760
4 0 2 5476899
4 0 1 9743344
4 0 0 20759035
3 14 9 24
3 14 8 33554041
3 14 7 484
3 14 6 8860
3 14 5 33524841
3 14 4 33527489
3 14 3 199092
3 14 2 33401749
3 14 1 33389401
3 14 0 176096
3 13 10 72
3 13 9 33552505
3 13 8 11068
3 13 7 17848
3 13 6 33256557
3 13 5 529104
3 13 4 1228068
3 13 3 29210065
3 13 2 2165156
3 13 1 3741024
3 13 0 30389625
3 12 11 72
3 12 10 33550745
3 12 9 41132
3 12 8 33459433
3 12 7 32857685
3 12 6 3691104
3 12 5 31424413
3 12 4 15196457
3 12 3 3224403
3 12 2 26945945
3 12 1 33279570
3 12 0 21537984
3 11 12 24
3 11 11 33551353
3 11 10 63892
3 11 9 33167025
3 11 8 33423245
3 11 7 8282344
3 11 6 12115269
3 11 5 16917185
3 11 4 31599929
3 11 3 24529461
3 11 2 18058466
3 11 1 18288860
3 11 0 5921010
3 10 12 33553465
3 10 11 46360
3 10 10 33001581
3 10 9 1686240
3 10 8 6915508
3 10 7 18645674
3 10 6 16589851
3 10 5 990074
3 10 4 1436931
3 10 3 24314972
3 10 2 1706387
3 10 1 17889210
3 10 0 3923200
3 9 12 13016
3 9 11 33192217
3 9 10 2658804
3 9 9 31857937
3 9 8 19014590
3 9 7 15441844
3 9 6 5908930
3 9 5 5809458
3 9 4 31463291
3 9 3 31968635
3 9 2 24635799
3 9 1 19155417
3 9 0 20176685
3 8 12 33461561
3 8 11 1647312
3 8 10 26440469
3 8 9 17935481
3 8 8 29995448
3 8 7 7551110
3 8 6 9276531
3 8 5 157075
3 8 4 22973996
3 8 3 29307971
3 8 2 4704768
3 8 1 26691341
3 8 0 23546303
3 7 12 378624
3 7 11 29005553
3 7 10 8468916
3 7 9 9795438
3 7 8 8000981
3 7 7 10330262
3 7 6 28389515
3 7 5 6343161
3 7 4 19368557
3 7 3 4828863
3 7 2 5942797
3 7 1 2051550
3 7 0 25359830
3 6 12 32649809
3 6 11 7387656
3 6 10 4926060
3 6 9 8802005
3 6 8 24175071
3 6 7 20012749
3 6 6 915091
3 6 5 13114428
3 6 4 6728744
3 6 3 29046609
3 6 2 13591795
3 6 1 18692116
3 6 0 14068993
3 5 12 1164312
3 5 11 27938217
3 5 10 5348893
3 5 9 13552372
3 5 8 21384546
3 5 7 31976755
3 5 6 24297181
3 5 5 745570
3 5 4 4741107
3 5 3 26834195
3 5 2 30889870
3 5 1 24867092
3 5 0 4533899
3 4 12 33135369
3 4 11 31720081
3 4 10 28984292
3 4 9 11834564
3 4 8 15682379
3 4 7 24847530
3 4 6 19747498
3 4 5 3376719
3 4 4 2512376
3 4 3 11854801
3 4 2 15240944
3 4 1 586014
3 4 0 2471244
3 3 12 32664657
3 3 11 7930744
3 3 10 1940408
3 3 9 3862229
3 3 8 4155177
3 3 7 21880499
3 3 6 6400077
3 3 5 31345800
3 3 4 4177573
3 3 3 21483718
3 3 2 26744816
3 3 1 20352278
3 3 0 30772560
3 2 12 1303768
3 2 11 26651625
3 2 10 10065081
3 2 9 19174460
3 2 8 33050462
3 2 7 21125138
3 2 6 22672544
3 2 5 30885571
3 2 4 10728897
3 2 3 25446548
3 2 2 11759391
3 2 1 16180260
3 2 0 16329066
3 1 12 32888025
3 1 11 2599360
3 1 10 15077120
3 1 9 8433522
3 1 8 14632484
3 1 7 12699451
3 1 6 24069051
3 1 5 5569164
3 1 4 7497646
3 1 3 28631332
3 1 2 26517948
3 1 1 12372846
3 1 0 16732187
3 0 12 113472
3 0 11 33209945
3 0 10 30807449
3 0 9 7638336
3 0 8 24452928
3 0 7 9143026
3 0 6 27980708
3 0 5 20895107
3 0 4 6971281
3 0 3 10537480
3 0 2 27603873
3 0 1 21229941
3 0 0 18278517
2 14 9 52
2 14 8 33553889
2 14 7 244
2 14 6 9400
2 14 5 33531829
2 14 4 33526289
2 14 3 129820
2 14 2 33486817
2 14 1 33447609
2 14 0 87552
2 13 10 156
2 13 9 33551725
2 13 8 10804
2 13 7 25348
2 13 6 33311221
2 13 5 303900
2 13 4 906492
2 13 3 31175685
2 13 2 715416
2 13 1 2044448
2 13 0 32157017
2 12 11 156
2 12 10 33549205
2 12 9 42180
2 12 8 33499077
2 12 7 32931557
2 12 6 2387476
2 12 5 33115269
2 12 4 22768189
2 12 3 16677800
2 12 2 162912
2 12 1 17911577
2 12 0 8311680
2 11 12 52
2 11 11 33550005
2 11 10 67076
2 11 9 33257509
2 11 8 33194293
2 11 7 5739892
2 11 6 22841893
2 11 5 19461661
2 11 4 30189351
2 11 3 17517330
2 11 2 33497938
2 11 1 24777191
2 11 0 14512985
2 10 12 33553029
2 10 11 49868
2 10 10 33103613
2 10 9 888628
2 10 8 5636668
2 10 7 6726069
2 10 6 13759484
2 10 5 10223281
2 10 4 7059774
2 10 3 2089448
2 10 2 20045203
2 10 1 13176203
2 10 0 20658905
2 9 12 14412
2 9 11 33247893
2 9 10 1705740
2 9 9 534436
2 9 8 4149181
2 9 7 30110803
2 9 6 7952162
2 9 5 31008824
2 9 4 16192170
2 9 3 32487445
2 9 2 27262005
2 9 1 6947979
2 9 0 9952924
2 8 12 33472949
2 8 11 1126980
2 8 10 30121397
2 8 9 20741965
2 8 8 12445298
2 8 7 26905182
2 8 6 18184352
2 8 5 32383148
2 8 4 5597316
2 8 3 1898688
2 8 2 670069
2 8 1 19705392
2 8 0 2269974
2 7 12 269460
2 7 11 31022957
2 7 10 1944540
2 7 9 9293531
2 7 8 27299032
2 7 7 29866370
2 7 6 24333031
2 7 5 8905493
2 7 4 10718513
2 7 3 18222968
2 7 2 21522670
2 7 1 33453325
2 7 0 11123005
2 6 12 33033005
2 6 11 3241284
2 6 10 6424684
2 6 9 32674227
2 6 8 19348940
2 6 7 1283138
2 6 6 7881882
2 6 5 25968167
2 6 4 12454165
2 6 3 25044252
2 6 2 22952416
2 6 1 10388495
2 6 0 30058864
2 5 12 507620
2 5 11 32075149
2 5 10 18954657
2 5 9 8850047
2 5 8 9374036
2 5 7 258181
2 5 6 759511
2 5 5 23671028
2 5 4 28484529
2 5 3 918264
2 5 2 4487099
2 5 1 10894645
2 5 0 14099862
2 4 12 788
2 4 11 31628553
2 4 10 9063960
2 4 9 28267448
2 4 8 25934870
2 4 7 20485578
2 4 6 5336410
2 4 5 30086214
2 4 4 10007749
2 4 3 21769492
2 4 2 14779930
2 4 1 29581144
2 4 0 29585936
2 3 12 32994401
2 3 11 3590624
2 3 10 5732784
2 3 9 30530939
2 3 8 1050887
2 3 7 25376580
2 3 6 16311118
2 3 5 19029015
2 3 4 18083426
2 3 3 2176052
2 3 2 19468950
2 3 1 15646881
2 3 0 2708525
2 2 12 574032
2 2 11 31134521
2 2 10 22632089
2 2 9 16562599
2 2 8 31564423
2 2 7 22740883
2 2 6 9917821
2 2 5 4893714
2 2 4 25899155
2 2 3 4538045
2 2 2 26098031
2 2 1 27097161
2 2 0 23835765
2 1 12 33322841
2 1 11 730944
2 1 10 5149440
2 1 9 18199385
2 1 8 25584946
2 1 7 9286005
2 1 6 28708636
2 1 5 31837651
2 1 4 29643091
2 1 3 31719828
2 1 2 27263494
2 1 1 6898710
2 1 0 16108861
2 0 12 29376
2 0 11 33481817
2 0 10 32877017
2 0 9 1486080
2 0 8 5788800
2 0 7 23144921
2 0 6 9631961
2 0 5 31124736
2 0 4 16904935
2 0 3 28515634
2 0 2 16022194
2 0 1 16464384
2 0 0 19408896
1 14 9 48
1 14 8 33554041
1 14 7 33554361
1 14 6 5328
1 14 5 33544905
1 14 4 33539225
1 14 3 48832
1 14 2 33538665
1 14 1 33515033
1 14 0 25920
1 13 10 144
1 13 9 33552553
1 13 8 5440
1 13 7 16880
1 13 6 33444185
1 13 5 94640
1 13 4 377280
1 13 3 32791913
1 13 2 98864
1 13 1 652800
1 13 0 33182873
1 12 11 144
1 12 10 33550793
1 12 9 22592
1 12 8 33541321
1 12 7 33252089
1 12 6 872336
1 12 5 142080
1 12 4 29879593
1 12 3 4426960
1 12 2 876864
1 12 1 29264921
1 12 0 1942272
1 11 12 48
1 11 11 33551305
1 11 10 36832
1 11 9 33432425
1 11 8 33298713
1 11 7 2240624
1 11 6 30591673
1 11 5 27573257
1 11 4 17969680
1 11 3 24217657
1 11 2 22249881
1 11 1 13202304
1 11 0 30070745
1 10 12 33553417
1 10 11 28048
1 10 10 33354553
1 10 9 224656
1 10 8 2470912
1 10 7 25103273
1 10 6 354112
1 10 5 1199511
1 10 4 23991362
1 10 3 19340665
1 10 2 12561735
1 10 1 21212633
1 10 0 27931481
1 9 12 8336
1 9 11 33413065
1 9 10 603328
1 9 9 751216
1 9 8 23391449
1 9 7 14776464
1 9 6 31567072
1 9 5 8567515
1 9 4 19459568
1 9 3 13602485
1 9 2 27686379
1 9 1 29552434
1 9 0 31501440
1 8 12 33515465
1 8 11 430416
1 8 10 32685305
1 8 9 28229993
1 8 8 21912448
1 8 7 2790896
1 8 6 25179332
1 8 5 29698942
1 8 4 19321900
1 8 3 20307439
1 8 2 31608114
1 8 1 19205493
1 8 0 3549401
1 7 12 107088
1 7 11 32760713
1 7 10 33352985
1 7 9 13370320
1 7 8 13081849
1 7 7 3407714
1 7 6 20133340
1 7 5 13231422
1 7 4 33453756
1 7 3 28705159
1 7 2 14720952
1 7 1 9187851
1 7 0 19367602
1 6 12 33385481
1 6 11 780720
1 6 10 2829024
1 6 9 17245593
1 6 8 23212089
1 6 7 15620421
1 6 6 32120546
1 6 5 971930
1 6 4 7185761
1 6 3 872550
1 6 2 394353
1 6 1 31617572
1 6 0 1535925
1 5 12 116592
1 5 11 33466473
1 5 10 29541961
1 5 9 5174592
1 5 8 10186791
1 5 7 30701707
1 5 6 26695030
1 5 5 7342047
1 5 4 7034913
1 5 3 7572494
1 5 2 32712532
1 5 1 16405866
1 5 0 27929753
1 4 12 61072
1 4 11 32807545
1 4 10 1132720
1 4 9 11781680
1 4 8 29737
1 4 7 19873570
1 4 6 2314682
1 4 5 27095248
1 4 4 22516158
1 4 3 24356478
1 4 2 7102317
1 4 1 18303051
1 4 0 397707
1 3 12 33367257
1 3 11 911968
1 3 10 2588576
1 3 9 16638841
1 3 8 28665017
1 3 7 714069
1 3 6 27725394
1 3 5 20757672
1 3 4 17819708
1 3 3 8164433
1 3 2 9491581
1 3 1 19921803
1 3 0 14560039
1 2 12 144288
1 2 11 33068825
1 2 10 30741209
1 2 9 9472896
1 2 8 18874944
1 2 7 4873138
1 2 6 8702386
1 2 5 5681219
1 2 4 26544494
1 2 3 354774
1 2 2 18977163
1 2 1 13657934
1 2 0 30233088
1 1 12 33509465
1 1 11 114048
1 1 10 984960
1 1 9 31297625
1 1 8 25588313
1 1 7 15251328
1 1 6 31169664
1 1 5 23096626
1 1 4 4548274
1 1 3 19163431
1 1 2 27257383
1 1 1 11740121
1 1 0 11159513
1 0 12 3456
1 0 11 33547481
1 0 10 33478361
1 0 9 131328
1 0 8 622080
1 0 7 32704217
1 0 6 31114457
1 0 5 2329344
1 0 4 4793472
1 0 3 30955481
1 0 2 29158361
1 0 1 995328
1 0 0 1492992
0 14 9 16
0 14 8 33554297
0 14 7 33554345
0 14 6 1248
0 14 5 33552713
0 14 4 33551033
0 14 3 8048
0 14 2 33553145
0 14 1 33548057
0 14 0 3456
0 13 10 48
0 13 9 33553897
0 13 8 1104
0 13 7 4368
0 13 6 33533129
0 13 5 11760
0 13 4 67824
0 13 3 33446025
0 13 2 33551609
0 13 1 92736
0 13 0 33509465
0 12 11 48
0 12 10 33553417
0 12 9 4944
0 12 8 48
0 12 7 33492809
0 12 6 137040
0 12 5 67824
0 12 4 33002985
0 12 3 517536
0 12 2 207936
0 12 1 33025625
0 12 0 207360
0 11 12 16
0 11 11 33553545
0 11 10 8272
0 11 9 33533769
0 11 8 33490313
0 11 7 376464
0 11 6 33220681
0 11 5 32509609
0 11 4 2236544
0 11 3 32914777
0 11 2 31983833
0 11 1 1329408
0 11 0 33277913
0 10 12 33554121
0 10 11 6448
0 10 10 33517225
0 10 9 15056
0 10 8 454320
0 10 7 32408393
0 10 6 33063433
0 10 5 4751984
0 10 4 29514873
0 10 3 30381945
0 10 2 4936128
0 10 1 33099353
0 10 0 32731865
0 9 12 1968
0 9 11 33526985
0 9 10 89520
0 9 9 203664
0 9 8 32039657
0 9 7 1324080
0 9 6 5190096
0 9 5 23669129
0 9 4 31905497
0 9 3 13655328
0 9 2 28346777
0 9 1 28283993
0 9 0 3089664
0 8 12 33546569
0 8 11 70224
0 8 10 33474761
0 8 9 32646505
0 8 8 2577552
0 8 7 2076528
0 8 6 20240681
0 8 5 5512752
0 8 4 21427392
0 8 3 15607641
0 8 2 24747737
0 8 1 11195136
0 8 0 31757273
0 7 12 18192
0 7 11 33448169
0 7 10 33415433
0 7 9 1784848
0 7 8 32230505
0 7 7 24293705
0 7 6 13504656
0 7 5 16840368
0 7 4 31578322
0 7 3 28337305
0 7 2 29138304
0 7 1 29513177
0 7 0 27886553
0 6 12 33531113
0 6 11 75024
0 6 10 464752
0 6 9 31928633
0 6 8 30706889
0 6 7 12107904
0 6 6 4096944
0 6 5 30951058
0 6 4 9797696
0 6 3 5574679
0 6 2 13864697
0 6 1 20025881
0 6 0 8201088
0 5 12 9488
0 5 11 28496
0 5 10 33108793
0 5 9 33474553
0 5 8 5327712
0 5 7 30007769
0 5 6 11057625
0 5 5 21266848
0 5 4 2164151
0 5 3 32322914
0 5 2 13536761
0 5 1 17116992
0 5 0 1904256
0 4 12 15824
0 4 11 33444121
0 4 10 33515001
0 4 9 1742944
0 4 8 31192793
0 4 7 25419449
0 4 6 16816672
0 4 5 12939424
0 4 4 28376802
0 4 3 29143609
0 4 2 33078720
0 4 1 31528025
0 4 0 24776153
0 3 12 33528185
0 3 11 99072
0 3 10 410688
0 3 9 31798169
0 3 8 31750361
0 3 7 10252224
0 3 6 1717056
0 3 5 8694809
0 3 4 3949920
0 3 3 24496704
0 3 2 26818649
0 3 1 25322201
0 3 0 2488320
0 2 12 15552
0 2 11 33512921
0 2 10 33246809
0 2 9 770688
0 2 8 2177280
0 2 7 28712537
0 2 6 26307161
0 2 5 12887424
0 2 4 12101184
0 2 3 19429721
0 2 2 23829209
0 2 1 5349888
0 2 0 2985984
0 1 12 33550937
0 1 11 6912
0 1 10 76032
0 1 9 33423065
0 1 8 32932313
0 1 7 850176
0 1 6 2439936
0 1 5 31225049
0 1 4 28760921
0 1 3 2598912
0 1 2 4396032
0 1 1 32559065
0 1 0 32061401
# gamma num 3117
32 0 0 12961624
31 1 0 14046126
31 0 1 10028342
31 0 0 10617598
30 2 0 15884145
30 1 1 11954237
30 1 0 29075932
30 0 2 7583405
30 0 1 23396426
30 0 0 32747207
29 3 0 2498430
29 2 1 30384984
29 2 0 1191135
29 1 2 12678995
29 1 1 30774764
29 1 0 7420556
29 0 3 8399297
29 0 2 31123764
29 0 1 18741439
29 0 0 7768171
28 4 0 3984373
28 3 1 17557371
28 3 0 2415157
28 2 2 13142659
28 2 1 32983331
28 2 0 7481519
28 1 3 8186022
28 1 2 31537015
28 1 1 17223013
28 1 0 16596075
28 0 4 19010737
28 0 3 13526826
28 0 2 2832421
28 0 1 33387520
28 0 0 31607904
27 5 0 25884623
27 4 1 13303352
27 4 0 24160303
27 3 2 9770847
27 3 1 21359571
27 3 0 21088922
27 2 3 21762255
27 2 2 24323101
27 2 1 11272048
27 2 0 11412272
27 1 4 13313957
27 1 3 32014142
27 1 2 30556919
27 1 1 1524288
27 1 0 3866629
27 0 5 3906090
27 0 4 2887832
27 0 3 11522606
27 0 2 26675769
27 0 1 22278834
27 0 0 15786816
26 6 0 3812320
26 5 1 26442188
26 5 0 8028145
26 4 2 29328
26 4 1 7061230
26 4 0 16303203
26 3 3 17321394
26 3 2 28838045
26 3 1 28041447
26 3 0 22605645
26 2 4 15493225
26 2 3 8724660
26 2 2 20085508
26 2 1 5963968
26 2 0 10517878
26 1 5 15562357
26 1 4 5210871
26 1 3 13249560
26 1 2 9588048
26 1 1 2612673
26 1 0 10682256
26 0 6 1013474
26 0 5 9485432
26 0 4 30081961
26 0 3 14189420
26 0 2 19474531
26 0 1 22169083
26 0 0 7187977
25 7 0 7339692
25 6 1 15548352
25 6 0 22619114
25 5 2 13106417
25 5 1 7541667
25 5 0 1966984
25 4 3 13624102
25 4 2 5522570
25 4 1 2018580
25 4 0 27261163
25 3 4 23758151
25 3 3 21189956
25 3 2 22625402
25 3 1 16520332
25 3 0 27335259
25 2 5 12082447
25 2 4 18390889
25 2 3 9374118
25 2 2 21639571
25 2 1 23852925
25 2 0 19590882
25 1 6 1427884
25 1 5 31936746
25 1 4 13729240
25 1 3 28337678
25 1 2 9289786
25 1 1 30501399
25 1 0 8798109
25 0 7 18470346
25 0 6 25574238
25 0 5 23877783
25 0 4 14179504
25 0 3 5168354
25 0 2 31864602
25 0 1 28874157
25 0 0 116797
24 8 0 15492440
24 7 1 25043162
24 7 0 4881501
24 6 2 29881191
24 6 1 30793856
24 6 0 19482484
24 5 3 32025795
24 5 2 625040
24 5 1 23543459
24 5 0 32960650
24 4 4 9495735
24 4 3 14758559
24 4 2 24578247
24 4 1 24311113
24 4 0 14379232
24 3 5 1409157
24 3 4 27622412
24 3 3 27957041
24 3 2 26271480
24 3 1 28925593
24 3 0 32134468
24 2 6 8952809
24 2 5 18409215
24 2 4 10353237
24 2 3 17206568
24 2 2 25205603
24 2 1 19794648
24 2 0 28273499
24 1 7 19262541
24 1 6 24363418
24 1 5 10779753
24 1 4 5675040
24 1 3 21321758
24 1 2 30669449
24 1 1 22511310
24 1 0 24233375
24 0 8 14788670
24 0 7 29834250
24 0 6 13715716
24 0 5 22198471
24 0 4 22106566
24 0 3 23730052
24 0 2 5732650
24 0 1 27072754
24 0 0 18936487
23 9 0 30349744
23 8 1 1750665
23 8 0 29799805
23 7 2 568746
23 7 1 16945654
23 7 0 10680473
23 6 3 13736344
23 6 2 6259661
23 6 1 785896
23 6 0 20166918
23 5 4 11604515
23 5 3 1849342
23 5 2 9025041
23 5 1 29741637
23 5 0 3405383
23 4 5 2520230
23 4 4 3785288
23 4 3 21526504
23 4 2 26604722
23 4 1 6400511
23 4 0 17039135
23 3 6 32132177
23 3 5 10831125
23 3 4 29052241
23 3 3 12150179
23 3 2 2075255
23 3 1 2399728
23 3 0 3749766
23 2 7 18611536
23 2 6 1992192
23 2 5 9870794
23 2 4 27678726
23 2 3 5142461
23 2 2 2733987
23 2 1 4002886
23 2 0 4369729
23 1 8 19001786
23 1 7 294860
23 1 6 29768940
23 1 5 30067161
23 1 4 6084126
23 1 3 25949015
23 1 2 11291257
23 1 1 14995291
23 1 0 7162018
23 0 9 13324314
23 0 8 13322046
23 0 7 3781789
23 0 6 23507010
23 0 5 28247081
23 0 4 267411
23 0 3 13522447
23 0 2 8372659
23 0 1 20735050
23 0 0 3778242
22 10 0 6983196
22 9 1 9321745
22 9 0 4327977
22 8 2 25787425
22 8 1 28906719
22 8 0 25154712
22 7 3 28638487
22 7 2 2238317
22 7 1 19876584
22 7 0 16114311
22 6 4 20653349
22 6 3 20528192
22 6 2 4786794
22 6 1 5527870
22 6 0 30704438
22 5 5 9854024
22 5 4 5980027
22 5 3 7343307
22 5 2 1717445
22 5 1 9706046
22 5 0 20713569
22 4 6 1214032
22 4 5 9351788
22 4 4 20956054
22 4 3 3333281
22 4 2 7518040
22 4 1 12916538
22 4 0 25199644
22 3 7 13588649
22 3 6 9365317
22 3 5 23334977
22 3 4 9142514
22 3 3 11621852
22 3 2 12336632
22 3 1 20917833
22 3 0 17150570
22 2 8 5359040
22 2 7 10350946
22 2 6 7847185
22 2 5 3408798
22 2 4 2567255
22 2 3 1389011
22 2 2 24514407
22 2 1 27262505
22 2 0 29012670
22 1 9 31447982
22 1 8 14314123
22 1 7 30440290
22 1 6 6180974
22 1 5 18925435
22 1 4 33160197
22 1 3 17315810
22 1 2 15647674
22 1 1 26867452
22 1 0 21165366
22 0 10 32324872
22 0 9 25694209
22 0 8 30159089
22 0 7 31867131
22 0 6 21073053
22 0 5 29272503
22 0 4 30415416
22 0 3 21123615
22 0 2 11651224
22 0 1 8125478
22 0 0 20990396
21 11 0 26241471
21 10 1 19435382
21 10 0 29640992
21 9 2 9812304
21 9 1 22365920
21 9 0 21239027
21 8 3 18262280
21 8 2 18214614
21 8 1 5884068
21 8 0 25367298
21 7 4 5739711
21 7 3 6854926
21 7 2 28798328
21 7 1 18489440
21 7 0 11302901
21 6 5 20221537
21 6 4 19042673
21 6 3 15336434
21 6 2 17018330
21 6 1 29981662
21 6 0 1780931
21 5 6 19581248
21 5 5 12780387
21 5 4 20661225
21 5 3 17195485
21 5 2 2100498
21 5 1 5625821
21 5 0 17978058
21 4 7 20519235
21 4 6 18713225
21 4 5 33028488
21 4 4 4110824
21 4 3 25916788
21 4 2 21053477
21 4 1 33093424
21 4 0 15789286
21 3 8 10873647
21 3 7 28770795
21 3 6 18634535
21 3 5 24979368
21 3 4 19599324
21 3 3 6193216
21 3 2 25274165
21 3 1 11161626
21 3 0 10918630
21 2 9 29195869
21 2 8 11986861
21 2 7 16382297
21 2 6 23596914
21 2 5 12996544
21 2 4 7398582
21 2 3 29957815
21 2 2 31240879
21 2 1 13570604
21 2 0 29678911
21 1 10 25944391
21 1 9 21035723
21 1 8 25059436
21 1 7 950923
21 1 6 13440826
21 1 5 24386993
21 1 4 3954482
21 1 3 11645774
21 1 2 4326807
21 1 1 17119965
21 1 0 18897651
21 0 10 18411665
21 0 9 25002123
21 0 8 30081696
21 0 7 2449450
21 0 6 29197568
21 0 5 3632396
21 0 4 16981390
21 0 3 15189411
21 0 2 17236602
21 0 1 9908102
21 0 0 31616658
20 12 0 13687595
20 11 1 8436596
20 11 0 10314364
20 10 2 13032071
20 10 1 27955140
20 10 0 7757373
20 9 3 4227731
20 9 2 1705103
20 9 1 14584436
20 9 0 5083401
20 8 4 32244749
20 8 3 27198386
20 8 2 16843713
20 8 1 14311088
20 8 0 33521084
20 7 5 22424411
20 7 4 25453201
20 7 3 22999348
20 7 2 23486883
20 7 1 16178264
20 7 0 1081855
20 6 6 16795246
20 6 5 21112998
20 6 4 14148758
20 6 3 1043120
20 6 2 26412588
20 6 1 18944230
20 6 0 19717059
20 5 7 2309978
20 5 6 6771562
20 5 5 16134211
20 5 4 4482623
20 5 3 14169221
20 5 2 21152773
20 5 1 8714433
20 5 0 5197924
20 4 8 14516820
20 4 7 1138268
20 4 6 23807010
20 4 5 14558699
20 4 4 26176095
20 4 3 29454245
20 4 2 31924907
20 4 1 30028668
20 4 0 246621
20 3 9 1789369
20 3 8 11608798
20 3 7 16522126
20 3 6 23979787
20 3 5 24815804
20 3 4 32623953
20 3 3 30935136
20 3 2 12488462
20 3 1 5947260
20 3 0 11510896
20 2 10 19650820
20 2 9 5777980
20 2 8 26073985
20 2 7 17302296
20 2 6 2438299
20 2 5 8241195
20 2 4 15281745
20 2 3 32955821
20 2 2 29181989
20 2 1 2783563
20 2 0 1558662
20 1 10 11554876
20 1 9 16574373
20 1 8 13299538
20 1 7 17125840
20 1 6 18419909
20 1 5 22201876
20 1 4 21520579
20 1 3 20065705
20 1 2 1590892
20 1 1 27124699
20 1 0 13308856
20 0 10 6943739
20 0 9 21469501
20 0 8 12080638
20 0 7 19062354
20 0 6 21898891
20 0 5 15072933
20 0 4 20035749
20 0 3 24980396
20 0 2 16775610
20 0 1 8731515
20 0 0 22022299
19 12 1 8304222
19 12 0 8122915
19 11 2 11958968
19 11 1 29364171
19 11 0 7552067
19 10 3 19612798
19 10 2 28449429
19 10 1 382135
19 10 0 32060730
19 9 4 14070153
19 9 3 1533881
19 9 2 23667351
19 9 1 6187794
19 9 0 22527613
19 8 5 25617432
19 8 4 8429621
19 8 3 20594743
19 8 2 11643060
19 8 1 25537657
19 8 0 23026961
19 7 6 23754752
19 7 5 5486613
19 7 4 10293096
19 7 3 22539164
19 7 2 6098581
19 7 1 50016
19 7 0 4491894
19 6 7 4532266
19 6 6 23933583
19 6 5 13259503
19 6 4 10616958
19 6 3 17345146
19 6 2 2340008
19 6 1 20835370
19 6 0 25886251
19 5 8 25295553
19 5 7 10944283
19 5 6 8082847
19 5 5 23993739
19 5 4 22602800
19 5 3 18234718
19 5 2 542288
19 5 1 24036392
19 5 0 33031020
19 4 9 9456760
19 4 8 14760445
19 4 7 2685554
19 4 6 8391422
19 4 5 12452407
19 4 4 5810901
19 4 3 1656677
19 4 2 23125074
19 4 1 24453566
19 4 0 10976300
19 3 10 6187081
19 3 9 16063137
19 3 8 14771043
19 3 7 23339821
19 3 6 16031504
19 3 5 17508020
19 3 4 26119119
19 3 3 6687071
19 3 2 17252195
19 3 1 30157727
19 3 0 26682014
19 2 10 18361954
19 2 9 33167060
19 2 8 30294125
19 2 7 12877258
19 2 6 5055741
19 2 5 27301926
19 2 4 16302256
19 2 3 1903263
19 2 2 27355799
19 2 1 14859136
19 2 0 16603746
19 1 10 3415507
19 1 9 18796548
19 1 8 23692692
19 1 7 19030505
19 1 6 23610729
19 1 5 444233
19 1 4 19012799
19 1 3 20209414
19 1 2 31630733
19 1 1 1417086
19 1 0 23708557
19 0 10 9029109
19 0 9 28218322
19 0 8 29218157
19 0 7 15804933
19 0 6 9532668
19 0 5 25076782
19 0 4 11474831
19 0 3 4879336
19 0 2 20902076
19 0 1 15788444
19 0 0 16278778
18 12 2 1994591
18 12 1 10809438
18 12 0 28130317
18 11 3 29659122
18 11 2 31808200
18 11 1 22108948
18 11 0 4784051
18 10 4 22088677
18 10 3 18070547
18 10 2 10192623
18 10 1 236292
18 10 0 26384448
18 9 5 1890462
18 9 4 26043859
18 9 3 30899954
18 9 2 13590869
18 9 1 12061591
18 9 0 7147840
18 8 6 20409909
18 8 5 7999741
18 8 4 1695409
18 8 3 6592552
18 8 2 29469805
18 8 1 30008020
18 8 0 13039570
18 7 7 2196938
18 7 6 32144884
18 7 5 14722946
18 7 4 8151074
18 7 3 1022862
18 7 2 1323243
18 7 1 30718684
18 7 0 5435389
18 6 8 14314928
18 6 7 31877305
18 6 6 7665405
18 6 5 9071449
18 6 4 14077787
18 6 3 25226434
18 6 2 28309850
18 6 1 5914266
18 6 0 16103159
18 5 9 10326050
18 5 8 21205780
18 5 7 5068393
18 5 6 19631337
18 5 5 18330694
18 5 4 23312249
18 5 3 32668743
18 5 2 32160327
18 5 1 27966581
18 5 0 15438493
18 4 10 30183391
18 4 9 10971695
18 4 8 23320707
18 4 7 27771386
18 4 6 23626607
18 4 5 4049605
18 4 4 17609557
18 4 3 15204409
18 4 2 4157612
18 4 1 247277
18 4 0 19008641
18 3 10 18364855
18 3 9 5679306
18 3 8 25440787
18 3 7 15924031
18 3 6 13621853
18 3 5 16949757
18 3 4 27144527
18 3 3 32855759
18 3 2 23814401
18 3 1 11071039
18 3 0 19530585
18 2 10 22153626
18 2 9 24029798
18 2 8 6705709
18 2 7 6781351
18 2 6 24099451
18 2 5 9765279
18 2 4 32142733
18 2 3 11889327
18 2 2 16730321
18 2 1 2348432
18 2 0 2418446
18 1 10 29073732
18 1 9 25513811
18 1 8 28956556
18 1 7 7029199
18 1 6 7108061
18 1 5 10623299
18 1 4 26498569
18 1 3 4381232
18 1 2 22152458
18 1 1 33438128
18 1 0 18501672
18 0 10 381808
18 0 9 11960631
18 0 8 7769598
18 0 7 6166222
18 0 6 9213981
18 0 5 31302040
18 0 4 8466914
18 0 3 27193474
18 0 2 19644747
18 0 1 22449419
18 0 0 17451273
17 12 3 24661475
17 12 2 16412974
17 12 1 14141810
17 12 0 2618849
17 11 4 8805162
17 11 3 22933636
17 11 2 14206475
17 11 1 22664117
17 11 0 2842302
17 10 5 25330322
17 10 4 2226281
17 10 3 25578528
17 10 2 9228649
17 10 1 11752810
17 10 0 33320368
17 9 6 9385995
17 9 5 23603533
17 9 4 3354803
17 9 3 11638242
17 9 2 17971594
17 9 1 26253971
17 9 0 17913994
17 8 7 33181110
17 8 6 24188491
17 8 5 25403011
17 8 4 11268126
17 8 3 7563280
17 8 2 28441534
17 8 1 24642703
17 8 0 32270580
17 7 8 19693405
17 7 7 7027006
17 7 6 14440765
17 7 5 18287834
17 7 4 9599642
17 7 3 2834069
17 7 2 3035840
17 7 1 28141160
17 7 0 11443091
17 6 9 11892031
17 6 8 3147427
17 6 7 13579808
17 6 6 15617364
17 6 5 18967604
17 6 4 8126484
17 6 3 14110116
17 6 2 33418596
17 6 1 18467209
17 6 0 17753120
17 5 10 19040072
17 5 9 8034701
17 5 8 24309231
17 5 7 27395423
17 5 6 4075147
17 5 5 5364457
17 5 4 30081020
17 5 3 19829506
17 5 2 4457787
17 5 1 16350729
17 5 0 11032734
17 4 10 9894102
17 4 9 60430
17 4 8 5979968
17 4 7 29330182
17 4 6 25609002
17 4 5 23715728
17 4 4 20907602
17 4 3 16510926
17 4 2 29570409
17 4 1 10896172
17 4 0 11917281
17 3 10 17046363
17 3 9 11839768
17 3 8 12889387
17 3 7 7776589
17 3 6 30623155
17 3 5 408371
17 3 4 16454741
17 3 3 28417356
17 3 2 31045343
17 3 1 16561086
17 3 0 14236719
17 2 10 22565783
17 2 9 27021839
17 2 8 17499535
17 2 7 11869715
17 2 6 24432769
17 2 5 20256573
17 2 4 10886821
17 2 3 25186458
17 2 2 3620777
17 2 1 4978598
17 2 0 11320519
17 1 10 19511413
17 1 9 29619776
17 1 8 4559945
17 1 7 2135117
17 1 6 10677974
17 1 5 28039531
17 1 4 9022749
17 1 3 5801216
17 1 2 22314259
17 1 1 22753435
17 1 0 18356672
17 0 10 9762456
17 0 9 439177
17 0 8 6655587
17 0 7 15778109
17 0 6 617403
17 0 5 5695358
17 0 4 22230552
17 0 3 26352728
17 0 2 19015339
17 0 1 4804979
17 0 0 24787628
16 12 4 25413963
16 12 3 17123106
16 12 2 31227705
16 12 1 24458422
16 12 0 22675059
16 11 5 24570249
16 11 4 14555230
16 11 3 12497260
16 11 2 32626147
16 11 1 31332390
16 11 0 14033616
16 10 6 9796357
16 10 5 31112209
16 10 4 278957
16 10 3 32460686
16 10 2 3866159
16 10 1 14581939
16 10 0 1460436
16 9 7 10593701
16 9 6 15107336
16 9 5 4473584
16 9 4 22239174
16 9 3 12164441
16 9 2 5423673
16 9 1 13871968
16 9 0 29922526
16 8 8 26655458
16 8 7 17613201
16 8 6 3990113
16 8 5 9309687
16 8 4 17046390
16 8 3 15194421
16 8 2 14522201
16 8 1 22475316
16 8 0 11042099
16 7 9 4209773
16 7 8 13078579
16 7 7 21392302
16 7 6 4198212
16 7 5 19556914
16 7 4 426719
16 7 3 22106141
16 7 2 9372768
16 7 1 32127871
16 7 0 16930338
16 6 10 14027889
16 6 9 4732271
16 6 8 10885540
16 6 7 6183765
16 6 6 30382368
16 6 5 7581133
16 6 4 29116373
16 6 3 1934949
16 6 2 1614700
16 6 1 12744156
16 6 0 7733717
16 5 10 32094219
16 5 9 1916954
16 5 8 1491210
16 5 7 13340569
16 5 6 17686331
16 5 5 24252161
16 5 4 27253882
16 5 3 15599097
16 5 2 471943
16 5 1 13595031
16 5 0 31923501
16 4 10 5115367
16 4 9 3055449
16 4 8 9564396
16 4 7 19246293
16 4 6 16589556
16 4 5 28038641
16 4 4 3592105
16 4 3 19119703
16 4 2 3871893
16 4 1 26670400
16 4 0 21454463
16 3 10 29325456
16 3 9 313003
16 3 8 960057
16 3 7 19080936
16 3 6 29223740
16 3 5 20346039
16 3 4 18125915
16 3 3 6874242
16 3 2 11930227
16 3 1 29716121
16 3 0 31662994
16 2 10 30675364
16 2 9 24794145
16 2 8 30154781
16 2 7 1249084
16 2 6 25390397
16 2 5 25918133
16 2 4 8610087
16 2 3 26097869
16 2 2 14243532
16 2 1 16476594
16 2 0 14073731
16 1 10 15614740
16 1 9 11764925
16 1 8 29866892
16 1 7 13239348
16 1 6 14536252
16 1 5 14848316
16 1 4 31390449
16 1 3 21774096
16 1 2 9344315
16 1 1 15968794
16 1 0 26746576
16 0 10 27794478
16 0 9 8684616
16 0 8 3142441
16 0 7 29960359
16 0 6 2530059
16 0 5 7592035
16 0 4 9808095
16 0 3 1178355
16 0 2 5042799
16 0 1 23933993
16 0 0 12404954
15 12 5 19586995
15 12 4 16548623
15 12 3 32757903
15 12 2 28975476
15 12 1 8956447
15 12 0 23986854
15 11 6 26498599
15 11 5 3169598
15 11 4 10218387
15 11 3 1585402
15 11 2 29024005
15 11 1 560985
15 11 0 23981307
15 10 7 16288965
15 10 6 6056148
15 10 5 1768428
15 10 4 1802192
15 10 3 9241072
15 10 2 26002471
15 10 1 18502602
15 10 0 2203951
15 9 8 21909320
15 9 7 22180832
15 9 6 5558855
15 9 5 22926328
15 9 4 844104
15 9 3 4536528
15 9 2 25432565
15 9 1 22049235
15 9 0 30658007
15 8 9 16430874
15 8 8 4485073
15 8 7 26215522
15 8 6 23664073
15 8 5 6532183
15 8 4 1311396
15 8 3 4552013
15 8 2 20937391
15 8 1 9182918
15 8 0 25033659
15 7 10 25416465
15 7 9 18180860
15 7 8 11564025
15 7 7 7403367
15 7 6 10898385
15 7 5 11050768
15 7 4 13428138
15 7 3 31059447
15 7 2 19711942
15 7 1 9949076
15 7 0 7378642
15 6 10 487771
15 6 9 20600847
15 6 8 24753755
15 6 7 22375119
15 6 6 14264709
15 6 5 17807890
15 6 4 20164328
15 6 3 30491530
15 6 2 9211492
15 6 1 10332122
15 6 0 23578192
15 5 10 10540586
15 5 9 22544842
15 5 8 3334411
15 5 7 30004021
15 5 6 26725514
15 5 5 379195
15 5 4 9982529
15 5 3 22607088
15 5 2 11270296
15 5 1 23126262
15 5 0 23763297
15 4 10 6797344
15 4 9 26911489
15 4 8 2588982
15 4 7 8834796
15 4 6 906809
15 4 5 30210719
15 4 4 14924524
15 4 3 7215936
15 4 2 4915547
15 4 1 17115938
15 4 0 10011837
15 3 10 33121066
15 3 9 32371450
15 3 8 24951966
15 3 7 5013146
15 3 6 22048011
15 3 5 16346701
15 3 4 6587895
15 3 3 7897092
15 3 2 522982
15 3 1 4035099
15 3 0 12621859
15 2 10 29138239
15 2 9 4280450
15 2 8 2565841
15 2 7 28555878
15 2 6 9638074
15 2 5 173222
15 2 4 19743602
15 2 3 29924271
15 2 2 24996102
15 2 1 6576822
15 2 0 27816553
15 1 10 14981906
15 1 9 19216234
15 1 8 4714277
15 1 7 13348257
15 1 6 19774427
15 1 5 32484711
15 1 4 12240316
15 1 3 21708677
15 1 2 23744239
15 1 1 275395
15 1 0 32689717
15 0 10 12778925
15 0 9 5935560
15 0 8 25184400
15 0 7 7169138
15 0 6 8786799
15 0 5 22101123
15 0 4 12152885
15 0 3 22257113
15 0 2 1910242
15 0 1 24029193
15 0 0 4712198
14 12 6 21044435
14 12 5 23891012
14 12 4 18077419
14 12 3 23865642
14 12 2 30813926
14 12 1 1837915
14 12 0 24765565
14 11 7 2189604
14 11 6 10071308
14 11 5 11789900
14 11 4 13223488
14 11 3 16795008
14 11 2 28291784
14 11 1 29100580
14 11 0 22240032
14 10 8 30443209
14 10 7 12362566
14 10 6 32258101
14 10 5 5574580
14 10 4 30067422
14 10 3 4520780
14 10 2 27126444
14 10 1 3785533
14 10 0 3994506
14 9 9 23957852
14 9 8 18166384
14 9 7 22966097
14 9 6 3776061
14 9 5 29350658
14 9 4 1799669
14 9 3 1468541
14 9 2 25198097
14 9 1 14127890
14 9 0 2389305
14 8 10 8206773
14 8 9 23701973
14 8 8 8880363
14 8 7 13899870
14 8 6 14513920
14 8 5 23162393
14 8 4 29844848
14 8 3 32913558
14 8 2 20494036
14 8 1 2262620
14 8 0 3252212
14 7 10 10252970
14 7 9 4605927
14 7 8 15299088
14 7 7 3400417
14 7 6 20575034
14 7 5 16016034
14 7 4 13464554
14 7 3 12037563
14 7 2 27176942
14 7 1 10811596
14 7 0 8056670
14 6 10 6593507
14 6 9 4191359
14 6 8 6907409
14 6 7 4656758
14 6 6 7187740
14 6 5 24361260
14 6 4 23246969
14 6 3 30305954
14 6 2 28287730
14 6 1 23725329
14 6 0 7940818
14 5 10 4521645
14 5 9 31295618
14 5 8 2290162
14 5 7 19029232
14 5 6 31087802
14 5 5 12373341
14 5 4 25623811
14 5 3 27572934
14 5 2 31507248
14 5 1 7211626
14 5 0 27410472
14 4 10 32568620
14 4 9 17047393
14 4 8 5092327
14 4 7 32613100
14 4 6 688788
14 4 5 29678969
14 4 4 11895218
14 4 3 20408419
14 4 2 4989806
14 4 1 13092304
14 4 0 13391049
14 3 10 28891331
14 3 9 14917636
14 3 8 15844794
14 3 7 18436512
14 3 6 8019257
14 3 5 32689934
14 3 4 26177728
14 3 3 31688041
14 3 2 8543962
14 3 1 496418
14 3 0 15872175
14 2 10 9179788
14 2 9 28552138
14 2 8 1254067
14 2 7 7531003
14 2 6 5700811
14 2 5 8600859
14 2 4 26497223
14 2 3 3169827
14 2 2 13990920
14 2 1 9945844
14 2 0 2493261
14 1 10 25499271
14 1 9 2649094
14 1 8 24894542
14 1 7 19141659
14 1 6 19255726
14 1 5 5006566
14 1 4 13181315
14 1 3 23149926
14 1 2 24642828
14 1 1 15299916
14 1 0 8622710
14 0 10 26514816
14 0 9 8174387
14 0 8 2208377
14 0 7 7094228
14 0 6 31222798
14 0 5 21142300
14 0 4 19442906
14 0 3 10155215
14 0 2 4235820
14 0 1 3015209
14 0 0 27338769
13 12 7 5646739
13 12 6 30920341
13 12 5 6036033
13 12 4 222302
13 12 3 17410689
13 12 2 8244297
13 12 1 15649613
13 12 0 24008552
13 11 8 19549279
13 11 7 4991540
13 11 6 32568716
13 11 5 11528826
13 11 4 28187655
13 11 3 6073704
13 11 2 11218122
13 11 1 25290830
13 11 0 22678113
13 10 9 19629086
13 10 8 29298709
13 10 7 14202266
13 10 6 2981791
13 10 5 2204163
13 10 4 10310422
13 10 3 14672745
13 10 2 11197432
13 10 1 26514701
13 10 0 1935921
13 9 10 31572761
13 9 9 89688
13 9 8 23816303
13 9 7 7334817
13 9 6 17739115
13 9 5 32567073
13 9 4 22957228
13 9 3 3992295
13 9 2 14703155
13 9 1 9437
13 9 0 16716266
13 8 10 20302416
13 8 9 33426508
13 8 8 7225273
13 8 7 15966844
13 8 6 20368495
13 8 5 18047265
13 8 4 28090374
13 8 3 31748930
13 8 2 26380592
13 8 1 5726395
13 8 0 30630005
13 7 10 12563387
13 7 9 8687659
13 7 8 10416978
13 7 7 7163705
13 7 6 9944922
13 7 5 23108518
13 7 4 28530456
13 7 3 31734337
13 7 2 29139884
13 7 1 9738605
13 7 0 31105472
13 6 10 32213473
13 6 9 22432117
13 6 8 3284152
13 6 7 22414920
13 6 6 16842529
13 6 5 28684853
13 6 4 22103708
13 6 3 9453870
13 6 2 25532527
13 6 1 21364377
13 6 0 19256268
13 5 10 7815141
13 5 9 7319887
13 5 8 16026421
13 5 7 28968110
13 5 6 31623134
13 5 5 9156924
13 5 4 30864131
13 5 3 17336492
13 5 2 31821556
13 5 1 33190032
13 5 0 12585282
13 4 10 19107580
13 4 9 12246623
13 4 8 6354296
13 4 7 11261183
13 4 6 14392493
13 4 5 11617170
13 4 4 10227283
13 4 3 26120259
13 4 2 22615278
13 4 1 12343474
13 4 0 26317276
13 3 10 29677291
13 3 9 26591385
13 3 8 28217414
13 3 7 25689711
13 3 6 5718403
13 3 5 10476031
13 3 4 27631521
13 3 3 6402180
13 3 2 17255855
13 3 1 3262373
13 3 0 33020466
13 2 10 29511462
13 2 9 7326358
13 2 8 27292142
13 2 7 33125342
13 2 6 31836734
13 2 5 30165495
13 2 4 8960320
13 2 3 24260174
13 2 2 16829214
13 2 1 8565211
13 2 0 21952711
13 1 10 29729116
13 1 9 2810671
13 1 8 28915323
13 1 7 33331606
13 1 6 12121103
13 1 5 3287719
13 1 4 3789765
13 1 3 31208502
13 1 2 1782311
13 1 1 2291366
13 1 0 9087013
13 0 10 864077
13 0 9 32905755
13 0 8 12479835
13 0 7 16329883
13 0 6 1030175
13 0 5 33248963
13 0 4 12394721
13 0 3 20918662
13 0 2 6098377
13 0 1 2287854
13 0 0 31173895
12 12 8 10244865
12 12 7 4587173
12 12 6 14661333
12 12 5 26508793
12 12 4 17699988
12 12 3 16272207
12 12 2 5840180
12 12 1 8418031
12 12 0 14869324
12 11 9 8829533
12 11 8 31640388
12 11 7 17780070
12 11 6 24751538
12 11 5 29785691
12 11 4 26868068
12 11 3 19431887
12 11 2 29710291
12 11 1 21185913
12 11 0 25116049
12 10 10 17953043
12 10 9 30456526
12 10 8 7563179
12 10 7 14245320
12 10 6 8558208
12 10 5 15487805
12 10 4 23302729
12 10 3 1914484
12 10 2 23306026
12 10 1 28285029
12 10 0 10803019
12 9 10 4423195
12 9 9 22690668
12 9 8 5868450
12 9 7 13712341
12 9 6 32610302
12 9 5 31186124
12 9 4 26031310
12 9 3 26908497
12 9 2 18165324
12 9 1 14701058
12 9 0 16332459
12 8 10 12546264
12 8 9 6915871
12 8 8 21704132
12 8 7 20457054
12 8 6 19164944
12 8 5 18341101
12 8 4 18570997
12 8 3 3128591
12 8 2 8101411
12 8 1 26082960
12 8 0 5349958
12 7 10 569196
12 7 9 20911028
12 7 8 30185797
12 7 7 6280561
12 7 6 20349645
12 7 5 12628205
12 7 4 4668091
12 7 3 7601716
12 7 2 23656816
12 7 1 6745897
12 7 0 8520978
12 6 10 17126802
12 6 9 22277830
12 6 8 23021458
12 6 7 7975273
12 6 6 3577797
12 6 5 10714896
12 6 4 15854966
12 6 3 32112483
12 6 2 17761820
12 6 1 10421770
12 6 0 21071796
12 5 10 29382777
12 5 9 31031152
12 5 8 30662642
12 5 7 2051782
12 5 6 4804460
12 5 5 7972809
12 5 4 10813864
12 5 3 25928112
12 5 2 19249671
12 5 1 23739646
12 5 0 10545894
12 4 10 3253071
12 4 9 8519442
12 4 8 22215713
12 4 7 10761279
12 4 6 23076187
12 4 5 14702408
12 4 4 6502971
12 4 3 30279398
12 4 2 6448513
12 4 1 11479807
12 4 0 32455606
12 3 10 15865212
12 3 9 3944957
12 3 8 7013694
12 3 7 5108768
12 3 6 19454456
12 3 5 144147
12 3 4 6863762
12 3 3 8884860
12 3 2 31465795
12 3 1 25766685
12 3 0 16167982
12 2 10 12725223
12 2 9 15591833
12 2 8 11058986
12 2 7 5969095
12 2 6 30407428
12 2 5 22299631
12 2 4 22747481
12 2 3 3870025
12 2 2 5749375
12 2 1 4964045
12 2 0 17800686
12 1 10 3966906
12 1 9 6399840
12 1 8 2716207
12 1 7 31531338
12 1 6 27567962
12 1 5 4757789
12 1 4 14076739
12 1 3 4009852
12 1 2 9344795
12 1 1 27059661
12 1 0 33372687
12 0 10 11545516
12 0 9 23169985
12 0 8 29603091
12 0 7 30931383
12 0 6 16785527
12 0 5 12524916
12 0 4 11841935
12 0 3 18902460
12 0 2 18697019
12 0 1 28703733
12 0 0 8660010
11 12 9 14186018
11 12 8 33013491
11 12 7 1888897
11 12 6 28790775
11 12 5 11167722
11 12 4 10635377
11 12 3 25421832
11 12 2 4367745
11 12 1 17165481
11 12 0 24477470
11 11 10 14186018
11 11 9 19429374
11 11 8 19792707
11 11 7 952762
11 11 6 10034100
11 11 5 29830165
11 11 4 1090534
11 11 3 30102164
11 11 2 5665938
11 11 1 15981775
11 11 0 26888164
11 10 10 24285429
11 10 9 16843403
11 10 8 26524925
11 10 7 20474856
11 10 6 14434791
11 10 5 7655823
11 10 4 26403336
11 10 3 7649586
11 10 2 1334029
11 10 1 8872907
11 10 0 3209138
11 9 10 20036359
11 9 9 26123138
11 9 8 10956446
11 9 7 12073900
11 9 6 4196867
11 9 5 4970341
11 9 4 31021863
11 9 3 23867508
11 9 2 2920891
11 9 1 7691430
11 9 0 33463300
11 8 10 4516983
11 8 9 29304490
11 8 8 9887924
11 8 7 30928367
11 8 6 16494794
11 8 5 12971859
11 8 4 28299185
11 8 3 29493346
11 8 2 20202104
11 8 1 9893171
11 8 0 20991145
11 7 10 7389848
11 7 9 2680911
11 7 8 5641665
11 7 7 32154759
11 7 6 22406863
11 7 5 33161070
11 7 4 17675053
11 7 3 16102466
11 7 2 17935556
11 7 1 20545741
11 7 0 23116386
11 6 10 5622966
11 6 9 1064569
11 6 8 27400783
11 6 7 15417102
11 6 6 22471084
11 6 5 27016332
11 6 4 25535820
11 6 3 14061665
11 6 2 18097694
11 6 1 17784886
11 6 0 7558700
11 5 10 17174515
11 5 9 332852
11 5 8 21349061
11 5 7 3575153
11 5 6 21460621
11 5 5 32583549
11 5 4 4041770
11 5 3 300452
11 5 2 10062072
11 5 1 32478397
11 5 0 17409331
11 4 10 13879340
11 4 9 26723306
11 4 8 26927790
11 4 7 10778013
11 4 6 23119105
11 4 5 12060962
11 4 4 1907938
11 4 3 26453835
11 4 2 29672838
11 4 1 17063695
11 4 0 5422349
11 3 10 23109664
11 3 9 4490901
11 3 8 24021533
11 3 7 4988471
11 3 6 11788510
11 3 5 19261440
11 3 4 9787216
11 3 3 22385623
11 3 2 19695544
11 3 1 18254103
11 3 0 27560597
11 2 10 13001971
11 2 9 21551490
11 2 8 13964148
11 2 7 18919858
11 2 6 21580800
11 2 5 11405100
11 2 4 15301960
11 2 3 17213339
11 2 2 1106234
11 2 1 31963557
11 2 0 16457450
11 1 10 17191025
11 1 9 30774670
11 1 8 23206249
11 1 7 32146446
11 1 6 13512526
11 1 5 6263456
11 1 4 15485468
11 1 3 823083
11 1 2 27255906
11 1 1 2686564
11 1 0 6589937
11 0 10 13657502
11 0 9 222221
11 0 8 5959651
11 0 7 30867788
11 0 6 23304408
11 0 5 13968613
11 0 4 21942684
11 0 3 12193472
11 0 2 15867868
11 0 1 2712145
11 0 0 25137674
10 12 9 15053222
10 12 8 10558302
10 12 7 22504270
10 12 6 27060227
10 12 5 15328661
10 12 4 16733575
10 12 3 32547556
10 12 2 11624887
10 12 1 2436781
10 12 0 8616287
10 11 10 15053222
10 11 9 28264337
10 11 8 27692077
10 11 7 12604262
10 11 6 6762080
10 11 5 28382405
10 11 4 28643445
10 11 3 30909488
10 11 2 14613351
10 11 1 30412511
10 11 0 29359188
10 10 10 31743991
10 10 9 4943985
10 10 8 27898412
10 10 7 28551958
10 10 6 12237734
10 10 5 15928604
10 10 4 4355946
10 10 3 7691191
10 10 2 3387920
10 10 1 20548059
10 10 0 28622404
10 9 10 18604034
10 9 9 14188918
10 9 8 26881810
10 9 7 149763
10 9 6 8150226
10 9 5 28894705
10 9 4 29642864
10 9 3 5488962
10 9 2 16916990
10 9 1 2759002
10 9 0 6547417
10 8 10 6807449
10 8 9 3917360
10 8 8 14534355
10 8 7 7512038
10 8 6 28446331
10 8 5 31783090
10 8 4 30541424
10 8 3 24798899
10 8 2 9994647
10 8 1 21726310
10 8 0 13554821
10 7 10 5884844
10 7 9 19838978
10 7 8 3511504
10 7 7 9038021
10 7 6 19980932
10 7 5 4137667
10 7 4 10836763
10 7 3 924272
10 7 2 14084467
10 7 1 17648614
10 7 0 12807894
10 6 10 13391348
10 6 9 23461571
10 6 8 24320169
10 6 7 31650673
10 6 6 22480454
10 6 5 21032349
10 6 4 24602968
10 6 3 3204333
10 6 2 21645782
10 6 1 27044468
10 6 0 22479913
10 5 10 11734278
10 5 9 33405629
10 5 8 2275693
10 5 7 11589954
10 5 6 19437733
10 5 5 8916849
10 5 4 21135917
10 5 3 25611910
10 5 2 6413278
10 5 1 17842176
10 5 0 11599639
10 4 10 11441153
10 4 9 5713103
10 4 8 27263847
10 4 7 25848606
10 4 6 21916371
10 4 5 29861287
10 4 4 20518887
10 4 3 31154561
10 4 2 30148102
10 4 1 8697460
10 4 0 28279924
10 3 10 3355611
10 3 9 2771923
10 3 8 21853202
10 3 7 14025884
10 3 6 16475159
10 3 5 387207
10 3 4 17869472
10 3 3 11466643
10 3 2 4151340
10 3 1 1815357
10 3 0 16820641
10 2 10 20806720
10 2 9 13319667
10 2 8 17881308
10 2 7 1465007
10 2 6 22911634
10 2 5 32297179
10 2 4 33374198
10 2 3 17557771
10 2 2 22698289
10 2 1 4252243
10 2 0 20606531
10 1 10 5094642
10 1 9 12813344
10 1 8 3580701
10 1 7 27917448
10 1 6 20974548
10 1 5 3197437
10 1 4 22426030
10 1 3 4999224
10 1 2 7670024
10 1 1 20075022
10 1 0 9763615
10 0 10 4099305
10 0 9 8985293
10 0 8 16545414
10 0 7 25163911
10 0 6 5021877
10 0 5 31172690
10 0 4 13521004
10 0 3 18848388
10 0 2 17507819
10 0 1 29492479
10 0 0 23015844
9 12 9 4463215
9 12 8 7388751
9 12 7 5877040
9 12 6 1932492
9 12 5 12316071
9 12 4 6659966
9 12 3 14499133
9 12 2 31553622
9 12 1 33252482
9 12 0 33326243
9 11 10 4463215
9 11 9 22241323
9 11 8 3484318
9 11 7 22546356
9 11 6 2718400
9 11 5 31334705
9 11 4 32404632
9 11 3 8626910
9 11 2 3102143
9 11 1 26604683
9 11 0 27293780
9 10 10 909599
9 10 9 14237926
9 10 8 19988473
9 10 7 21500602
9 10 6 14395804
9 10 5 27170285
9 10 4 29051610
9 10 3 12123365
9 10 2 10995575
9 10 1 15503138
9 10 0 12704565
9 9 10 9687324
9 9 9 24716076
9 9 8 13439416
9 9 7 4732319
9 9 6 22576411
9 9 5 12925379
9 9 4 3811599
9 9 3 14767566
9 9 2 22198664
9 9 1 27155668
9 9 0 27111210
9 8 10 8091037
9 8 9 18425906
9 8 8 8670670
9 8 7 961246
9 8 6 4994766
9 8 5 8607418
9 8 4 2778626
9 8 3 26980740
9 8 2 31185543
9 8 1 16791795
9 8 0 7854323
9 7 10 2931378
9 7 9 13817124
9 7 8 12060788
9 7 7 22548076
9 7 6 22769915
9 7 5 2100580
9 7 4 12891680
9 7 3 2743825
9 7 2 13266567
9 7 1 7038832
9 7 0 22641602
9 6 10 21529255
9 6 9 32580661
9 6 8 27385680
9 6 7 16159612
9 6 6 23367006
9 6 5 4978111
9 6 4 27235047
9 6 3 1468818
9 6 2 2507541
9 6 1 27638515
9 6 0 1831141
9 5 10 11294932
9 5 9 12042
9 5 8 21712958
9 5 7 18199465
9 5 6 15328205
9 5 5 20870329
9 5 4 19170526
9 5 3 9969605
9 5 2 26516025
9 5 1 2985351
9 5 0 6514514
9 4 10 24574456
9 4 9 31822858
9 4 8 8450503
9 4 7 18748251
9 4 6 30687228
9 4 5 27315620
9 4 4 13184423
9 4 3 6422677
9 4 2 25793505
9 4 1 2220078
9 4 0 32877203
9 3 10 3279382
9 3 9 32793344
9 3 8 401080
9 3 7 13698706
9 3 6 17279963
9 3 5 33266619
9 3 4 7561691
9 3 3 8152098
9 3 2 31301808
9 3 1 2773997
9 3 0 4059448
9 2 10 2278183
9 2 9 17555601
9 2 8 3081777
9 2 7 1582011
9 2 6 20891502
9 2 5 26156287
9 2 4 21565053
9 2 3 21647919
9 2 2 16235964
9 2 1 5955517
9 2 0 2765646
9 1 10 23865600
9 1 9 9679381
9 1 8 11345173
9 1 7 2431486
9 1 6 1685132
9 1 5 22788433
9 1 4 24852029
9 1 3 1512476
9 1 2 20672139
9 1 1 8219327
9 1 0 32447542
9 0 10 25611480
9 0 9 17422626
9 0 8 2503612
9 0 7 27862944
9 0 6 1673074
9 0 5 7983331
9 0 4 9942030
9 0 3 5425925
9 0 2 25527183
9 0 1 25946298
9 0 0 32247175
8 12 9 9479758
8 12 8 20031277
8 12 7 32880624
8 12 6 17668388
8 12 5 13381817
8 12 4 22734016
8 12 3 27887543
8 12 2 26928151
8 12 1 2046634
8 12 0 13925075
8 11 10 9479758
8 11 9 13754237
8 11 8 31308902
8 11 7 10181482
8 11 6 27076171
8 11 5 13866551
8 11 4 26080340
8 11 3 10623602
8 11 2 21646827
8 11 1 25399277
8 11 0 13981551
8 10 10 33453753
8 10 9 854676
8 10 8 6062762
8 10 7 5330012
8 10 6 26316503
8 10 5 27821203
8 10 4 7086860
8 10 3 19123352
8 10 2 16418779
8 10 1 9286645
8 10 0 20855415
8 9 10 2263593
8 9 9 32718408
8 9 8 20140739
8 9 7 3714441
8 9 6 13413750
8 9 5 13530121
8 9 4 32532092
8 9 3 9379395
8 9 2 24505605
8 9 1 20621729
8 9 0 24549706
8 8 10 1233388
8 8 9 8176275
8 8 8 9363602
8 8 7 25000417
8 8 6 11194756
8 8 5 27652788
8 8 4 12029335
8 8 3 28044561
8 8 2 13902388
8 8 1 6662724
8 8 0 11846227
8 7 10 16882540
8 7 9 28323488
8 7 8 1967353
8 7 7 27973382
8 7 6 15552756
8 7 5 12785209
8 7 4 7279392
8 7 3 6048056
8 7 2 24929203
8 7 1 8354534
8 7 0 21063282
8 6 10 3726395
8 6 9 29320767
8 6 8 22161
8 6 7 30581407
8 6 6 21208151
8 6 5 1374854
8 6 4 22405802
8 6 3 30065113
8 6 2 13830918
8 6 1 22200975
8 6 0 30351610
8 5 10 31892454
8 5 9 20906564
8 5 8 24962465
8 5 7 16384697
8 5 6 27133733
8 5 5 12034006
8 5 4 23066863
8 5 3 13379603
8 5 2 15408448
8 5 1 8371828
8 5 0 33496352
8 4 10 22651658
8 4 9 2576848
8 4 8 15830044
8 4 7 14392923
8 4 6 11536010
8 4 5 15704886
8 4 4 8365414
8 4 3 22064235
8 4 2 5947758
8 4 1 5965598
8 4 0 19898053
8 3 10 4964360
8 3 9 2203792
8 3 8 23288474
8 3 7 11229605
8 3 6 11114383
8 3 5 2247413
8 3 4 6341735
8 3 3 23729619
8 3 2 8832369
8 3 1 10190916
8 3 0 27560766
8 2 10 4111675
8 2 9 32280274
8 2 8 27395764
8 2 7 6446665
8 2 6 23856423
8 2 5 29884613
8 2 4 3656827
8 2 3 795420
8 2 2 20374714
8 2 1 24105024
8 2 0 15715270
8 1 10 33050614
8 1 9 16020852
8 1 8 27132329
8 1 7 31429780
8 1 6 27664332
8 1 5 25503606
8 1 4 9779646
8 1 3 17590829
8 1 2 5679454
8 1 1 3561382
8 1 0 27056324
8 0 10 25008913
8 0 9 220130
8 0 8 2296721
8 0 7 24436402
8 0 6 19756581
8 0 5 7416166
8 0 4 23227317
8 0 3 24167004
8 0 2 17909244
8 0 1 12872358
8 0 0 30229319
7 12 9 17898235
7 12 8 15789279
7 12 7 10354969
7 12 6 17196053
7 12 5 23423940
7 12 4 7535134
7 12 3 31892172
7 12 2 24895246
7 12 1 29398288
7 12 0 20232565
7 11 10 17898235
7 11 9 33275141
7 11 8 27421680
7 11 7 30180842
7 11 6 18216656
7 11 5 11342191
7 11 4 30691841
7 11 3 26260986
7 11 2 23283903
7 11 1 24322204
7 11 0 5000129
7 10 10 2529608
7 10 9 17824728
7 10 8 24136332
7 10 7 30533865
7 10 6 13051544
7 10 5 27855454
7 10 4 12029392
7 10 3 20579298
7 10 2 15076657
7 10 1 7999622
7 10 0 30075029
7 9 10 11974116
7 9 9 8031345
7 9 8 17465708
7 9 7 12604852
7 9 6 14753755
7 9 5 24286676
7 9 4 19126987
7 9 3 29280206
7 9 2 1187285
7 9 1 31765810
7 9 0 24626625
7 8 10 29112873
7 8 9 5426707
7 8 8 14386626
7 8 7 30410454
7 8 6 16740062
7 8 5 10615808
7 8 4 32876183
7 8 3 31004172
7 8 2 4185742
7 8 1 15788171
7 8 0 28876581
7 7 10 25931841
7 7 9 19860768
7 7 8 17899970
7 7 7 1880170
7 7 6 4395802
7 7 5 31789800
7 7 4 23371454
7 7 3 21551063
7 7 2 22161879
7 7 1 32446261
7 7 0 31909795
7 6 10 9117018
7 6 9 8056897
7 6 8 1800250
7 6 7 23446483
7 6 6 8356837
7 6 5 9118865
7 6 4 32455552
7 6 3 14234062
7 6 2 10746050
7 6 1 7721316
7 6 0 21418024
7 5 10 25702842
7 5 9 74396
7 5 8 6871631
7 5 7 26866210
7 5 6 11594553
7 5 5 2483525
7 5 4 17429375
7 5 3 32317779
7 5 2 31159450
7 5 1 24432512
7 5 0 2183209
7 4 10 32406784
7 4 9 32371078
7 4 8 18624979
7 4 7 16640319
7 4 6 3298286
7 4 5 27341172
7 4 4 26387206
7 4 3 11310929
7 4 2 15715114
7 4 1 11060548
7 4 0 13898875
7 3 10 29912049
7 3 9 12793364
7 3 8 3439025
7 3 7 4539981
7 3 6 31332227
7 3 5 11209764
7 3 4 3976793
7 3 3 33258517
7 3 2 1131883
7 3 1 14143144
7 3 0 5115293
7 2 10 27571772
7 2 9 18762261
7 2 8 16849110
7 2 7 32270818
7 2 6 5128365
7 2 5 30551204
7 2 4 14870010
7 2 3 3979661
7 2 2 3279394
7 2 1 25569158
7 2 0 5106977
7 1 10 4866468
7 1 9 27187165
7 1 8 26950282
7 1 7 18807169
7 1 6 28199392
7 1 5 17595877
7 1 4 25381925
7 1 3 8938657
7 1 2 12015211
7 1 1 1241328
7 1 0 6961872
7 0 10 5784924
7 0 9 22705728
7 0 8 26913918
7 0 7 22183384
7 0 6 3908422
7 0 5 10462696
7 0 4 2335078
7 0 3 20987426
7 0 2 24163949
7 0 1 26646252
7 0 0 19856696
6 12 9 30612412
6 12 8 25010383
6 12 7 11251286
6 12 6 3916343
6 12 5 17923653
6 12 4 26584283
6 12 3 21317982
6 12 2 30146098
6 12 1 20046335
6 12 0 23081610
6 11 10 30612412
6 11 9 19304279
6 11 8 29139460
6 11 7 2935591
6 11 6 32278621
6 11 5 21737740
6 11 4 2182396
6 11 3 28162213
6 11 2 17171702
6 11 1 1192620
6 11 0 22935645
6 10 10 27053955
6 10 9 20165763
6 10 8 4122521
6 10 7 8620065
6 10 6 32617235
6 10 5 24071983
6 10 4 13732043
6 10 3 19461267
6 10 2 11388287
6 10 1 6011695
6 10 0 23010128
6 9 10 10842466
6 9 9 18381137
6 9 8 4458485
6 9 7 18835436
6 9 6 2626744
6 9 5 20119058
6 9 4 20899537
6 9 3 7307412
6 9 2 25553176
6 9 1 33157099
6 9 0 25419908
6 8 10 1902446
6 8 9 9910361
6 8 8 22937480
6 8 7 3452766
6 8 6 31579599
6 8 5 12724216
6 8 4 30097840
6 8 3 18215181
6 8 2 22580409
6 8 1 31654645
6 8 0 31370775
6 7 10 22377747
6 7 9 24141360
6 7 8 22950059
6 7 7 15848235
6 7 6 4870745
6 7 5 13211719
6 7 4 5645828
6 7 3 18541408
6 7 2 13567890
6 7 1 19444391
6 7 0 17225384
6 6 10 24070062
6 6 9 26155561
6 6 8 28689163
6 6 7 25550433
6 6 6 1099433
6 6 5 5121325
6 6 4 18204951
6 6 3 17107854
6 6 2 27330371
6 6 1 725660
6 6 0 31269111
6 5 10 4160130
6 5 9 11252828
6 5 8 12928904
6 5 7 28960488
6 5 6 16487521
6 5 5 23546845
6 5 4 42299
6 5 3 14236324
6 5 2 6372324
6 5 1 4844040
6 5 0 28785792
6 4 10 21806883
6 4 9 3794790
6 4 8 22231035
6 4 7 15741294
6 4 6 19787844
6 4 5 22882132
6 4 4 26711700
6 4 3 6974889
6 4 2 23693423
6 4 1 3754963
6 4 0 28785126
6 3 10 6916737
6 3 9 29446082
6 3 8 6770416
6 3 7 13486765
6 3 6 486139
6 3 5 15580997
6 3 4 7814250
6 3 3 31125817
6 3 2 25443423
6 3 1 14890629
6 3 0 23076843
6 2 10 26870978
6 2 9 4780773
6 2 8 21763726
6 2 7 25115094
6 2 6 15843085
6 2 5 9386225
6 2 4 9674883
6 2 3 25010772
6 2 2 31844269
6 2 1 5372148
6 2 0 3011794
6 1 10 25247046
6 1 9 8879733
6 1 8 30300761
6 1 7 14696104
6 1 6 16477339
6 1 5 30633658
6 1 4 2974529
6 1 3 6338744
6 1 2 18376223
6 1 1 30900045
6 1 0 31389387
6 0 10 28964006
6 0 9 6324807
6 0 8 23030241
6 0 7 5366280
6 0 6 26029630
6 0 5 8112795
6 0 4 8192415
6 0 3 32472616
6 0 2 1929639
6 0 1 19952018
6 0 0 2135921
5 12 9 3736315
5 12 8 26706504
5 12 7 5182683
5 12 6 25330029
5 12 5 32004368
5 12 4 2252198
5 12 3 19532060
5 12 2 10874131
5 12 1 16925315
5 12 0 13749560
5 11 10 3736315
5 11 9 13929921
5 11 8 19573465
5 11 7 256445
5 11 6 23085385
5 11 5 4616151
5 11 4 16585422
5 11 3 26645096
5 11 2 10635868
5 11 1 31233849
5 11 0 6185681
5 10 10 16098055
5 10 9 12169564
5 10 8 5963685
5 10 7 31154024
5 10 6 19734468
5 10 5 21508660
5 10 4 14674737
5 10 3 29614892
5 10 2 4246539
5 10 1 12951583
5 10 0 18556537
5 9 10 9196079
5 9 9 309487
5 9 8 11597943
5 9 7 9145514
5 9 6 4792182
5 9 5 23730615
5 9 4 22486009
5 9 3 4409865
5 9 2 5178320
5 9 1 29104789
5 9 0 18301112
5 8 10 23264047
5 8 9 30386963
5 8 8 4447576
5 8 7 7740120
5 8 6 32806726
5 8 5 22111594
5 8 4 30660601
5 8 3 5620320
5 8 2 15673497
5 8 1 19172268
5 8 0 27443759
5 7 10 14909841
5 7 9 13870464
5 7 8 26651346
5 7 7 29529863
5 7 6 33444955
5 7 5 24038891
5 7 4 3942701
5 7 3 23040764
5 7 2 1223174
5 7 1 638637
5 7 0 33166361
5 6 10 12697402
5 6 9 23978146
5 6 8 30550905
5 6 7 15537349
5 6 6 2142192
5 6 5 586161
5 6 4 25529608
5 6 3 4435307
5 6 2 6802555
5 6 1 4469034
5 6 0 30203408
5 5 10 27823049
5 5 9 7574855
5 5 8 24359885
5 5 7 5038507
5 5 6 32143208
5 5 5 1365842
5 5 4 9868873
5 5 3 2902235
5 5 2 21043499
5 5 1 9689285
5 5 0 24949092
5 4 10 3337225
5 4 9 22379164
5 4 8 4154779
5 4 7 11202725
5 4 6 23771698
5 4 5 14726187
5 4 4 1276645
5 4 3 1592899
5 4 2 11894338
5 4 1 7241158
5 4 0 7013940
5 3 10 30407010
5 3 9 27229884
5 3 8 30046899
5 3 7 19541888
5 3 6 9154985
5 3 5 28654226
5 3 4 22900091
5 3 3 2489620
5 3 2 27883433
5 3 1 27408324
5 3 0 22860679
5 2 10 18588814
5 2 9 17626856
5 2 8 12015814
5 2 7 19387142
5 2 6 14629284
5 2 5 18880828
5 2 4 625423
5 2 3 1691991
5 2 2 907691
5 2 1 17069596
5 2 0 20481093
5 1 10 22871673
5 1 9 30908294
5 1 8 10778306
5 1 7 28529305
5 1 6 31984419
5 1 5 23135784
5 1 4 11990039
5 1 3 18311967
5 1 2 20104019
5 1 1 817463
5 1 0 19770430
5 0 10 11975102
5 0 9 4093494
5 0 8 22243834
5 0 7 25293386
5 0 6 4415388
5 0 5 11419484
5 0 4 15506111
5 0 3 20527879
5 0 2 523327
5 0 1 15117832
5 0 0 28520992
4 12 9 943440
4 12 8 29421648
4 12 7 28275419
4 12 6 5189674
4 12 5 24307429
4 12 4 9507985
4 12 3 25946154
4 12 2 28216474
4 12 1 12670273
4 12 0 27128193
4 11 10 943440
4 11 9 21221682
4 11 8 28048761
4 11 7 19938472
4 11 6 10051958
4 11 5 33353945
4 11 4 17532398
4 11 3 5018271
4 11 2 18490772
4 11 1 1348783
4 11 0 25123664
4 10 10 28612800
4 10 9 32854040
4 10 8 26922229
4 10 7 28430346
4 10 6 15514470
4 10 5 31284267
4 10 4 29158711
4 10 3 30518274
4 10 2 17154428
4 10 1 16448010
4 10 0 32719629
4 9 10 21655019
4 9 9 602758
4 9 8 24728246
4 9 7 9093999
4 9 6 15540425
4 9 5 23117932
4 9 4 4155988
4 9 3 14082402
4 9 2 10761636
4 9 1 8099271
4 9 0 8123352
4 8 10 14475561
4 8 9 4819155
4 8 8 22020701
4 8 7 26360475
4 8 6 23459999
4 8 5 10205754
4 8 4 24554806
4 8 3 31321180
4 8 2 10307697
4 8 1 9753158
4 8 0 11846713
4 7 10 13666810
4 7 9 15517009
4 7 8 17131196
4 7 7 31863897
4 7 6 33195044
4 7 5 19645257
4 7 4 7148782
4 7 3 6932375
4 7 2 25076137
4 7 1 24693042
4 7 0 31153070
4 6 10 24957560
4 6 9 26580496
4 6 8 13962371
4 6 7 12643107
4 6 6 14697445
4 6 5 4040684
4 6 4 7514691
4 6 3 29652622
4 6 2 6376876
4 6 1 23170518
4 6 0 5987578
4 5 10 26827340
4 5 9 2744316
4 5 8 13245180
4 5 7 22492977
4 5 6 22013513
4 5 5 27779892
4 5 4 6200241
4 5 3 27840242
4 5 2 13572012
4 5 1 17978380
4 5 0 19083609
4 4 10 1539659
4 4 9 22770377
4 4 8 2924084
4 4 7 24523364
4 4 6 18058483
4 4 5 21417497
4 4 4 31258585
4 4 3 9677616
4 4 2 2686719
4 4 1 30691453
4 4 0 27637268
4 3 10 1391856
4 3 9 17664262
4 3 8 5674764
4 3 7 10306857
4 3 6 19477900
4 3 5 5779403
4 3 4 14555207
4 3 3 686202
4 3 2 10536362
4 3 1 15830665
4 3 0 3416561
4 2 10 11131530
4 2 9 33186842
4 2 8 4822922
4 2 7 6229460
4 2 6 21276392
4 2 5 529659
4 2 4 26757608
4 2 3 3142773
4 2 2 8140475
4 2 1 20068602
4 2 0 28867581
4 1 10 15113987
4 1 9 27228209
4 1 8 5104438
4 1 7 414775
4 1 6 16713680
4 1 5 12814329
4 1 4 23665552
4 1 3 18461300
4 1 2 24238753
4 1 1 28386489
4 1 0 29249591
4 0 10 21734537
4 0 9 10780863
4 0 8 5578393
4 0 7 33111575
4 0 6 11390705
4 0 5 19760817
4 0 4 16171245
4 0 3 10659754
4 0 2 24160257
4 0 1 29191350
4 0 0 33258030
3 12 9 29352580
3 12 8 11639653
3 12 7 18270414
3 12 6 1576945
3 12 5 1258385
3 12 4 17207748
3 12 3 3505134
3 12 2 32485739
3 12 1 25233959
3 12 0 25055720
3 11 10 29352580
3 11 9 32500475
3 11 8 30379282
3 11 7 7123291
3 11 6 31802780
3 11 5 31398230
3 11 4 6995323
3 11 3 14582858
3 11 2 17158015
3 11 1 14940133
3 11 0 14683505
3 10 10 23874180
3 10 9 14174561
3 10 8 22251626
3 10 7 18639491
3 10 6 25594468
3 10 5 14977942
3 10 4 19882495
3 10 3 12276133
3 10 2 18508888
3 10 1 27475199
3 10 0 22569890
3 9 10 4173129
3 9 9 30433178
3 9 8 17152920
3 9 7 26327187
3 9 6 19936413
3 9 5 18781071
3 9 4 5318978
3 9 3 21450539
3 9 2 20454360
3 9 1 5231619
3 9 0 19401948
3 8 10 23410912
3 8 9 378767
3 8 8 26095597
3 8 7 9704254
3 8 6 22955196
3 8 5 10630242
3 8 4 11608663
3 8 3 31190892
3 8 2 10771941
3 8 1 7679620
3 8 0 32741563
3 7 10 23367309
3 7 9 10813391
3 7 8 16082104
3 7 7 24528103
3 7 6 21394691
3 7 5 5883038
3 7 4 27296316
3 7 3 20684406
3 7 2 14103026
3 7 1 33313057
3 7 0 29083667
3 6 10 30641177
3 6 9 30752284
3 6 8 30830045
3 6 7 14784040
3 6 6 30990113
3 6 5 15562588
3 6 4 11000388
3 6 3 7948501
3 6 2 4615915
3 6 1 9721045
3 6 0 6548132
3 5 10 14256314
3 5 9 31233305
3 5 8 27865871
3 5 7 20447725
3 5 6 32361452
3 5 5 16742698
3 5 4 11420475
3 5 3 28670576
3 5 2 11597199
3 5 1 19325480
3 5 0 8800342
3 4 10 14091486
3 4 9 29416252
3 4 8 4271540
3 4 7 5573660
3 4 6 18587163
3 4 5 20309528
3 4 4 17895368
3 4 3 18461765
3 4 2 30297185
3 4 1 26141523
3 4 0 522341
3 3 10 12682482
3 3 9 32603810
3 3 8 19486164
3 3 7 5361816
3 3 6 15765444
3 3 5 2374055
3 3 4 23591263
3 3 3 14516090
3 3 2 10836967
3 3 1 17418886
3 3 0 21957855
3 2 10 19411737
3 2 9 12376767
3 2 8 25673784
3 2 7 7617032
3 2 6 32524349
3 2 5 22143756
3 2 4 8730159
3 2 3 28357763
3 2 2 30426824
3 2 1 32166329
3 2 0 6001193
3 1 10 30681744
3 1 9 6491089
3 1 8 390405
3 1 7 24061399
3 1 6 6346344
3 1 5 6280759
3 1 4 12255032
3 1 3 1806703
3 1 2 3822361
3 1 1 13913026
3 1 0 29729267
3 0 10 25804550
3 0 9 16465085
3 0 8 7082117
3 0 7 18874370
3 0 6 13982351
3 0 5 20249262
3 0 4 3058891
3 0 3 32391719
3 0 2 20759372
3 0 1 17122756
3 0 0 5505921
2 12 9 1188455
2 12 8 28533006
2 12 7 22575572
2 12 6 32489015
2 12 5 25886430
2 12 4 26680805
2 12 3 14042174
2 12 2 21665903
2 12 1 23610923
2 12 0 4911229
2 11 10 1188455
2 11 9 10358111
2 11 8 76424
2 11 7 30373421
2 11 6 22140347
2 11 5 23286342
2 11 4 27575390
2 11 3 816505
2 11 2 26851522
2 11 1 9846001
2 11 0 23330019
2 10 10 14191043
2 10 9 4948205
2 10 8 16728944
2 10 7 1384639
2 10 6 15689988
2 10 5 577353
2 10 4 32892728
2 10 3 8310755
2 10 2 22264165
2 10 1 113336
2 10 0 11965712
2 9 10 8234923
2 9 9 8302987
2 9 8 24557217
2 9 7 1327428
2 9 6 12296277
2 9 5 32123628
2 9 4 10776882
2 9 3 21093653
2 9 2 7647211
2 9 1 22396268
2 9 0 3911292
2 8 10 463554
2 8 9 13964579
2 8 8 19451159
2 8 7 13687621
2 8 6 20915884
2 8 5 13571235
2 8 4 26982840
2 8 3 15275374
2 8 2 18632732
2 8 1 22215840
2 8 0 20196732
2 7 10 29659486
2 7 9 210149
2 7 8 10208021
2 7 7 18146950
2 7 6 698632
2 7 5 3503332
2 7 4 10692122
2 7 3 1156634
2 7 2 17394497
2 7 1 21252934
2 7 0 16802008
2 6 10 13938837
2 6 9 1300679
2 6 8 26098400
2 6 7 18397697
2 6 6 20315675
2 6 5 18962197
2 6 4 21163533
2 6 3 16162108
2 6 2 8563073
2 6 1 20069052
2 6 0 31824339
2 5 10 24820632
2 5 9 30984080
2 5 8 25733689
2 5 7 14159140
2 5 6 29444791
2 5 5 19380764
2 5 4 33157194
2 5 3 1027298
2 5 2 28925387
2 5 1 27260043
2 5 0 10936866
2 4 10 29288257
2 4 9 937520
2 4 8 7681671
2 4 7 2045435
2 4 6 25101943
2 4 5 33134981
2 4 4 279300
2 4 3 11337904
2 4 2 12093195
2 4 1 15046836
2 4 0 29170680
2 3 10 17950773
2 3 9 14053921
2 3 8 28642141
2 3 7 17967722
2 3 6 14627931
2 3 5 5849437
2 3 4 22555371
2 3 3 19992283
2 3 2 27475269
2 3 1 22527113
2 3 0 22275882
2 2 10 3601310
2 2 9 10947319
2 2 8 15728806
2 2 7 22949032
2 2 6 33389635
2 2 5 6833467
2 2 4 3289563
2 2 3 12136999
2 2 2 31462232
2 2 1 13620052
2 2 0 33003127
2 1 10 2231645
2 1 9 26956763
2 1 8 27253472
2 1 7 8341977
2 1 6 10986886
2 1 5 31766042
2 1 4 31337386
2 1 3 16956794
2 1 2 1224116
2 1 1 32603367
2 1 0 8044212
2 0 10 8271431
2 0 9 30536355
2 0 8 13865240
2 0 7 10748748
2 0 6 25578229
2 0 5 30539968
2 0 4 29527597
2 0 3 28750989
2 0 2 18494180
2 0 1 16497863
2 0 0 21337246
1 12 8 25738968
1 12 7 9175256
1 12 6 33489242
1 12 5 21910638
1 12 4 16099707
1 12 3 14696301
1 12 2 23838849
1 12 1 26041704
1 12 0 6211526
1 11 9 17923543
1 11 8 16434151
1 11 7 14190321
1 11 6 16322684
1 11 5 2919360
1 11 4 28565145
1 11 3 27147868
1 11 2 21688172
1 11 1 20250045
1 11 0 12369
1 10 10 25738968
1 10 9 28788809
1 10 8 14000466
1 10 7 1435660
1 10 6 20680860
1 10 5 23746363
1 10 4 23336999
1 10 3 15754869
1 10 2 29302522
1 10 1 22491582
1 10 0 31973689
1 9 10 21529914
1 9 9 12921484
1 9 8 32597656
1 9 7 22129801
1 9 6 21485315
1 9 5 33022210
1 9 4 11023059
1 9 3 20236019
1 9 2 25656896
1 9 1 16295642
1 9 0 4015737
1 8 10 31100033
1 8 9 20609642
1 8 8 20963190
1 8 7 22475219
1 8 6 2661780
1 8 5 6095657
1 8 4 29379434
1 8 3 14732728
1 8 2 29469191
1 8 1 6423900
1 8 0 31142774
1 7 10 19744916
1 7 9 24561711
1 7 8 2009486
1 7 7 18277641
1 7 6 22272582
1 7 5 32000412
1 7 4 21393514
1 7 3 16432697
1 7 2 6969133
1 7 1 24879369
1 7 0 28933808
1 6 10 13238383
1 6 9 12053430
1 6 8 32230493
1 6 7 19886693
1 6 6 22635500
1 6 5 31098192
1 6 4 4101372
1 6 3 32172699
1 6 2 33165883
1 6 1 27818371
1 6 0 23418116
1 5 10 18562258
1 5 9 22681288
1 5 8 13437116
1 5 7 11772823
1 5 6 8604492
1 5 5 20386259
1 5 4 25236954
1 5 3 31575836
1 5 2 10300793
1 5 1 12021211
1 5 0 4350305
1 4 10 6580964
1 4 9 26320040
1 4 8 16225922
1 4 7 3870475
1 4 6 9901608
1 4 5 3336710
1 4 4 17519093
1 4 3 19760022
1 4 2 27280008
1 4 1 25342690
1 4 0 20646661
1 3 10 33037636
1 3 9 28969442
1 3 8 13769488
1 3 7 32596862
1 3 6 23808655
1 3 5 21904312
1 3 4 15345698
1 3 3 26151078
1 3 2 22616925
1 3 1 8873184
1 3 0 8466518
1 2 10 30306718
1 2 9 20185119
1 2 8 20074941
1 2 7 23029965
1 2 6 7013134
1 2 5 20313338
1 2 4 9861188
1 2 3 612869
1 2 2 21189556
1 2 1 23267430
1 2 0 25880341
1 1 10 19323555
1 1 9 31614513
1 1 8 5987907
1 1 7 15979661
1 1 6 7172666
1 1 5 28842631
1 1 4 16497987
1 1 3 16456799
1 1 2 4609026
1 1 1 22580845
1 1 0 28328915
1 0 10 5233213
1 0 9 30714941
1 0 8 22110610
1 0 7 1519448
1 0 6 3284270
1 0 5 32574286
1 0 4 17764564
1 0 3 6716416
1 0 2 28258115
1 0 1 7069012
1 0 0 1943331
0 11 7 31236188
0 11 6 17874287
0 11 5 9050692
0 11 4 3330776
0 11 3 9574911
0 11 2 14292101
0 11 1 24884868
0 11 0 5695102
0 10 8 26599778
0 10 7 26351730
0 10 6 16943769
0 10 5 5850905
0 10 4 15982418
0 10 3 18691146
0 10 2 25127642
0 10 1 10345584
0 10 0 10140151
0 9 9 26599778
0 9 8 14636681
0 9 7 27541215
0 9 6 19855004
0 9 5 28017164
0 9 4 20973643
0 9 3 2715190
0 9 2 16213883
0 9 1 18712085
0 9 0 31906221
0 8 10 31236188
0 8 9 21715320
0 8 8 3259642
0 8 7 15524941
0 8 6 7619306
0 8 5 21986505
0 8 4 12210129
0 8 3 15702199
0 8 2 19129982
0 8 1 17374213
0 8 0 18847931
0 7 10 15556082
0 7 9 1935016
0 7 8 28789004
0 7 7 4965550
0 7 6 24522572
0 7 5 17613561
0 7 4 11159573
0 7 3 13017981
0 7 2 19928928
0 7 1 20727583
0 7 0 25412318
0 6 10 18323512
0 6 9 22098684
0 6 8 15265939
0 6 7 4158921
0 6 6 30092706
0 6 5 31411648
0 6 4 6084363
0 6 3 22533164
0 6 2 408908
0 6 1 30621770
0 6 0 7094366
0 5 10 29690549
0 5 9 27984538
0 5 8 24527718
0 5 7 5094834
0 5 6 1353593
0 5 5 2437597
0 5 4 1336122
0 5 3 9189225
0 5 2 23448366
0 5 1 6937815
0 5 0 4842054
0 4 10 2756517
0 4 9 8970813
0 4 8 2560486
0 4 7 11695417
0 4 6 28299772
0 4 5 18163465
0 4 4 29489478
0 4 3 2061735
0 4 2 4370307
0 4 1 3799590
0 4 0 10768853
0 3 10 19767177
0 3 9 16452321
0 3 8 4580557
0 3 7 29373312
0 3 6 461482
0 3 5 22976027
0 3 4 24241603
0 3 3 19054425
0 3 2 74363
0 3 1 8349173
0 3 0 13525683
0 2 10 12639769
0 2 9 20623405
0 2 8 26451573
0 2 7 24760007
0 2 6 27001407
0 2 5 21211514
0 2 4 9165321
0 2 3 31358119
0 2 2 29789633
0 2 1 30559409
0 2 0 23464751
0 1 10 12380546
0 1 9 8330745
0 1 8 10736615
0 1 7 4030828
0 1 6 23027668
0 1 5 15379178
0 1 4 13821798
0 1 3 26923251
0 1 2 24387924
0 1 1 23297319
0 1 0 27161163
0 0 10 12438368
0 0 9 7894176
0 0 8 9133157
0 0 7 19750911
0 0 6 10692039
0 0 5 30404575
0 0 4 1931806
0 0 3 23683013
0 0 2 19519093
0 0 1 10208277
0 0 0 4672096
# gamma den 2175
21 4 0 2
21 3 1 4
21 3 0 10
21 2 2 2
21 2 1 14
21 2 0 18
21 1 2 4
21 1 1 16
21 1 0 14
21 0 2 2
21 0 1 6
21 0 0 4
20 5 0 33554387
20 4 1 33554373
20 4 0 52
20 3 2 33554371
20 3 1 82
20 3 0 356
20 2 3 33554385
20 2 2 14
20 2 1 454
20 2 0 696
20 1 3 33554377
20 1 2 94
20 1 1 582
20 1 0 562
20 0 3 33554385
20 0 2 58
20 0 1 230
20 0 0 164
19 5 1 24
19 5 0 33554159
19 4 2 56
19 4 1 33553731
19 4 0 418
19 3 3 40
19 3 2 33553739
19 3 1 184
19 3 0 5834
19 2 4 8
19 2 3 33554183
19 2 2 33553579
19 2 1 6586
19 2 0 12654
19 1 4 16
19 1 3 33553853
19 1 2 558
19 1 1 9852
19 1 0 10648
19 0 4 8
19 0 3 33554103
19 0 2 662
19 0 1 4136
19 0 0 3176
18 7 0 16
18 6 1 32
18 6 0 80
18 5 2 33554385
18 5 1 1006
18 5 0 33550237
18 4 3 33554353
18 4 2 2006
18 4 1 33544583
18 4 0 33552321
18 3 4 33554385
18 3 3 1378
18 3 2 33546065
18 3 1 33541979
18 3 0 57912
18 2 5 8
18 2 4 314
18 2 3 33552395
18 2 2 33534191
18 2 1 54798
18 2 0 143744
18 1 5 16
18 1 4 652
18 1 3 33546103
18 1 2 33547037
18 1 1 102760
18 1 0 126612
18 0 5 8
18 0 4 330
18 0 3 33549519
18 0 2 2504
18 0 1 46332
18 0 0 38632
17 8 0 33554381
17 7 1 33554305
17 7 0 500
17 6 2 33554253
17 6 1 716
17 6 0 2686
17 5 3 33554305
17 5 2 33553611
17 5 1 18888
17 5 0 33509823
17 4 4 33554325
17 4 3 33552667
17 4 2 33040
17 4 1 33470311
17 4 0 33476289
17 3 5 33554329
17 3 4 33553779
17 3 3 21584
17 3 2 33499859
17 3 1 33344841
17 3 0 383284
17 2 6 33554373
17 2 5 74
17 2 4 5218
17 2 3 33552095
17 2 2 33318391
17 2 1 266580
17 2 0 1143322
17 1 6 33554353
17 1 5 340
17 1 4 12006
17 1 3 33478581
17 1 2 33381221
17 1 1 735960
17 1 0 1059746
17 0 6 33554373
17 0 5 202
17 0 4 6242
17 0 3 33504101
17 0 2 33529007
17 0 1 361994
17 0 0 331068
16 9 0 33554381
16 8 1 24
16 8 0 33553937
16 7 2 148
16 7 1 33551629
16 7 0 7110
16 6 3 176
16 6 2 33550373
16 6 1 5344
16 6 0 42144
16 5 4 124
16 5 3 33552071
16 5 2 33534135
16 5 1 213262
16 5 0 33233207
16 4 5 128
16 4 4 33552695
16 4 3 33521503
16 4 2 331666
16 4 1 33118407
16 4 0 32677901
16 3 6 76
16 3 5 33552815
16 3 4 33539817
16 3 3 202502
16 3 2 33434481
16 3 1 31701261
16 3 0 1728402
16 2 7 8
16 2 6 33553919
16 2 5 33552919
16 2 4 48742
16 2 3 138410
16 2 2 31801617
16 2 1 503272
16 2 0 6761784
16 1 7 16
16 1 6 33553217
16 1 5 2298
16 1 4 133800
16 1 3 33104813
16 1 2 31811375
16 1 1 3807290
16 1 0 6637878
16 0 7 8
16 0 6 33553767
16 0 5 2066
16 0 4 72304
16 0 3 33199297
16 0 2 33096483
16 0 1 2092002
16 0 0 2125212
15 10 0 16
15 9 1 80
15 9 0 33554101
15 8 2 64
15 8 1 1108
15 8 0 33546567
15 7 3 16
15 7 2 4820
15 7 1 33514517
15 7 0 60408
15 6 4 80
15 6 3 5708
15 6 2 33502079
15 6 1 33546109
15 6 0 410358
15 5 5 40
15 5 4 4246
15 5 3 33528381
15 5 2 33280143
15 5 1 1630292
15 5 0 31928021
15 4 6 33554353
15 4 5 3926
15 4 4 33537175
15 4 3 33180491
15 4 2 2263498
15 4 1 32438749
15 4 0 27400311
15 3 7 33554385
15 3 6 2218
15 3 5 33538089
15 3 4 33369755
15 3 3 1254576
15 3 2 1110532
15 3 1 22595181
15 3 0 4943852
15 2 8 8
15 2 7 266
15 2 6 33549883
15 2 5 33518903
15 2 4 275670
15 2 3 1692876
15 2 2 24456415
15 2 1 30547649
15 2 0 30813422
15 1 8 16
15 1 7 556
15 1 6 33538559
15 1 5 33547829
15 1 4 1015632
15 1 3 31845005
15 1 2 22104971
15 1 1 14487684
15 1 0 32290292
15 0 8 8
15 0 7 282
15 0 6 33545327
15 0 5 8736
15 0 4 576708
15 0 3 31748903
15 0 2 29832803
15 0 1 9248532
15 0 0 10606000
14 10 1 33554329
14 10 0 464
14 9 2 33554217
14 9 1 2012
14 9 0 33551343
14 8 3 33554185
14 8 2 1132
14 8 1 20800
14 8 0 33473185
14 7 4 33554089
14 7 3 33553901
14 7 2 71878
14 7 1 33204677
14 7 0 336126
14 6 5 33554025
14 6 4 740
14 6 3 84148
14 6 2 33150033
14 6 1 33067089
14 6 0 2776800
14 5 6 33554209
14 5 5 33554163
14 5 4 64108
14 5 3 33405291
14 5 2 31184105
14 5 1 8967988
14 5 0 27763163
14 4 7 33554337
14 4 6 33552715
14 4 5 54194
14 4 4 33478155
14 4 3 30687979
14 4 2 11061648
14 4 1 1978692
14 4 0 2518561
14 3 8 33554353
14 3 7 33553887
14 3 6 29272
14 3 5 33472063
14 3 4 32058209
14 3 3 5264708
14 3 2 13166446
14 3 1 20249938
14 3 0 4915546
14 2 9 33554385
14 2 8 110
14 2 7 3638
14 2 6 33536655
14 2 5 33205283
14 2 4 858792
14 2 3 11371324
14 2 2 32891246
14 2 1 1854765
14 2 0 9935941
14 1 9 33554377
14 1 8 340
14 1 7 8570
14 1 6 33425309
14 1 5 33318881
14 1 4 5587212
14 1 3 30289439
14 1 2 12353734
14 1 1 6369563
14 1 0 24291589
14 0 9 33554385
14 0 8 190
14 0 7 4482
14 0 6 33473813
14 0 5 33531605
14 0 4 3371538
14 0 3 26815703
14 0 2 13226321
14 0 1 31872896
14 0 0 8598423
13 12 0 33554387
13 11 1 33554381
13 11 0 33554363
13 10 2 58
13 10 1 33552607
13 10 0 6184
13 9 3 80
13 9 2 33549857
13 9 1 22764
13 9 0 33537631
13 8 4 88
13 8 3 33548957
13 8 2 5572
13 8 1 224274
13 8 0 32981061
13 7 5 256
13 7 4 33546813
13 7 3 33535033
13 7 2 652028
13 7 1 31477721
13 7 0 1239018
13 6 6 248
13 6 5 33545789
13 6 4 33544913
13 6 3 749860
13 6 2 31526679
13 6 1 28837255
13 6 0 13855404
13 5 7 88
13 5 6 33550247
13 5 5 33534957
13 5 4 572902
13 5 3 33256501
13 5 2 19201273
13 5 1 3129699
13 5 0 20105447
13 4 8 50
13 4 7 33553247
13 4 6 33526003
13 4 5 446538
13 4 4 84864
13 4 3 17748165
13 4 2 5958775
13 4 1 452873
13 4 0 15302072
13 3 9 28
13 3 8 33553565
13 3 7 33544617
13 3 6 230814
13 3 5 33468549
13 3 4 25100079
13 3 3 14137512
13 3 2 8578222
13 3 1 18447589
13 3 0 1697039
13 2 10 2
13 2 9 33554249
13 2 8 212
13 2 7 27162
13 2 6 37460
13 2 5 31459235
13 2 4 127766
13 2 3 18887639
13 2 2 7533261
13 2 1 9888271
13 2 0 14800589
13 1 10 4
13 1 9 33554021
13 1 8 3108
13 1 7 78628
13 1 6 32845529
13 1 5 31451525
13 1 4 23090304
13 1 3 5326548
13 1 2 1179270
13 1 1 5511022
13 1 0 21722319
13 0 10 2
13 0 9 33554193
13 0 8 2018
13 0 7 42924
13 0 6 33062879
13 0 5 33003725
13 0 4 14998074
13 0 3 15321053
13 0 2 18136305
13 0 1 19187896
13 0 0 1356120
12 13 0 2
12 12 1 28
12 12 0 33554253
12 11 2 50
12 11 1 33554227
12 11 0 33553655
12 10 3 88
12 10 2 1702
12 10 1 33531619
12 10 0 50200
12 9 4 248
12 9 3 2636
12 9 2 33501129
12 9 1 151530
12 9 0 33515491
12 8 5 256
12 8 4 3484
12 8 3 33490525
12 8 2 33521867
12 8 1 1595778
12 8 0 30623617
12 7 6 88
12 7 5 7196
12 7 4 33469797
12 7 3 33291165
12 7 2 4027042
12 7 1 24773435
12 7 0 2705270
12 6 7 80
12 6 6 6524
12 6 5 33464365
12 6 4 33330541
12 6 3 4521256
12 6 2 26941567
12 6 1 6279343
12 6 0 19224239
12 5 8 58
12 5 7 2602
12 5 6 33513625
12 5 5 33277323
12 5 4 3404894
12 5 3 2038452
12 5 2 3015658
12 5 1 12545127
12 5 0 21254179
12 4 9 33554381
12 4 8 1286
12 4 7 33545163
12 4 6 33281579
12 4 5 2446438
12 4 4 3266004
12 4 3 2027354
12 4 2 1571759
12 4 1 12072805
12 4 0 12851011
12 3 10 33554387
12 3 9 624
12 3 8 33547045
12 3 7 33455075
12 3 6 1207170
12 3 5 1669782
12 3 4 32205462
12 3 3 15792688
12 3 2 28260722
12 3 1 13678313
12 3 0 25093815
12 2 10 36
12 2 9 33553389
12 2 8 33548603
12 2 7 117510
12 2 6 858502
12 2 5 25047507
12 2 4 20135137
12 2 3 10464703
12 2 2 28557496
12 2 1 29745143
12 2 0 23980923
12 1 10 90
12 1 9 33550465
12 1 8 15318
12 1 7 483524
12 1 6 30800999
12 1 5 22113885
12 1 4 6076920
12 1 3 33459235
12 1 2 30128532
12 1 1 13677393
12 1 0 25188809
12 0 10 48
12 0 9 33552105
12 0 8 12532
12 0 7 278448
12 0 6 31375277
12 0 5 29664013
12 0 4 18422155
12 0 3 525857
12 0 2 8338742
12 0 1 15155309
12 0 0 21026978
11 13 1 33554385
11 13 0 46
11 12 2 33554353
11 12 1 610
11 12 0 33552913
11 11 3 33554337
11 11 2 986
11 11 1 33554037
11 11 0 33546119
11 10 4 33554209
11 10 3 1702
11 10 2 22272
11 10 1 33378635
11 10 0 277304
11 9 5 33554025
11 9 4 4508
11 9 3 36684
11 9 2 33177811
11 9 1 646024
11 9 0 114682
11 8 6 33554089
11 8 5 4204
11 8 4 52008
11 8 3 33108387
11 8 2 32932163
11 8 1 8050342
11 8 0 22304637
11 7 7 33554185
11 7 6 804
11 7 5 89112
11 7 4 32998221
11 7 3 31490949
11 7 2 17940842
11 7 1 6612285
11 7 0 792346
11 6 8 33554217
11 6 7 740
11 6 6 76376
11 6 5 33002701
11 6 4 31543253
11 6 3 19527486
11 6 2 21522265
11 6 1 23453090
11 6 0 22520640
11 5 9 33554329
11 5 8 652
11 5 7 32268
11 5 6 33329507
11 5 5 31422005
11 5 4 14251378
11 5 3 20921628
11 5 2 17383241
11 5 1 27827993
11 5 0 13754573
11 4 9 33554001
11 4 8 14280
11 4 7 33524071
11 4 6 31847011
11 4 5 9351110
11 4 4 22460174
11 4 3 30420497
11 4 2 11473753
11 4 1 15953896
11 4 0 25036392
11 3 10 33554261
11 3 9 6232
11 3 8 33519117
11 3 7 32918993
11 3 6 4375074
11 3 5 13313464
11 3 4 26251346
11 3 3 14413158
11 3 2 26229861
11 3 1 26713867
11 3 0 10291640
11 2 10 260
11 2 9 33551905
11 2 8 33493985
11 2 7 245414
11 2 6 5345398
11 2 5 9514031
11 2 4 23156801
11 2 3 23529613
11 2 2 8261419
11 2 1 18674740
11 2 0 3321202
11 1 10 916
11 1 9 33529473
11 1 8 37816
11 1 7 2120296
11 1 6 25865065
11 1 5 23257058
11 1 4 11897779
11 1 3 14404484
11 1 2 33200122
11 1 1 33158323
11 1 0 14978722
11 0 10 524
11 0 9 33538521
11 0 8 49496
11 0 7 1301124
11 0 6 26301969
11 0 5 16209225
11 0 4 8191180
11 0 3 8233555
11 0 2 20166638
11 0 1 29001208
11 0 0 19433
10 13 2 8
10 13 1 33554223
10 13 0 478
10 12 3 33554385
10 12 2 33553559
10 12 1 5986
10 12 0 33545017
10 11 4 33554353
10 11 3 33553091
10 11 2 8426
10 11 1 8194
10 11 0 33498431
10 10 5 40
10 10 4 33550427
10 10 3 14074
10 10 2 172834
10 10 1 32637995
10 10 0 1102872
10 9 6 80
10 9 5 33547037
10 9 4 35024
10 9 3 294506
10 9 2 31771053
10 9 1 1755570
10 9 0 1380558
10 8 7 16
10 8 6 33548285
10 8 5 27412
10 8 4 429046
10 8 3 31498327
10 8 2 29220827
10 8 1 30002078
10 8 0 414265
10 7 8 64
10 7 7 33550293
10 7 6 33550549
10 7 5 649812
10 7 4 31180729
10 7 3 22773355
10 7 2 25977901
10 7 1 7777256
10 7 0 14719591
10 6 9 80
10 6 8 33551285
10 6 7 33551957
10 6 6 528588
10 6 5 31394297
10 6 4 22551611
10 6 3 28716989
10 6 2 2522094
10 6 1 167328
10 6 0 31743806
10 5 10 16
10 5 9 33553337
10 5 8 1072
10 5 7 228926
10 5 6 32834477
10 5 5 22846027
10 5 4 9599483
10 5 3 32795736
10 5 2 33301066
10 5 1 8113361
10 5 0 31326433
10 4 10 32
10 4 9 33549441
10 4 8 91526
10 4 7 49334
10 4 6 26092911
10 4 5 25243062
10 4 4 26372884
10 4 3 8030293
10 4 2 17514858
10 4 1 28930032
10 4 0 32495825
10 3 10 33553097
10 3 9 36872
10 3 8 33466501
10 3 7 30767115
10 3 6 11032692
10 3 5 23380637
10 3 4 15626068
10 3 3 28097129
10 3 2 30124067
10 3 1 10841334
10 3 0 20882994
10 2 10 820
10 2 9 9400
10 2 8 33247607
10 2 7 33274531
10 2 6 20504834
10 2 5 21250824
10 2 4 4150022
10 2 3 2045207
10 2 2 29761505
10 2 1 7154209
10 2 0 33496694
10 1 10 5576
10 1 9 33448529
10 1 8 33546145
10 1 7 6869028
10 1 6 18368489
10 1 5 8987276
10 1 4 6147242
10 1 3 16766603
10 1 2 24543172
10 1 1 17210979
10 1 0 427128
10 0 10 3444
10 0 9 33479817
10 0 8 123364
10 0 7 4539524
10 0 6 15111669
10 0 5 11495154
10 0 4 9088909
10 0 3 30421145
10 0 2 32980016
10 0 1 13917682
10 0 0 2991527
9 13 3 8
9 13 2 162
9 13 1 33552773
9 13 0 2966
9 12 4 76
9 12 3 33554355
9 12 2 33546635
9 12 1 34954
9 12 0 33514725
9 11 5 128
9 11 4 33554107
9 11 3 33541289
9 11 2 40202
9 11 1 87656
9 11 0 33299699
9 10 6 124
9 10 5 1330
9 10 4 33516623
9 10 3 63078
9 10 2 889760
9 10 1 30142783
9 10 0 3257992
9 9 7 176
9 9 6 2228
9 9 5 33488813
9 9 4 145506
9 9 3 1544288
9 9 2 27607727
9 9 1 2529516
9 9 0 6237158
9 8 8 148
9 8 7 1228
9 8 6 33500573
9 8 5 73830
9 8 4 2262910
9 8 3 27008507
9 8 2 14803767
9 8 1 17492600
9 8 0 24824831
9 7 9 24
9 7 8 1592
9 7 7 33519385
9 7 6 33457165
9 7 5 3128100
9 7 4 26789159
9 7 3 26998258
9 7 2 15406610
9 7 1 13088715
9 7 0 18176245
9 6 10 33554381
9 6 9 1440
9 6 8 33530355
9 6 7 33483157
9 6 6 2415208
9 6 5 28132255
9 6 4 25760134
9 6 3 14368526
9 6 2 25883038
9 6 1 26808942
9 6 0 11703610
9 5 10 264
9 5 9 33546765
9 5 8 33532461
9 5 7 1050084
9 5 6 32522971
9 5 5 29228694
9 5 4 27796138
9 5 3 16502647
9 5 2 7039413
9 5 1 20887066
9 5 0 5949508
9 4 10 558
9 4 9 33519745
9 4 8 378156
9 4 7 933698
9 4 6 9893437
9 4 5 13144543
9 4 4 5217240
9 4 3 13634442
9 4 2 32317675
9 4 1 6806631
9 4 0 30603602
9 3 10 33546881
9 3 9 143740
9 3 8 33533301
9 3 7 24781009
9 3 6 18348070
9 3 5 32102684
9 3 4 23432410
9 3 3 9746583
9 3 2 20880645
9 3 1 28200388
9 3 0 23796309
9 2 10 33554011
9 2 9 102832
9 2 8 32577099
9 2 7 29626427
9 2 6 21634747
9 2 5 18304458
9 2 4 32463786
9 2 3 19999062
9 2 2 32031905
9 2 1 29577259
9 2 0 28399331
9 1 10 22612
9 1 9 33236857
9 1 8 33131177
9 1 7 16774472
9 1 6 14124221
9 1 5 28379541
9 1 4 27747352
9 1 3 15841300
9 1 2 21268237
9 1 1 15558150
9 1 0 30623789
9 0 10 15200
9 0 9 33303369
9 0 8 158380
9 0 7 12080616
9 0 6 31010566
9 0 5 33117151
9 0 4 6689510
9 0 3 29100796
9 0 2 19879002
9 0 1 3041095
9 0 0 19335976
8 13 4 33554373
8 13 3 118
8 13 2 1452
8 13 1 33545259
8 13 0 12234
8 12 5 33554329
8 12 4 1126
8 12 3 542
8 12 2 33511915
8 12 1 135122
8 12 0 33436193
8 11 6 33554325
8 11 5 1838
8 11 4 1204
8 11 3 33478431
8 11 2 112306
8 11 1 453714
8 11 0 32730947
8 10 7 33554305
8 10 6 1726
8 10 5 15662
8 10 4 33344687
8 10 3 151662
8 10 2 3213906
8 10 1 24212839
8 10 0 7267912
8 9 8 33554253
8 9 7 2276
8 9 6 23956
8 9 5 33211535
8 9 4 302288
8 9 3 5627822
8 9 2 19294341
8 9 1 32434043
8 9 0 18133826
8 8 9 33554305
8 8 8 1756
8 8 7 16268
8 8 6 33280523
8 8 5 33471483
8 8 4 8188330
8 8 3 19027807
8 8 2 10532776
8 8 1 15038821
8 8 0 32307413
8 7 10 33554381
8 7 9 160
8 7 8 15470
8 7 7 33383701
8 7 6 32857109
8 7 5 10518490
8 7 4 21145503
8 7 3 24248766
8 7 2 17987926
8 7 1 5236860
8 7 0 25359035
8 6 10 33554177
8 6 9 11420
8 6 8 33448037
8 6 7 33051681
8 6 6 7685194
8 6 5 25939043
8 6 4 21892030
8 6 3 30109507
8 6 2 26680569
8 6 1 6375924
8 6 0 33496355
8 5 10 1922
8 5 9 33523017
8 5 8 33368481
8 5 7 3304470
8 5 6 1664450
8 5 5 2666243
8 5 4 13582440
8 5 3 1150244
8 5 2 16216386
8 5 1 6022981
8 5 0 1623199
8 4 10 4348
8 4 9 33400061
8 4 8 1056194
8 4 7 4567754
8 4 6 11555674
8 4 5 17561887
8 4 4 22605133
8 4 3 20173674
8 4 2 10084913
8 4 1 12338800
8 4 0 17727109
8 3 10 33525779
8 3 9 387776
8 3 8 659454
8 3 7 13256691
8 3 6 15212954
8 3 5 19982462
8 3 4 24116832
8 3 3 25764334
8 3 2 28687673
8 3 1 14357796
8 3 0 5915462
8 2 10 33540373
8 2 9 433360
8 2 8 31481043
8 2 7 18677971
8 2 6 8280613
8 2 5 12983932
8 2 4 19716841
8 2 3 25064126
8 2 2 9722136
8 2 1 29563966
8 2 0 13418046
8 1 10 64372
8 1 9 32864033
8 1 8 31852549
8 1 7 31176280
8 1 6 23872013
8 1 5 6836536
8 1 4 60300
8 1 3 28406064
8 1 2 2012700
8 1 1 3511107
8 1 0 2326342
8 0 10 47556
8 0 9 32930233
8 0 8 33463177
8 0 7 24809832
8 0 6 12826684
8 0 5 16799554
8 0 4 20569186
8 0 3 24148461
8 0 2 24120962
8 0 1 7896288
8 0 0 15556803
7 13 5 8
7 13 4 33554103
7 13 3 748
7 13 2 7586
7 13 1 33520553
7 13 0 35322
7 12 6 33554385
7 12 5 33553463
7 12 4 7234
7 12 3 6486
7 12 2 33402387
7 12 1 363846
7 12 0 33299585
7 11 7 33554353
7 11 6 33553259
7 11 5 11192
7 11 4 22170
7 11 3 33271501
7 11 2 157482
7 11 1 1493388
7 11 0 31609235
7 10 8 33554385
7 10 7 33552971
7 10 6 9814
7 10 5 97310
7 10 4 32801359
7 10 3 97294
7 10 2 8386648
7 10 1 14467935
7 10 0 12320600
7 9 9 32
7 9 8 33552497
7 9 7 12164
7 9 6 140146
7 9 5 32392225
7 9 4 33542343
7 9 3 14722276
7 9 2 8983155
7 9 1 18137033
7 9 0 4077449
7 8 10 16
7 8 9 33553289
7 8 8 8458
7 8 7 102350
7 8 6 32666031
7 8 5 32201023
7 8 4 21068840
7 8 3 11785123
7 8 2 9817846
7 8 1 1959501
7 8 0 12778100
7 7 10 33554257
7 7 9 33554149
7 7 8 82324
7 7 7 33030925
7 7 6 30695487
7 7 5 25417244
7 7 4 21995711
7 7 3 8935955
7 7 2 12940790
7 7 1 31368415
7 7 0 27654834
7 6 10 33552715
7 6 9 52616
7 6 8 33261231
7 6 7 31552519
7 6 6 17460712
7 6 5 33333175
7 6 4 9143055
7 6 3 11019996
7 6 2 31916622
7 6 1 11681033
7 6 0 28593172
7 5 10 8096
7 5 9 33474985
7 5 8 32794557
7 5 7 7333760
7 5 6 12709756
7 5 5 12629618
7 5 4 13961804
7 5 3 15081550
7 5 2 12819703
7 5 1 22922501
7 5 0 17346458
7 4 10 19928
7 4 9 33086113
7 4 8 2012590
7 4 7 13425212
7 4 6 3405667
7 4 5 4029948
7 4 4 30933094
7 4 3 7433740
7 4 2 32028250
7 4 1 1813812
7 4 0 31222879
7 3 10 33479053
7 3 9 737852
7 3 8 2605024
7 3 7 32257782
7 3 6 21813281
7 3 5 178387
7 3 4 20309996
7 3 3 28240561
7 3 2 517386
7 3 1 12009879
7 3 0 19802909
7 2 10 33492259
7 2 9 1141808
7 2 8 30670635
7 2 7 32212918
7 2 6 25758014
7 2 5 27190672
7 2 4 18582850
7 2 3 27978320
7 2 2 6091096
7 2 1 4455296
7 2 0 15640945
7 1 10 131996
7 1 9 32456657
7 1 8 29570753
7 1 7 10587507
7 1 6 19114602
7 1 5 29367503
7 1 4 24914173
7 1 3 29281390
7 1 2 18583831
7 1 1 3521393
7 1 0 26849233
7 0 10 108484
7 0 9 32389849
7 0 8 32652249
7 0 7 5930521
7 0 6 5171908
7 0 5 3144979
7 0 4 2209475
7 0 3 4104236
7 0 2 33030263
7 0 1 21122953
7 0 0 27074552
6 13 6 8
6 13 5 114
6 13 4 33552577
6 13 3 2646
6 13 2 25580
6 13 1 33467939
6 13 0 73162
6 12 7 40
6 12 6 10
6 12 5 33548619
6 12 4 26302
6 12 3 31546
6 12 2 33181455
6 12 1 698774
6 12 0 33152761
6 11 8 56
6 11 7 33554167
6 11 6 33546709
6 11 5 37238
6 11 4 117968
6 11 3 32842795
6 11 2 33505647
6 11 1 3382126
6 11 0 30156155
6 10 9 24
6 10 8 118
6 10 7 33545031
6 10 6 28302
6 10 5 368230
6 10 4 31723271
6 10 3 32988479
6 10 2 16011262
6 10 1 4359999
6 10 0 15833912
6 9 9 432
6 9 8 33543379
6 9 7 33198
6 9 6 507168
6 9 5 30890459
6 9 4 31609227
6 9 3 28041970
6 9 2 3956501
6 9 1 26115748
6 9 0 24103019
6 8 10 192
6 8 9 33548405
6 8 8 19530
6 8 7 379386
6 8 6 31650623
6 8 5 28416031
6 8 4 5582697
6 8 3 14350311
6 8 2 32204801
6 8 1 18331127
6 8 0 32097159
6 7 10 33553751
6 7 9 33548441
6 7 8 272298
6 7 7 32515979
6 7 6 25885955
6 7 5 11051213
6 7 4 6244350
6 7 3 19534917
6 7 2 12964183
6 7 1 30057631
6 7 0 5775315
6 6 10 33546965
6 6 9 156024
6 6 8 33048539
6 6 7 28355759
6 6 6 28486362
6 6 5 24806106
6 6 4 31156969
6 6 3 13187965
6 6 2 14458147
6 6 1 10115242
6 6 0 16701745
6 5 10 21720
6 5 9 33432809
6 5 8 31608527
6 5 7 11546172
6 5 6 702507
6 5 5 30408597
6 5 4 23407293
6 5 3 31059168
6 5 2 13752453
6 5 1 3969232
6 5 0 14929757
6 4 10 59472
6 4 9 32553269
6 4 8 2525352
6 4 7 26927392
6 4 6 7855664
6 4 5 860071
6 4 4 29211863
6 4 3 9423649
6 4 2 20367118
6 4 1 29689114
6 4 0 27086550
6 3 10 33414203
6 3 9 985416
6 3 8 5647754
6 3 7 22810534
6 3 6 7829668
6 3 5 20917880
6 3 4 27886822
6 3 3 12703351
6 3 2 14588171
6 3 1 25656513
6 3 0 6811529
6 2 10 33397073
6 2 9 2078816
6 2 8 31283393
6 2 7 9939106
6 2 6 6276727
6 2 5 3176518
6 2 4 442950
6 2 3 26773951
6 2 2 25178580
6 2 1 16278924
6 2 0 19927930
6 1 10 196680
6 1 9 32285457
6 1 8 27214589
6 1 7 13702457
6 1 6 20818339
6 1 5 20317227
6 1 4 2503040
6 1 3 7146863
6 1 2 24071061
6 1 1 71683
6 1 0 7157172
6 0 10 182652
6 0 9 31916017
6 0 8 31409671
6 0 7 15015793
6 0 6 14992666
6 0 5 22447153
6 0 4 27177225
6 0 3 1021416
6 0 2 28571019
6 0 1 9693299
6 0 0 11314838
5 13 7 33554385
5 13 6 70
5 13 5 676
5 13 4 33547995
5 13 3 5656
5 13 2 58150
5 13 1 33399061
5 13 0 109490
5 12 8 33554371
5 12 7 334
5 12 6 550
5 12 5 33534447
5 12 4 59224
5 12 3 88654
5 12 2 32914967
5 12 1 962798
5 12 0 33092547
5 11 9 33554373
5 11 8 452
5 11 7 33554377
5 11 6 33526327
5 11 5 72080
5 11 4 347012
5 11 3 32321393
5 11 2 32868855
5 11 1 5418236
5 11 0 29164853
5 10 10 33554387
5 10 9 176
5 10 8 1546
5 10 7 33521203
5 10 6 38252
5 10 5 903128
5 10 4 30491051
5 10 3 31459291
5 10 2 22357966
5 10 1 351221
5 10 0 15254704
5 9 10 33554381
5 9 9 2416
5 9 8 33518793
5 9 7 42192
5 9 6 1200702
5 9 5 29380993
5 9 4 27591801
5 9 3 5351007
5 9 2 10651355
5 9 1 1855410
5 9 0 32136003
5 8 10 984
5 8 9 33536201
5 8 8 13782
5 8 7 899274
5 8 6 30873771
5 8 5 22289857
5 8 4 18907285
5 8 3 30831259
5 8 2 23679358
5 8 1 5020969
5 8 0 1993209
5 7 10 33552809
5 7 9 33527381
5 7 8 591180
5 7 7 32259713
5 7 6 19458799
5 7 5 23073483
5 7 4 5288975
5 7 3 31293501
5 7 2 12670924
5 7 1 15173844
5 7 0 8303991
5 6 10 33533675
5 6 9 310944
5 6 8 33063653
5 6 7 24309155
5 6 6 32958096
5 6 5 26358787
5 6 4 28002800
5 6 3 1388725
5 6 2 9951092
5 6 1 6452693
5 6 0 22009659
5 5 10 38412
5 5 9 33463733
5 5 8 30201485
5 5 7 12695644
5 5 6 23445215
5 5 5 11979673
5 5 4 15438261
5 5 3 33133946
5 5 2 5172785
5 5 1 17365919
5 5 0 1076175
5 4 10 120714
5 4 9 32027105
5 4 8 1789262
5 4 7 4738371
5 4 6 14610154
5 4 5 30992257
5 4 4 14406499
5 4 3 18196953
5 4 2 5673351
5 4 1 25834293
5 4 0 13378659
5 3 10 33369569
5 3 9 890680
5 3 8 8078656
5 3 7 26078530
5 3 6 1881063
5 3 5 25849818
5 3 4 11488834
5 3 3 21004145
5 3 2 19587425
5 3 1 8452735
5 3 0 25022383
5 2 10 33290349
5 2 9 2698912
5 2 8 33460307
5 2 7 33022807
5 2 6 3036440
5 2 5 26839360
5 2 4 5596610
5 2 3 30500623
5 2 2 22237383
5 2 1 28120972
5 2 0 28463410
5 1 10 211880
5 1 9 32513773
5 1 8 26410021
5 1 7 4026651
5 1 6 5181250
5 1 5 25827235
5 1 4 24539551
5 1 3 20695617
5 1 2 1381095
5 1 1 27952920
5 1 0 24511552
5 0 10 226942
5 0 9 31824625
5 0 8 30472059
5 0 7 12165955
5 0 6 3176163
5 0 5 8820515
5 0 4 20778960
5 0 3 31339760
5 0 2 32685258
5 0 1 9320786
5 0 0 6132259
4 13 8 2
4 13 7 33554331
4 13 6 244
4 13 5 2158
4 13 4 33540555
4 13 3 7330
4 13 2 90204
4 13 1 33358231
4 13 0 117452
4 12 9 4
4 12 8 33554231
4 12 7 1114
4 12 6 2782
4 12 5 33512559
4 12 4 84826
4 12 3 157106
4 12 2 32789199
4 12 1 942698
4 12 0 33172797
4 11 10 2
4 11 9 33554249
4 11 8 1454
4 11 7 2666
4 11 6 33493459
4 11 5 77384
4 11 4 635362
4 11 3 32086099
4 11 2 32097693
4 11 1 6150500
4 11 0 29414825
4 10 10 33554349
4 10 9 480
4 10 8 6546
4 10 7 33484747
4 10 6 33553009
4 10 5 1467292
4 10 4 30051795
4 10 3 29856315
4 10 2 22538536
4 10 1 5982185
4 10 0 10775808
4 9 10 33554293
4 9 9 7240
4 9 8 33484807
4 9 7 33549791
4 9 6 1894516
4 9 5 29152673
4 9 4 23651527
4 9 3 5251357
4 9 2 25497173
4 9 1 30701247
4 9 0 21541183
4 8 10 2772
4 8 9 33520829
4 8 8 33517451
4 8 7 1402502
4 8 6 31216385
4 8 5 17529829
4 8 4 16398369
4 8 3 17162350
4 8 2 18774143
4 8 1 32763053
4 8 0 439315
4 7 10 33552371
4 7 9 33490265
4 7 8 856524
4 7 7 32682795
4 7 6 15620231
4 7 5 17464179
4 7 4 30384991
4 7 3 23896837
4 7 2 10359575
4 7 1 12298980
4 7 0 3155411
4 6 10 33516581
4 6 9 421092
4 6 8 33448475
4 6 7 22170367
4 6 6 26066252
4 6 5 12870958
4 6 4 305603
4 6 3 8815182
4 6 2 7157633
4 6 1 13783393
4 6 0 30830790
4 5 10 44610
4 5 9 28824
4 5 8 29598563
4 5 7 9295964
4 5 6 30325145
4 5 5 9713617
4 5 4 25305244
4 5 3 31878991
4 5 2 13744950
4 5 1 19720161
4 5 0 28302655
4 4 10 168696
4 4 9 31899169
4 4 8 104212
4 4 7 5223567
4 4 6 21361305
4 4 5 3441661
4 4 4 30538114
4 4 3 17984303
4 4 2 24936989
4 4 1 25984356
4 4 0 16034208
4 3 10 33384525
4 3 9 487872
4 3 8 7931966
4 3 7 6804757
4 3 6 33496012
4 3 5 19044368
4 3 4 3700847
4 3 3 11553043
4 3 2 17863576
4 3 1 10540418
4 3 0 3546999
4 2 10 33249649
4 2 9 2504252
4 2 8 2068668
4 2 7 9240162
4 2 6 7543842
4 2 5 2197105
4 2 4 18110332
4 2 3 13309569
4 2 2 13145439
4 2 1 13527824
4 2 0 20422412
4 1 10 161746
4 1 9 32982473
4 1 8 27838887
4 1 7 21490532
4 1 6 28178941
4 1 5 27027513
4 1 4 22933023
4 1 3 28884487
4 1 2 25261617
4 1 1 22754937
4 1 0 5446634
4 0 10 205500
4 0 9 32205097
4 0 8 30567013
4 0 7 32303984
4 0 6 23264973
4 0 5 31462488
4 0 4 11108117
4 0 3 12718926
4 0 2 5572849
4 0 1 8986572
4 0 0 13404222
3 13 8 12
3 13 7 33554205
3 13 6 430
3 13 5 4000
3 13 4 33535617
3 13 3 5324
3 13 2 94222
3 13 1 33383849
3 13 0 88048
3 12 9 24
3 12 8 33553927
3 12 7 1882
3 12 6 6370
3 12 5 33499941
3 12 4 76170
3 12 3 178530
3 12 2 32928943
3 12 1 638144
3 12 0 33335017
3 11 10 12
3 11 9 33553989
3 11 8 2360
3 11 7 8132
3 11 6 33473497
3 11 5 32196
3 11 4 742776
3 11 3 32381733
3 11 2 31866141
3 11 1 4847680
3 11 0 30784601
3 10 10 33554267
3 10 9 560
3 10 8 13822
3 10 7 33465709
3 10 6 33472311
3 10 5 1566952
3 10 4 30899419
3 10 3 29610413
3 10 2 15926624
3 10 1 17393817
3 10 0 5371648
3 9 10 33554069
3 9 9 12544
3 9 8 33470685
3 9 7 33462513
3 9 6 1973104
3 9 5 30573401
3 9 4 23301773
3 9 3 27005448
3 9 2 3449948
3 9 1 15918482
3 9 0 33080960
3 8 10 4608
3 8 9 33516257
3 8 8 33447421
3 8 7 1431044
3 8 6 32537405
3 8 5 18510665
3 8 4 32616764
3 8 3 24382116
3 8 2 32453945
3 8 1 2375100
3 8 0 24274930
3 7 10 33553541
3 7 9 33463937
3 7 8 817780
3 7 7 33497057
3 7 6 18014357
3 7 5 31348472
3 7 4 26969667
3 7 3 25236999
3 7 2 12890319
3 7 1 8143352
3 7 0 5880182
3 6 10 33509237
3 6 9 381672
3 6 8 349596
3 6 7 24001025
3 6 6 12957892
3 6 5 877958
3 6 4 31364874
3 6 3 1675338
3 6 2 10629689
3 6 1 21525463
3 6 0 26491669
3 5 10 32532
3 5 9 137440
3 5 8 30404249
3 5 7 4003012
3 5 6 14972265
3 5 5 11865828
3 5 4 7372529
3 5 3 10848344
3 5 2 25887797
3 5 1 17586625
3 5 0 24579431
3 4 10 160176
3 4 9 32309497
3 4 8 32420647
3 4 7 27411986
3 4 6 33151948
3 4 5 31900730
3 4 4 3331911
3 4 3 24343789
3 4 2 29893004
3 4 1 28926789
3 4 0 2361954
3 3 10 33449921
3 3 9 95020
3 3 8 5299828
3 3 7 22105325
3 3 6 32934847
3 3 5 32304711
3 3 4 3209046
3 3 3 18731946
3 3 2 22457500
3 3 1 555644
3 3 0 14238506
3 2 10 33313947
3 2 9 1627112
3 2 8 2567286
3 2 7 32084102
3 2 6 24952654
3 2 5 20325994
3 2 4 6683316
3 2 3 33050217
3 2 2 23759894
3 2 1 4274525
3 2 0 4729679
3 1 10 83984
3 1 9 33372345
3 1 8 30382441
3 1 7 8335872
3 1 6 1848919
3 1 5 20918660
3 1 4 30816468
3 1 3 15297929
3 1 2 5971044
3 1 1 12365236
3 1 0 15069883
3 0 10 131824
3 0 9 32800153
3 0 8 31579049
3 0 7 16570368
3 0 6 33247625
3 0 5 20365028
3 0 4 20975422
3 0 3 16267320
3 0 2 24133658
3 0 1 17667030
3 0 0 27156714
2 13 8 26
2 13 7 33554115
2 13 6 400
2 13 5 4300
2 13 4 33538811
2 13 3 1530
2 13 2 63380
2 13 1 33457225
2 13 0 43776
2 12 9 52
2 12 8 33553739
2 12 7 1678
2 12 6 7648
2 12 5 33511489
2 12 4 40314
2 12 3 126310
2 12 2 33222349
2 12 1 282640
2 12 0 33471737
2 11 10 26
2 11 9 33553841
2 11 8 2006
2 11 7 10868
2 11 6 33490071
2 11 5 33536777
2 11 4 540218
2 11 3 32960349
2 11 2 32387089
2 11 1 2524992
2 11 0 32309369
2 10 10 33554217
2 10 9 168
2 10 8 15792
2 10 7 33487553
2 10 6 33436233
2 10 5 1055640
2 10 4 32305833
2 10 3 30970705
2 10 2 7460288
2 10 1 27260857
2 10 0 1768320
2 9 10 33553885
2 9 9 12568
2 9 8 33494265
2 9 7 33428061
2 9 6 1300220
2 9 5 32392169
2 9 4 26941777
2 9 3 12385812
2 9 2 5552936
2 9 1 8915289
2 9 0 13462272
2 8 10 4500
2 8 9 33528633
2 8 8 33433513
2 8 7 916828
2 8 6 62124
2 8 5 24541153
2 8 4 13659464
2 8 3 16742204
2 8 2 10361178
2 8 1 13057639
2 8 0 21577625
2 7 10 888
2 7 9 33478177
2 7 8 491192
2 7 7 386712
2 7 6 24809137
2 7 5 12188056
2 7 4 1562607
2 7 3 15130291
2 7 2 29580489
2 7 1 20286805
2 7 0 29303115
2 6 10 33520397
2 6 9 220872
2 6 8 451404
2 6 7 28343337
2 6 6 3200140
2 6 5 3118991
2 6 4 4512038
2 6 3 13883730
2 6 2 26473155
2 6 1 26675997
2 6 0 26817408
2 5 10 13196
2 5 9 136904
2 5 8 31941503
2 5 7 591970
2 5 6 24024612
2 5 5 23662550
2 5 4 15324081
2 5 3 12872211
2 5 2 15770301
2 5 1 20089034
2 5 0 24654659
2 4 10 98812
2 4 9 32937221
2 4 8 32430423
2 4 7 12867334
2 4 6 25935613
2 4 5 20921339
2 4 4 18249299
2 4 3 23320003
2 4 2 6792510
2 4 1 19108556
2 4 0 9974304
2 3 10 33514887
2 3 9 33494105
2 3 8 2298242
2 3 7 30817149
2 3 6 4117571
2 3 5 29374111
2 3 4 30619036
2 3 3 19155518
2 3 2 29361208
2 3 1 28689805
2 3 0 25638760
2 2 10 33430053
2 2 9 704464
2 2 8 1598724
2 2 7 19303825
2 2 6 3356980
2 2 5 20905774
2 2 4 10015527
2 2 3 28765678
2 2 2 30471281
2 2 1 1182528
2 2 0 16682379
2 1 10 27440
2 1 9 33538905
2 1 8 32397545
2 1 7 1954176
2 1 6 13251408
2 1 5 2319257
2 1 4 24623522
2 1 3 11032860
2 1 2 22055129
2 1 1 16273110
2 1 0 10796277
2 0 10 56736
2 0 9 33268697
2 0 8 32695577
2 0 7 5822496
2 0 6 1440288
2 0 5 29422834
2 0 4 20813184
2 0 3 23284334
2 0 2 19989771
2 0 1 9113650
2 0 0 25916455
1 13 8 24
1 13 7 33554193
1 13 6 184
1 13 5 2480
1 13 4 33547169
1 13 3 33554033
1 13 2 24776
1 13 1 33521753
1 13 0 12960
1 12 9 48
1 12 8 33553945
1 12 7 736
1 12 6 4680
1 12 5 33535689
1 12 4 10800
1 12 3 50656
1 12 2 33451521
1 12 1 73248
1 12 0 33536249
1 11 10 24
1 11 9 33554025
1 11 8 824
1 11 7 7008
1 11 6 33526321
1 11 5 33530345
1 11 4 222920
1 11 3 33384601
1 11 2 33101225
1 11 1 781632
1 11 0 33217433
1 10 10 33554273
1 10 9 33554233
1 10 8 9336
1 10 7 33527209
1 10 6 33481329
1 10 5 405888
1 10 4 33237665
1 10 3 32594281
1 10 2 2072480
1 10 1 32105369
1 10 0 338688
1 9 10 33554009
1 9 9 6752
1 9 8 33530985
1 9 7 33478665
1 9 6 490064
1 9 5 33362457
1 9 4 31114249
1 9 3 3343280
1 9 2 2619568
1 9 1 26499929
1 9 0 3326400
1 8 10 2384
1 8 9 33545081
1 8 8 33487561
1 8 7 333280
1 8 6 257888
1 8 5 30430137
1 8 4 3211440
1 8 3 6110560
1 8 2 19316681
1 8 1 9407808
1 8 0 31669145
1 7 10 1168
1 7 9 33518937
1 7 8 166832
1 7 7 277056
1 7 6 30677577
1 7 5 2574464
1 7 4 11655760
1 7 3 12632729
1 7 2 27122649
1 7 1 31536384
1 7 0 17608409
1 6 10 33539769
1 6 9 73408
1 6 8 237408
1 6 7 31891673
1 6 6 33514201
1 6 5 11495232
1 6 4 20349369
1 6 3 14140249
1 6 2 10513287
1 6 1 9580889
1 6 0 2436480
1 5 10 1984
1 5 9 64224
1 5 8 33078257
1 5 7 33325041
1 5 6 6997560
1 5 5 24731433
1 5 4 7905313
1 5 3 20928479
1 5 2 8240136
1 5 1 27658635
1 5 0 4840903
1 4 10 35728
1 4 9 33373321
1 4 8 33061321
1 4 7 3603584
1 4 6 33410577
1 4 5 11467785
1 4 4 21842560
1 4 3 5322791
1 4 2 463706
1 4 1 17958048
1 4 0 7232544
1 3 10 33546801
1 3 9 33510217
1 3 8 579544
1 3 7 33371129
1 3 6 26038481
1 3 5 11535984
1 3 4 26087720
1 3 3 5510642
1 3 2 27455305
1 3 1 12777998
1 3 0 24466930
1 2 10 33516337
1 2 9 182752
1 2 8 535656
1 2 7 30053897
1 2 6 32938049
1 2 5 21007680
1 2 4 19224945
1 2 3 24775842
1 2 2 14185447
1 2 1 9160128
1 2 0 15745625
1 1 10 4800
1 1 9 9024
1 1 8 33306713
1 1 7 204480
1 1 6 2932992
1 1 5 28480409
1 1 4 23684441
1 1 3 24863808
1 1 2 2099520
1 1 1 1441241
1 1 0 17190144
1 0 10 14688
1 0 9 33488729
1 0 8 33332345
1 0 7 1252800
1 0 6 610848
1 0 5 25875161
1 0 4 2786400
1 0 3 17668800
1 0 2 20660057
1 0 1 22377689
1 0 0 9704448
0 13 8 8
0 13 7 33554337
0 13 6 32
0 13 5 592
0 13 4 33552961
0 13 3 33554145
0 13 2 4272
0 13 1 33549497
0 13 0 1728
0 12 9 16
0 12 8 33554273
0 12 7 120
0 12 6 1152
0 12 5 33550937
0 12 4 936
0 12 3 8792
0 12 2 33540329
0 12 1 8352
0 12 0 33552665
0 11 10 8
0 11 9 33554297
0 11 8 120
0 11 7 1776
0 11 6 33549233
0 11 5 33547097
0 11 4 39880
0 11 3 33534089
0 11 2 33478073
0 11 1 108864
0 11 0 33512921
0 10 10 33554361
0 10 9 33554297
0 10 8 2240
0 10 7 33549849
0 10 6 33536953
0 10 5 67744
0 10 4 33524313
0 10 3 33399129
0 10 2 257280
0 10 1 33406937
0 10 0 27648
0 9 10 33554281
0 9 9 1504
0 9 8 33550649
0 9 7 33536777
0 9 6 80304
0 9 5 3648
0 9 4 33160089
0 9 3 398960
0 9 2 466464
0 9 1 32642585
0 9 0 376704
0 8 10 528
0 8 9 33553049
0 8 8 33539513
0 8 7 52176
0 8 6 77424
0 8 5 33077945
0 8 4 303552
0 8 3 949200
0 8 2 31947065
0 8 1 831168
0 8 0 33440345
0 7 10 384
0 7 9 33547385
0 7 8 24160
0 7 7 64448
0 7 6 33135513
0 7 5 197792
0 7 4 1702240
0 7 3 31248601
0 7 2 32214233
0 7 1 3727872
0 7 0 31909337
0 6 10 33551657
0 6 9 10592
0 6 8 48720
0 6 7 33319481
0 6 6 33409673
0 6 5 1598112
0 6 4 32404553
0 6 3 30665721
0 6 2 4511040
0 6 1 31862105
0 6 0 33499097
0 5 10 33554217
0 5 9 12192
0 5 8 33493457
0 5 7 33469793
0 5 6 908496
0 5 5 32818121
0 5 4 30169297
0 5 3 5449224
0 5 2 2059056
0 5 1 25831097
0 5 0 3561408
0 4 10 5744
0 4 9 33530633
0 4 8 33467313
0 4 7 455288
0 4 6 209296
0 4 5 30808057
0 4 4 1648088
0 4 3 5110424
0 4 2 27441641
0 4 1 443808
0 4 0 1097280
0 3 10 33554001
0 3 9 33545497
0 3 8 63720
0 3 7 37776
0 3 6 32698433
0 3 5 897504
0 3 4 3049880
0 3 3 28080489
0 3 2 31946873
0 3 1 7395264
0 3 0 30056921
0 2 10 33549161
0 2 9 21504
0 2 8 77040
0 2 7 33161849
0 2 6 33340553
0 2 5 2286144
0 2 4 32638313
0 2 3 28926329
0 2 2 3919680
0 2 1 1551744
0 2 0 31854041
0 1 10 288
0 1 9 2304
0 1 8 33531065
0 1 7 33552665
0 1 6 291168
0 1 5 33198425
0 1 4 32543225
0 1 3 1952064
0 1 2 494208
0 1 1 30962393
0 1 0 1244160
0 0 10 1728
0 0 9 33547481
0 0 8 33528473
0 0 7 124416
0 0 6 88128
0 0 5 32828633
0 0 4 143424
0 0 3 1603584
0 0 2 32600537
0 0 1 32559065
0 0 0 746496
# delta num 3117
32 0 0 12961624
31 1 0 14046126
31 0 1 10028342
31 0 0 10617598
30 2 0 15884145
30 1 1 11954237
30 1 0 29075932
30 0 2 7583405
30 0 1 23396426
30 0 0 32747207
29 3 0 2498430
29 2 1 30384984
29 2 0 1191135
29 1 2 12678995
29 1 1 30774764
29 1 0 7420556
29 0 3 8399297
29 0 2 31123764
29 0 1 18741439
29 0 0 7768171
28 4 0 3984373
28 3 1 17557371
28 3 0 2415157
28 2 2 13142659
28 2 1 32983331
28 2 0 7481519
28 1 3 8186022
28 1 2 31537015
28 1 1 17223013
28 1 0 16596075
28 0 4 19010737
28 0 3 13526826
28 0 2 2832421
28 0 1 33387520
28 0 0 31607904
27 5 0 25884623
27 4 1 13303352
27 4 0 24160303
27 3 2 9770847
27 3 1 21359571
27 3 0 21088922
27 2 3 21762255
27 2 2 24323101
27 2 1 11272048
27 2 0 11412272
27 1 4 13313957
27 1 3 32014142
27 1 2 30556919
27 1 1 1524288
27 1 0 3866629
27 0 5 3906090
27 0 4 2887832
27 0 3 11522606
27 0 2 26675769
27 0 1 22278834
27 0 0 15786816
26 6 0 3812320
26 5 1 26442188
26 5 0 8028145
26 4 2 29328
26 4 1 7061230
26 4 0 16303203
26 3 3 17321394
26 3 2 28838045
26 3 1 28041447
26 3 0 22605645
26 2 4 15493225
26 2 3 8724660
26 2 2 20085508
26 2 1 5963968
26 2 0 10517878
26 1 5 15562357
26 1 4 5210871
26 1 3 13249560
26 1 2 9588048
26 1 1 2612673
26 1 0 10682256
26 0 6 1013474
26 0 5 9485432
26 0 4 30081961
26 0 3 14189420
26 0 2 19474531
26 0 1 22169083
26 0 0 7187977
25 7 0 7339692
25 6 1 15548352
25 6 0 22619114
25 5 2 13106417
25 5 1 7541667
25 5 0 1966984
25 4 3 13624102
25 4 2 5522570
25 4 1 2018580
25 4 0 27261163
25 3 4 23758151
25 3 3 21189956
25 3 2 22625402
25 3 1 16520332
25 3 0 27335259
25 2 5 12082447
25 2 4 18390889
25 2 3 9374118
25 2 2 21639571
25 2 1 23852925
25 2 0 19590882
25 1 6 1427884
25 1 5 31936746
25 1 4 13729240
25 1 3 28337678
25 1 2 9289786
25 1 1 30501399
25 1 0 8798109
25 0 7 18470346
25 0 6 25574238
25 0 5 23877783
25 0 4 14179504
25 0 3 5168354
25 0 2 31864602
25 0 1 28874157
25 0 0 116797
24 8 0 15492440
24 7 1 25043162
24 7 0 4881501
24 6 2 29881191
24 6 1 30793856
24 6 0 19482484
24 5 3 32025795
24 5 2 625040
24 5 1 23543459
24 5 0 32960650
24 4 4 9495735
24 4 3 14758559
24 4 2 24578247
24 4 1 24311113
24 4 0 14379232
24 3 5 1409157
24 3 4 27622412
24 3 3 27957041
24 3 2 26271480
24 3 1 28925593
24 3 0 32134468
24 2 6 8952809
24 2 5 18409215
24 2 4 10353237
24 2 3 17206568
24 2 2 25205603
24 2 1 19794648
24 2 0 28273499
24 1 7 19262541
24 1 6 24363418
24 1 5 10779753
24 1 4 5675040
24 1 3 21321758
24 1 2 30669449
24 1 1 22511310
24 1 0 24233375
24 0 8 14788670
24 0 7 29834250
24 0 6 13715716
24 0 5 22198471
24 0 4 22106566
24 0 3 23730052
24 0 2 5732650
24 0 1 27072754
24 0 0 18936487
23 9 0 30349744
23 8 1 1750665
23 8 0 29799805
23 7 2 568746
23 7 1 16945654
23 7 0 10680473
23 6 3 13736344
23 6 2 6259661
23 6 1 785896
23 6 0 20166918
23 5 4 11604515
23 5 3 1849342
23 5 2 9025041
23 5 1 29741637
23 5 0 3405383
23 4 5 2520230
23 4 4 3785288
23 4 3 21526504
23 4 2 26604722
23 4 1 6400511
23 4 0 17039135
23 3 6 32132177
23 3 5 10831125
23 3 4 29052241
23 3 3 12150179
23 3 2 2075255
23 3 1 2399728
23 3 0 3749766
23 2 7 18611536
23 2 6 1992192
23 2 5 9870794
23 2 4 27678726
23 2 3 5142461
23 2 2 2733987
23 2 1 4002886
23 2 0 4369729
23 1 8 19001786
23 1 7 294860
23 1 6 29768940
23 1 5 30067161
23 1 4 6084126
23 1 3 25949015
23 1 2 11291257
23 1 1 14995291
23 1 0 7162018
23 0 9 13324314
23 0 8 13322046
23 0 7 3781789
23 0 6 23507010
23 0 5 28247081
23 0 4 267411
23 0 3 13522447
23 0 2 8372659
23 0 1 20735050
23 0 0 3778242
22 10 0 6983196
22 9 1 9321745
22 9 0 4327977
22 8 2 25787425
22 8 1 28906719
22 8 0 25154712
22 7 3 28638487
22 7 2 2238317
22 7 1 19876584
22 7 0 16114311
22 6 4 20653349
22 6 3 20528192
22 6 2 4786794
22 6 1 5527870
22 6 0 30704438
22 5 5 9854024
22 5 4 5980027
22 5 3 7343307
22 5 2 1717445
22 5 1 9706046
22 5 0 20713569
22 4 6 1214032
22 4 5 9351788
22 4 4 20956054
22 4 3 3333281
22 4 2 7518040
22 4 1 12916538
22 4 0 25199644
22 3 7 13588649
22 3 6 9365317
22 3 5 23334977
22 3 4 9142514
22 3 3 11621852
22 3 2 12336632
22 3 1 20917833
22 3 0 17150570
22 2 8 5359040
22 2 7 10350946
22 2 6 7847185
22 2 5 3408798
22 2 4 2567255
22 2 3 1389011
22 2 2 24514407
22 2 1 27262505
22 2 0 29012670
22 1 9 31447982
22 1 8 14314123
22 1 7 30440290
22 1 6 6180974
22 1 5 18925435
22 1 4 33160197
22 1 3 17315810
22 1 2 15647674
22 1 1 26867452
22 1 0 21165366
22 0 10 32324872
22 0 9 25694209
22 0 8 30159089
22 0 7 31867131
22 0 6 21073053
22 0 5 29272503
22 0 4 30415416
22 0 3 21123615
22 0 2 11651224
22 0 1 8125478
22 0 0 20990396
21 11 0 26241471
21 10 1 19435382
21 10 0 29640992
21 9 2 9812304
21 9 1 22365920
21 9 0 21239027
21 8 3 18262280
21 8 2 18214614
21 8 1 5884068
21 8 0 25367298
21 7 4 5739711
21 7 3 6854926
21 7 2 28798328
21 7 1 18489440
21 7 0 11302901
21 6 5 20221537
21 6 4 19042673
21 6 3 15336434
21 6 2 17018330
21 6 1 29981662
21 6 0 1780931
21 5 6 19581248
21 5 5 12780387
21 5 4 20661225
21 5 3 17195485
21 5 2 2100498
21 5 1 5625821
21 5 0 17978058
21 4 7 20519235
21 4 6 18713225
21 4 5 33028488
21 4 4 4110824
21 4 3 25916788
21 4 2 21053477
21 4 1 33093424
21 4 0 15789286
21 3 8 10873647
21 3 7 28770795
21 3 6 18634535
21 3 5 24979368
21 3 4 19599324
21 3 3 6193216
21 3 2 25274165
21 3 1 11161626
21 3 0 10918630
21 2 9 29195869
21 2 8 11986861
21 2 7 16382297
21 2 6 23596914
21 2 5 12996544
21 2 4 7398582
21 2 3 29957815
21 2 2 31240879
21 2 1 13570604
21 2 0 29678911
21 1 10 25944391
21 1 9 21035723
21 1 8 25059436
21 1 7 950923
21 1 6 13440826
21 1 5 24386993
21 1 4 3954482
21 1 3 11645774
21 1 2 4326807
21 1 1 17119965
21 1 0 18897651
21 0 10 18411665
21 0 9 25002123
21 0 8 30081696
21 0 7 2449450
21 0 6 29197568
21 0 5 3632396
21 0 4 16981390
21 0 3 15189411
21 0 2 17236602
21 0 1 9908102
21 0 0 31616658
20 12 0 13687595
20 11 1 8436596
20 11 0 10314364
20 10 2 13032071
20 10 1 27955140
20 10 0 7757373
20 9 3 4227731
20 9 2 1705103
20 9 1 14584436
20 9 0 5083401
20 8 4 32244749
20 8 3 27198386
20 8 2 16843713
20 8 1 14311088
20 8 0 33521084
20 7 5 22424411
20 7 4 25453201
20 7 3 22999348
20 7 2 23486883
20 7 1 16178264
20 7 0 1081855
20 6 6 16795246
20 6 5 21112998
20 6 4 14148758
20 6 3 1043120
20 6 2 26412588
20 6 1 18944230
20 6 0 19717059
20 5 7 2309978
20 5 6 6771562
20 5 5 16134211
20 5 4 4482623
20 5 3 14169221
20 5 2 21152773
20 5 1 8714433
20 5 0 5197924
20 4 8 14516820
20 4 7 1138268
20 4 6 23807010
20 4 5 14558699
20 4 4 26176095
20 4 3 29454245
20 4 2 31924907
20 4 1 30028668
20 4 0 246621
20 3 9 1789369
20 3 8 11608798
20 3 7 16522126
20 3 6 23979787
20 3 5 24815804
20 3 4 32623953
20 3 3 30935136
20 3 2 12488462
20 3 1 5947260
20 3 0 11510896
20 2 10 19650820
20 2 9 5777980
20 2 8 26073985
20 2 7 17302296
20 2 6 2438299
20 2 5 8241195
20 2 4 15281745
20 2 3 32955821
20 2 2 29181989
20 2 1 2783563
20 2 0 1558662
20 1 10 11554876
20 1 9 16574373
20 1 8 13299538
20 1 7 17125840
20 1 6 18419909
20 1 5 22201876
20 1 4 21520579
20 1 3 20065705
20 1 2 1590892
20 1 1 27124699
20 1 0 13308856
20 0 10 6943739
20 0 9 21469501
20 0 8 12080638
20 0 7 19062354
20 0 6 21898891
20 0 5 15072933
20 0 4 20035749
20 0 3 24980396
20 0 2 16775610
20 0 1 8731515
20 0 0 22022299
19 12 1 8304222
19 12 0 8122915
19 11 2 11958968
19 11 1 29364171
19 11 0 7552067
19 10 3 19612798
19 10 2 28449429
19 10 1 382135
19 10 0 32060730
19 9 4 14070153
19 9 3 1533881
19 9 2 23667351
19 9 1 6187794
19 9 0 22527613
19 8 5 25617432
19 8 4 8429621
19 8 3 20594743
19 8 2 11643060
19 8 1 25537657
19 8 0 23026961
19 7 6 23754752
19 7 5 5486613
19 7 4 10293096
19 7 3 22539164
19 7 2 6098581
19 7 1 50016
19 7 0 4491894
19 6 7 4532266
19 6 6 23933583
19 6 5 13259503
19 6 4 10616958
19 6 3 17345146
19 6 2 2340008
19 6 1 20835370
19 6 0 25886251
19 5 8 25295553
19 5 7 10944283
19 5 6 8082847
19 5 5 23993739
19 5 4 22602800
19 5 3 18234718
19 5 2 542288
19 5 1 24036392
19 5 0 33031020
19 4 9 9456760
19 4 8 14760445
19 4 7 2685554
19 4 6 8391422
19 4 5 12452407
19 4 4 5810901
19 4 3 1656677
19 4 2 23125074
19 4 1 24453566
19 4 0 10976300
19 3 10 6187081
19 3 9 16063137
19 3 8 14771043
19 3 7 23339821
19 3 6 16031504
19 3 5 17508020
19 3 4 26119119
19 3 3 6687071
19 3 2 17252195
19 3 1 30157727
19 3 0 26682014
19 2 10 18361954
19 2 9 33167060
19 2 8 30294125
19 2 7 12877258
19 2 6 5055741
19 2 5 27301926
19 2 4 16302256
19 2 3 1903263
19 2 2 27355799
19 2 1 14859136
19 2 0 16603746
19 1 10 3415507
19 1 9 18796548
19 1 8 23692692
19 1 7 19030505
19 1 6 23610729
19 1 5 444233
19 1 4 19012799
19 1 3 20209414
19 1 2 31630733
19 1 1 1417086
19 1 0 23708557
19 0 10 9029109
19 0 9 28218322
19 0 8 29218157
19 0 7 15804933
19 0 6 9532668
19 0 5 25076782
19 0 4 11474831
19 0 3 4879336
19 0 2 20902076
19 0 1 15788444
19 0 0 16278778
18 12 2 1994591
18 12 1 10809438
18 12 0 28130317
18 11 3 29659122
18 11 2 31808200
18 11 1 22108948
18 11 0 4784051
18 10 4 22088677
18 10 3 18070547
18 10 2 10192623
18 10 1 236292
18 10 0 26384448
18 9 5 1890462
18 9 4 26043859
18 9 3 30899954
18 9 2 13590869
18 9 1 12061591
18 9 0 7147840
18 8 6 20409909
18 8 5 7999741
18 8 4 1695409
18 8 3 6592552
18 8 2 29469805
18 8 1 30008020
18 8 0 13039570
18 7 7 2196938
18 7 6 32144884
18 7 5 14722946
18 7 4 8151074
18 7 3 1022862
18 7 2 1323243
18 7 1 30718684
18 7 0 5435389
18 6 8 14314928
18 6 7 31877305
18 6 6 7665405
18 6 5 9071449
18 6 4 14077787
18 6 3 25226434
18 6 2 28309850
18 6 1 5914266
18 6 0 16103159
18 5 9 10326050
18 5 8 21205780
18 5 7 5068393
18 5 6 19631337
18 5 5 18330694
18 5 4 23312249
18 5 3 32668743
18 5 2 32160327
18 5 1 27966581
18 5 0 15438493
18 4 10 30183391
18 4 9 10971695
18 4 8 23320707
18 4 7 27771386
18 4 6 23626607
18 4 5 4049605
18 4 4 17609557
18 4 3 15204409
18 4 2 4157612
18 4 1 247277
18 4 0 19008641
18 3 10 18364855
18 3 9 5679306
18 3 8 25440787
18 3 7 15924031
18 3 6 13621853
18 3 5 16949757
18 3 4 27144527
18 3 3 32855759
18 3 2 23814401
18 3 1 11071039
18 3 0 19530585
18 2 10 22153626
18 2 9 24029798
18 2 8 6705709
18 2 7 6781351
18 2 6 24099451
18 2 5 9765279
18 2 4 32142733
18 2 3 11889327
18 2 2 16730321
18 2 1 2348432
18 2 0 2418446
18 1 10 29073732
18 1 9 25513811
18 1 8 28956556
18 1 7 7029199
18 1 6 7108061
18 1 5 10623299
18 1 4 26498569
18 1 3 4381232
18 1 2 22152458
18 1 1 33438128
18 1 0 18501672
18 0 10 381808
18 0 9 11960631
18 0 8 7769598
18 0 7 6166222
18 0 6 9213981
18 0 5 31302040
18 0 4 8466914
18 0 3 27193474
18 0 2 19644747
18 0 1 22449419
18 0 0 17451273
17 12 3 24661475
17 12 2 16412974
17 12 1 14141810
17 12 0 2618849
17 11 4 8805162
17 11 3 22933636
17 11 2 14206475
17 11 1 22664117
17 11 0 2842302
17 10 5 25330322
17 10 4 2226281
17 10 3 25578528
17 10 2 9228649
17 10 1 11752810
17 10 0 33320368
17 9 6 9385995
17 9 5 23603533
17 9 4 3354803
17 9 3 11638242
17 9 2 17971594
17 9 1 26253971
17 9 0 17913994
17 8 7 33181110
17 8 6 24188491
17 8 5 25403011
17 8 4 11268126
17 8 3 7563280
17 8 2 28441534
17 8 1 24642703
17 8 0 32270580
17 7 8 19693405
17 7 7 7027006
17 7 6 14440765
17 7 5 18287834
17 7 4 9599642
17 7 3 2834069
17 7 2 3035840
17 7 1 28141160
17 7 0 11443091
17 6 9 11892031
17 6 8 3147427
17 6 7 13579808
17 6 6 15617364
17 6 5 18967604
17 6 4 8126484
17 6 3 14110116
17 6 2 33418596
17 6 1 18467209
17 6 0 17753120
17 5 10 19040072
17 5 9 8034701
17 5 8 24309231
17 5 7 27395423
17 5 6 4075147
17 5 5 5364457
17 5 4 30081020
17 5 3 19829506
17 5 2 4457787
17 5 1 16350729
17 5 0 11032734
17 4 10 9894102
17 4 9 60430
17 4 8 5979968
17 4 7 29330182
17 4 6 25609002
17 4 5 23715728
17 4 4 20907602
17 4 3 16510926
17 4 2 29570409
17 4 1 10896172
17 4 0 11917281
17 3 10 17046363
17 3 9 11839768
17 3 8 12889387
17 3 7 7776589
17 3 6 30623155
17 3 5 408371
17 3 4 16454741
17 3 3 28417356
17 3 2 31045343
17 3 1 16561086
17 3 0 14236719
17 2 10 22565783
17 2 9 27021839
17 2 8 17499535
17 2 7 11869715
17 2 6 24432769
17 2 5 20256573
17 2 4 10886821
17 2 3 25186458
17 2 2 3620777
17 2 1 4978598
17 2 0 11320519
17 1 10 19511413
17 1 9 29619776
17 1 8 4559945
17 1 7 2135117
17 1 6 10677974
17 1 5 28039531
17 1 4 9022749
17 1 3 5801216
17 1 2 22314259
17 1 1 22753435
17 1 0 18356672
17 0 10 9762456
17 0 9 439177
17 0 8 6655587
17 0 7 15778109
17 0 6 617403
17 0 5 5695358
17 0 4 22230552
17 0 3 26352728
17 0 2 19015339
17 0 1 4804979
17 0 0 24787628
16 12 4 25413963
16 12 3 17123106
16 12 2 31227705
16 12 1 24458422
16 12 0 22675059
16 11 5 24570249
16 11 4 14555230
16 11 3 12497260
16 11 2 32626147
16 11 1 31332390
16 11 0 14033616
16 10 6 9796357
16 10 5 31112209
16 10 4 278957
16 10 3 32460686
16 10 2 3866159
16 10 1 14581939
16 10 0 1460436
16 9 7 10593701
16 9 6 15107336
16 9 5 4473584
16 9 4 22239174
16 9 3 12164441
16 9 2 5423673
16 9 1 13871968
16 9 0 29922526
16 8 8 26655458
16 8 7 17613201
16 8 6 3990113
16 8 5 9309687
16 8 4 17046390
16 8 3 15194421
16 8 2 14522201
16 8 1 22475316
16 8 0 11042099
16 7 9 4209773
16 7 8 13078579
16 7 7 21392302
16 7 6 4198212
16 7 5 19556914
16 7 4 426719
16 7 3 22106141
16 7 2 9372768
16 7 1 32127871
16 7 0 16930338
16 6 10 14027889
16 6 9 4732271
16 6 8 10885540
16 6 7 6183765
16 6 6 30382368
16 6 5 7581133
16 6 4 29116373
16 6 3 1934949
16 6 2 1614700
16 6 1 12744156
16 6 0 7733717
16 5 10 32094219
16 5 9 1916954
16 5 8 1491210
16 5 7 13340569
16 5 6 17686331
16 5 5 24252161
16 5 4 27253882
16 5 3 15599097
16 5 2 471943
16 5 1 13595031
16 5 0 31923501
16 4 10 5115367
16 4 9 3055449
16 4 8 9564396
16 4 7 19246293
16 4 6 16589556
16 4 5 28038641
16 4 4 3592105
16 4 3 19119703
16 4 2 3871893
16 4 1 26670400
16 4 0 21454463
16 3 10 29325456
16 3 9 313003
16 3 8 960057
16 3 7 19080936
16 3 6 29223740
16 3 5 20346039
16 3 4 18125915
16 3 3 6874242
16 3 2 11930227
16 3 1 29716121
16 3 0 31662994
16 2 10 30675364
16 2 9 24794145
16 2 8 30154781
16 2 7 1249084
16 2 6 25390397
16 2 5 25918133
16 2 4 8610087
16 2 3 26097869
16 2 2 14243532
16 2 1 16476594
16 2 0 14073731
16 1 10 15614740
16 1 9 11764925
16 1 8 29866892
16 1 7 13239348
16 1 6 14536252
16 1 5 14848316
16 1 4 31390449
16 1 3 21774096
16 1 2 9344315
16 1 1 15968794
16 1 0 26746576
16 0 10 27794478
16 0 9 8684616
16 0 8 3142441
16 0 7 29960359
16 0 6 2530059
16 0 5 7592035
16 0 4 9808095
16 0 3 1178355
16 0 2 5042799
16 0 1 23933993
16 0 0 12404954
15 12 5 19586995
15 12 4 16548623
15 12 3 32757903
15 12 2 28975476
15 12 1 8956447
15 12 0 23986854
15 11 6 26498599
15 11 5 3169598
15 11 4 10218387
15 11 3 1585402
15 11 2 29024005
15 11 1 560985
15 11 0 23981307
15 10 7 16288965
15 10 6 6056148
15 10 5 1768428
15 10 4 1802192
15 10 3 9241072
15 10 2 26002471
15 10 1 18502602
15 10 0 2203951
15 9 8 21909320
15 9 7 22180832
15 9 6 5558855
15 9 5 22926328
15 9 4 844104
15 9 3 4536528
15 9 2 25432565
15 9 1 22049235
15 9 0 30658007
15 8 9 16430874
15 8 8 4485073
15 8 7 26215522
15 8 6 23664073
15 8 5 6532183
15 8 4 1311396
15 8 3 4552013
15 8 2 20937391
15 8 1 9182918
15 8 0 25033659
15 7 10 25416465
15 7 9 18180860
15 7 8 11564025
15 7 7 7403367
15 7 6 10898385
15 7 5 11050768
15 7 4 13428138
15 7 3 31059447
15 7 2 19711942
15 7 1 9949076
15 7 0 7378642
15 6 10 487771
15 6 9 20600847
15 6 8 24753755
15 6 7 22375119
15 6 6 14264709
15 6 5 17807890
15 6 4 20164328
15 6 3 30491530
15 6 2 9211492
15 6 1 10332122
15 6 0 23578192
15 5 10 10540586
15 5 9 22544842
15 5 8 3334411
15 5 7 30004021
15 5 6 26725514
15 5 5 379195
15 5 4 9982529
15 5 3 22607088
15 5 2 11270296
15 5 1 23126262
15 5 0 23763297
15 4 10 6797344
15 4 9 26911489
15 4 8 2588982
15 4 7 8834796
15 4 6 906809
15 4 5 30210719
15 4 4 14924524
15 4 3 7215936
15 4 2 4915547
15 4 1 17115938
15 4 0 10011837
15 3 10 33121066
15 3 9 32371450
15 3 8 24951966
15 3 7 5013146
15 3 6 22048011
15 3 5 16346701
15 3 4 6587895
15 3 3 7897092
15 3 2 522982
15 3 1 4035099
15 3 0 12621859
15 2 10 29138239
15 2 9 4280450
15 2 8 2565841
15 2 7 28555878
15 2 6 9638074
15 2 5 173222
15 2 4 19743602
15 2 3 29924271
15 2 2 24996102
15 2 1 6576822
15 2 0 27816553
15 1 10 14981906
15 1 9 19216234
15 1 8 4714277
15 1 7 13348257
15 1 6 19774427
15 1 5 32484711
15 1 4 12240316
15 1 3 21708677
15 1 2 23744239
15 1 1 275395
15 1 0 32689717
15 0 10 12778925
15 0 9 5935560
15 0 8 25184400
15 0 7 7169138
15 0 6 8786799
15 0 5 22101123
15 0 4 12152885
15 0 3 22257113
15 0 2 1910242
15 0 1 24029193
15 0 0 4712198
14 12 6 21044435
14 12 5 23891012
14 12 4 18077419
14 12 3 23865642
14 12 2 30813926
14 12 1 1837915
14 12 0 24765565
14 11 7 2189604
14 11 6 10071308
14 11 5 11789900
14 11 4 13223488
14 11 3 16795008
14 11 2 28291784
14 11 1 29100580
14 11 0 22240032
14 10 8 30443209
14 10 7 12362566
14 10 6 32258101
14 10 5 5574580
14 10 4 30067422
14 10 3 4520780
14 10 2 27126444
14 10 1 3785533
14 10 0 3994506
14 9 9 23957852
14 9 8 18166384
14 9 7 22966097
14 9 6 3776061
14 9 5 29350658
14 9 4 1799669
14 9 3 1468541
14 9 2 25198097
14 9 1 14127890
14 9 0 2389305
14 8 10 8206773
14 8 9 23701973
14 8 8 8880363
14 8 7 13899870
14 8 6 14513920
14 8 5 23162393
14 8 4 29844848
14 8 3 32913558
14 8 2 20494036
14 8 1 2262620
14 8 0 3252212
14 7 10 10252970
14 7 9 4605927
14 7 8 15299088
14 7 7 3400417
14 7 6 20575034
14 7 5 16016034
14 7 4 13464554
14 7 3 12037563
14 7 2 27176942
14 7 1 10811596
14 7 0 8056670
14 6 10 6593507
14 6 9 4191359
14 6 8 6907409
14 6 7 4656758
14 6 6 7187740
14 6 5 24361260
14 6 4 23246969
14 6 3 30305954
14 6 2 28287730
14 6 1 23725329
14 6 0 7940818
14 5 10 4521645
14 5 9 31295618
14 5 8 2290162
14 5 7 19029232
14 5 6 31087802
14 5 5 12373341
14 5 4 25623811
14 5 3 27572934
14 5 2 31507248
14 5 1 7211626
14 5 0 27410472
14 4 10 32568620
14 4 9 17047393
14 4 8 5092327
14 4 7 32613100
14 4 6 688788
14 4 5 29678969
14 4 4 11895218
14 4 3 20408419
14 4 2 4989806
14 4 1 13092304
14 4 0 13391049
14 3 10 28891331
14 3 9 14917636
14 3 8 15844794
14 3 7 18436512
14 3 6 8019257
14 3 5 32689934
14 3 4 26177728
14 3 3 31688041
14 3 2 8543962
14 3 1 496418
14 3 0 15872175
14 2 10 9179788
14 2 9 28552138
14 2 8 1254067
14 2 7 7531003
14 2 6 5700811
14 2 5 8600859
14 2 4 26497223
14 2 3 3169827
14 2 2 13990920
14 2 1 9945844
14 2 0 2493261
14 1 10 25499271
14 1 9 2649094
14 1 8 24894542
14 1 7 19141659
14 1 6 19255726
14 1 5 5006566
14 1 4 13181315
14 1 3 23149926
14 1 2 24642828
14 1 1 15299916
14 1 0 8622710
14 0 10 26514816
14 0 9 8174387
14 0 8 2208377
14 0 7 7094228
14 0 6 31222798
14 0 5 21142300
14 0 4 19442906
14 0 3 10155215
14 0 2 4235820
14 0 1 3015209
14 0 0 27338769
13 12 7 5646739
13 12 6 30920341
13 12 5 6036033
13 12 4 222302
13 12 3 17410689
13 12 2 8244297
13 12 1 15649613
13 12 0 24008552
13 11 8 19549279
13 11 7 4991540
13 11 6 32568716
13 11 5 11528826
13 11 4 28187655
13 11 3 6073704
13 11 2 11218122
13 11 1 25290830
13 11 0 22678113
13 10 9 19629086
13 10 8 29298709
13 10 7 14202266
13 10 6 2981791
13 10 5 2204163
13 10 4 10310422
13 10 3 14672745
13 10 2 11197432
13 10 1 26514701
13 10 0 1935921
13 9 10 31572761
13 9 9 89688
13 9 8 23816303
13 9 7 7334817
13 9 6 17739115
13 9 5 32567073
13 9 4 22957228
13 9 3 3992295
13 9 2 14703155
13 9 1 9437
13 9 0 16716266
13 8 10 20302416
13 8 9 33426508
13 8 8 7225273
13 8 7 15966844
13 8 6 20368495
13 8 5 18047265
13 8 4 28090374
13 8 3 31748930
13 8 2 26380592
13 8 1 5726395
13 8 0 30630005
13 7 10 12563387
13 7 9 8687659
13 7 8 10416978
13 7 7 7163705
13 7 6 9944922
13 7 5 23108518
13 7 4 28530456
13 7 3 31734337
13 7 2 29139884
13 7 1 9738605
13 7 0 31105472
13 6 10 32213473
13 6 9 22432117
13 6 8 3284152
13 6 7 22414920
13 6 6 16842529
13 6 5 28684853
13 6 4 22103708
13 6 3 9453870
13 6 2 25532527
13 6 1 21364377
13 6 0 19256268
13 5 10 7815141
13 5 9 7319887
13 5 8 16026421
13 5 7 28968110
13 5 6 31623134
13 5 5 9156924
13 5 4 30864131
13 5 3 17336492
13 5 2 31821556
13 5 1 33190032
13 5 0 12585282
13 4 10 19107580
13 4 9 12246623
13 4 8 6354296
13 4 7 11261183
13 4 6 14392493
13 4 5 11617170
13 4 4 10227283
13 4 3 26120259
13 4 2 22615278
13 4 1 12343474
13 4 0 26317276
13 3 10 29677291
13 3 9 26591385
13 3 8 28217414
13 3 7 25689711
13 3 6 5718403
13 3 5 10476031
13 3 4 27631521
13 3 3 6402180
13 3 2 17255855
13 3 1 3262373
13 3 0 33020466
13 2 10 29511462
13 2 9 7326358
13 2 8 27292142
13 2 7 33125342
13 2 6 31836734
13 2 5 30165495
13 2 4 8960320
13 2 3 24260174
13 2 2 16829214
13 2 1 8565211
13 2 0 21952711
13 1 10 29729116
13 1 9 2810671
13 1 8 28915323
13 1 7 33331606
13 1 6 12121103
13 1 5 3287719
13 1 4 3789765
13 1 3 31208502
13 1 2 1782311
13 1 1 2291366
13 1 0 9087013
13 0 10 864077
13 0 9 32905755
13 0 8 12479835
13 0 7 16329883
13 0 6 1030175
13 0 5 33248963
13 0 4 12394721
13 0 3 20918662
13 0 2 6098377
13 0 1 2287854
13 0 0 31173895
12 12 8 10244865
12 12 7 4587173
12 12 6 14661333
12 12 5 26508793
12 12 4 17699988
12 12 3 16272207
12 12 2 5840180
12 12 1 8418031
12 12 0 14869324
12 11 9 8829533
12 11 8 31640388
12 11 7 17780070
12 11 6 24751538
12 11 5 29785691
12 11 4 26868068
12 11 3 19431887
12 11 2 29710291
12 11 1 21185913
12 11 0 25116049
12 10 10 17953043
12 10 9 30456526
12 10 8 7563179
12 10 7 14245320
12 10 6 8558208
12 10 5 15487805
12 10 4 23302729
12 10 3 1914484
12 10 2 23306026
12 10 1 28285029
12 10 0 10803019
12 9 10 4423195
12 9 9 22690668
12 9 8 5868450
12 9 7 13712341
12 9 6 32610302
12 9 5 31186124
12 9 4 26031310
12 9 3 26908497
12 9 2 18165324
12 9 1 14701058
12 9 0 16332459
12 8 10 12546264
12 8 9 6915871
12 8 8 21704132
12 8 7 20457054
12 8 6 19164944
12 8 5 18341101
12 8 4 18570997
12 8 3 3128591
12 8 2 8101411
12 8 1 26082960
12 8 0 5349958
12 7 10 569196
12 7 9 20911028
12 7 8 30185797
12 7 7 6280561
12 7 6 20349645
12 7 5 12628205
12 7 4 4668091
12 7 3 7601716
12 7 2 23656816
12 7 1 6745897
12 7 0 8520978
12 6 10 17126802
12 6 9 22277830
12 6 8 23021458
12 6 7 7975273
12 6 6 3577797
12 6 5 10714896
12 6 4 15854966
12 6 3 32112483
12 6 2 17761820
12 6 1 10421770
12 6 0 21071796
12 5 10 29382777
12 5 9 31031152
12 5 8 30662642
12 5 7 2051782
12 5 6 4804460
12 5 5 7972809
12 5 4 10813864
12 5 3 25928112
12 5 2 19249671
12 5 1 23739646
12 5 0 10545894
12 4 10 3253071
12 4 9 8519442
12 4 8 22215713
12 4 7 10761279
12 4 6 23076187
12 4 5 14702408
12 4 4 6502971
12 4 3 30279398
12 4 2 6448513
12 4 1 11479807
12 4 0 32455606
12 3 10 15865212
12 3 9 3944957
12 3 8 7013694
12 3 7 5108768
12 3 6 19454456
12 3 5 144147
12 3 4 6863762
12 3 3 8884860
12 3 2 31465795
12 3 1 25766685
12 3 0 16167982
12 2 10 12725223
12 2 9 15591833
12 2 8 11058986
12 2 7 5969095
12 2 6 30407428
12 2 5 22299631
12 2 4 22747481
12 2 3 3870025
12 2 2 5749375
12 2 1 4964045
12 2 0 17800686
12 1 10 3966906
12 1 9 6399840
12 1 8 2716207
12 1 7 31531338
12 1 6 27567962
12 1 5 4757789
12 1 4 14076739
12 1 3 4009852
12 1 2 9344795
12 1 1 27059661
12 1 0 33372687
12 0 10 11545516
12 0 9 23169985
12 0 8 29603091
12 0 7 30931383
12 0 6 16785527
12 0 5 12524916
12 0 4 11841935
12 0 3 18902460
12 0 2 18697019
12 0 1 28703733
12 0 0 8660010
11 12 9 14186018
11 12 8 33013491
11 12 7 1888897
11 12 6 28790775
11 12 5 11167722
11 12 4 10635377
11 12 3 25421832
11 12 2 4367745
11 12 1 17165481
11 12 0 24477470
11 11 10 14186018
11 11 9 19429374
11 11 8 19792707
11 11 7 952762
11 11 6 10034100
11 11 5 29830165
11 11 4 1090534
11 11 3 30102164
11 11 2 5665938
11 11 1 15981775
11 11 0 26888164
11 10 10 24285429
11 10 9 16843403
11 10 8 26524925
11 10 7 20474856
11 10 6 14434791
11 10 5 7655823
11 10 4 26403336
11 10 3 7649586
11 10 2 1334029
11 10 1 8872907
11 10 0 3209138
11 9 10 20036359
11 9 9 26123138
11 9 8 10956446
11 9 7 12073900
11 9 6 4196867
11 9 5 4970341
11 9 4 31021863
11 9 3 23867508
11 9 2 2920891
11 9 1 7691430
11 9 0 33463300
11 8 10 4516983
11 8 9 29304490
11 8 8 9887924
11 8 7 30928367
11 8 6 16494794
11 8 5 12971859
11 8 4 28299185
11 8 3 29493346
11 8 2 20202104
11 8 1 9893171
11 8 0 20991145
11 7 10 7389848
11 7 9 2680911
11 7 8 5641665
11 7 7 32154759
11 7 6 22406863
11 7 5 33161070
11 7 4 17675053
11 7 3 16102466
11 7 2 17935556
11 7 1 20545741
11 7 0 23116386
11 6 10 5622966
11 6 9 1064569
11 6 8 27400783
11 6 7 15417102
11 6 6 22471084
11 6 5 27016332
11 6 4 25535820
11 6 3 14061665
11 6 2 18097694
11 6 1 17784886
11 6 0 7558700
11 5 10 17174515
11 5 9 332852
11 5 8 21349061
11 5 7 3575153
11 5 6 21460621
11 5 5 32583549
11 5 4 4041770
11 5 3 300452
11 5 2 10062072
11 5 1 32478397
11 5 0 17409331
11 4 10 13879340
11 4 9 26723306
11 4 8 26927790
11 4 7 10778013
11 4 6 23119105
11 4 5 12060962
11 4 4 1907938
11 4 3 26453835
11 4 2 29672838
11 4 1 17063695
11 4 0 5422349
11 3 10 23109664
11 3 9 4490901
11 3 8 24021533
11 3 7 4988471
11 3 6 11788510
11 3 5 19261440
11 3 4 9787216
11 3 3 22385623
11 3 2 19695544
11 3 1 18254103
11 3 0 27560597
11 2 10 13001971
11 2 9 21551490
11 2 8 13964148
11 2 7 18919858
11 2 6 21580800
11 2 5 11405100
11 2 4 15301960
11 2 3 17213339
11 2 2 1106234
11 2 1 31963557
11 2 0 16457450
11 1 10 17191025
11 1 9 30774670
11 1 8 23206249
11 1 7 32146446
11 1 6 13512526
11 1 5 6263456
11 1 4 15485468
11 1 3 823083
11 1 2 27255906
11 1 1 2686564
11 1 0 6589937
11 0 10 13657502
11 0 9 222221
11 0 8 5959651
11 0 7 30867788
11 0 6 23304408
11 0 5 13968613
11 0 4 21942684
11 0 3 12193472
11 0 2 15867868
11 0 1 2712145
11 0 0 25137674
10 12 9 15053222
10 12 8 10558302
10 12 7 22504270
10 12 6 27060227
10 12 5 15328661
10 12 4 16733575
10 12 3 32547556
10 12 2 11624887
10 12 1 2436781
10 12 0 8616287
10 11 10 15053222
10 11 9 28264337
10 11 8 27692077
10 11 7 12604262
10 11 6 6762080
10 11 5 28382405
10 11 4 28643445
10 11 3 30909488
10 11 2 14613351
10 11 1 30412511
10 11 0 29359188
10 10 10 31743991
10 10 9 4943985
10 10 8 27898412
10 10 7 28551958
10 10 6 12237734
10 10 5 15928604
10 10 4 4355946
10 10 3 7691191
10 10 2 3387920
10 10 1 20548059
10 10 0 28622404
10 9 10 18604034
10 9 9 14188918
10 9 8 26881810
10 9 7 149763
10 9 6 8150226
10 9 5 28894705
10 9 4 29642864
10 9 3 5488962
10 9 2 16916990
10 9 1 2759002
10 9 0 6547417
10 8 10 6807449
10 8 9 3917360
10 8 8 14534355
10 8 7 7512038
10 8 6 28446331
10 8 5 31783090
10 8 4 30541424
10 8 3 24798899
10 8 2 9994647
10 8 1 21726310
10 8 0 13554821
10 7 10 5884844
10 7 9 19838978
10 7 8 3511504
10 7 7 9038021
10 7 6 19980932
10 7 5 4137667
10 7 4 10836763
10 7 3 924272
10 7 2 14084467
10 7 1 17648614
10 7 0 12807894
10 6 10 13391348
10 6 9 23461571
10 6 8 24320169
10 6 7 31650673
10 6 6 22480454
10 6 5 21032349
10 6 4 24602968
10 6 3 3204333
10 6 2 21645782
10 6 1 27044468
10 6 0 22479913
10 5 10 11734278
10 5 9 33405629
10 5 8 2275693
10 5 7 11589954
10 5 6 19437733
10 5 5 8916849
10 5 4 21135917
10 5 3 25611910
10 5 2 6413278
10 5 1 17842176
10 5 0 11599639
10 4 10 11441153
10 4 9 5713103
10 4 8 27263847
10 4 7 25848606
10 4 6 21916371
10 4 5 29861287
10 4 4 20518887
10 4 3 31154561
10 4 2 30148102
10 4 1 8697460
10 4 0 28279924
10 3 10 3355611
10 3 9 2771923
10 3 8 21853202
10 3 7 14025884
10 3 6 16475159
10 3 5 387207
10 3 4 17869472
10 3 3 11466643
10 3 2 4151340
10 3 1 1815357
10 3 0 16820641
10 2 10 20806720
10 2 9 13319667
10 2 8 17881308
10 2 7 1465007
10 2 6 22911634
10 2 5 32297179
10 2 4 33374198
10 2 3 17557771
10 2 2 22698289
10 2 1 4252243
10 2 0 20606531
10 1 10 5094642
10 1 9 12813344
10 1 8 3580701
10 1 7 27917448
10 1 6 20974548
10 1 5 3197437
10 1 4 22426030
10 1 3 4999224
10 1 2 7670024
10 1 1 20075022
10 1 0 9763615
10 0 10 4099305
10 0 9 8985293
10 0 8 16545414
10 0 7 25163911
10 0 6 5021877
10 0 5 31172690
10 0 4 13521004
10 0 3 18848388
10 0 2 17507819
10 0 1 29492479
10 0 0 23015844
9 12 9 4463215
9 12 8 7388751
9 12 7 5877040
9 12 6 1932492
9 12 5 12316071
9 12 4 6659966
9 12 3 14499133
9 12 2 31553622
9 12 1 33252482
9 12 0 33326243
9 11 10 4463215
9 11 9 22241323
9 11 8 3484318
9 11 7 22546356
9 11 6 2718400
9 11 5 31334705
9 11 4 32404632
9 11 3 8626910
9 11 2 3102143
9 11 1 26604683
9 11 0 27293780
9 10 10 909599
9 10 9 14237926
9 10 8 19988473
9 10 7 21500602
9 10 6 14395804
9 10 5 27170285
9 10 4 29051610
9 10 3 12123365
9 10 2 10995575
9 10 1 15503138
9 10 0 12704565
9 9 10 9687324
9 9 9 24716076
9 9 8 13439416
9 9 7 4732319
9 9 6 22576411
9 9 5 12925379
9 9 4 3811599
9 9 3 14767566
9 9 2 22198664
9 9 1 27155668
9 9 0 27111210
9 8 10 8091037
9 8 9 18425906
9 8 8 8670670
9 8 7 961246
9 8 6 4994766
9 8 5 8607418
9 8 4 2778626
9 8 3 26980740
9 8 2 31185543
9 8 1 16791795
9 8 0 7854323
9 7 10 2931378
9 7 9 13817124
9 7 8 12060788
9 7 7 22548076
9 7 6 22769915
9 7 5 2100580
9 7 4 12891680
9 7 3 2743825
9 7 2 13266567
9 7 1 7038832
9 7 0 22641602
9 6 10 21529255
9 6 9 32580661
9 6 8 27385680
9 6 7 16159612
9 6 6 23367006
9 6 5 4978111
9 6 4 27235047
9 6 3 1468818
9 6 2 2507541
9 6 1 27638515
9 6 0 1831141
9 5 10 11294932
9 5 9 12042
9 5 8 21712958
9 5 7 18199465
9 5 6 15328205
9 5 5 20870329
9 5 4 19170526
9 5 3 9969605
9 5 2 26516025
9 5 1 2985351
9 5 0 6514514
9 4 10 24574456
9 4 9 31822858
9 4 8 8450503
9 4 7 18748251
9 4 6 30687228
9 4 5 27315620
9 4 4 13184423
9 4 3 6422677
9 4 2 25793505
9 4 1 2220078
9 4 0 32877203
9 3 10 3279382
9 3 9 32793344
9 3 8 401080
9 3 7 13698706
9 3 6 17279963
9 3 5 33266619
9 3 4 7561691
9 3 3 8152098
9 3 2 31301808
9 3 1 2773997
9 3 0 4059448
9 2 10 2278183
9 2 9 17555601
9 2 8 3081777
9 2 7 1582011
9 2 6 20891502
9 2 5 26156287
9 2 4 21565053
9 2 3 21647919
9 2 2 16235964
9 2 1 5955517
9 2 0 2765646
9 1 10 23865600
9 1 9 9679381
9 1 8 11345173
9 1 7 2431486
9 1 6 1685132
9 1 5 22788433
9 1 4 24852029
9 1 3 1512476
9 1 2 20672139
9 1 1 8219327
9 1 0 32447542
9 0 10 25611480
9 0 9 17422626
9 0 8 2503612
9 0 7 27862944
9 0 6 1673074
9 0 5 7983331
9 0 4 9942030
9 0 3 5425925
9 0 2 25527183
9 0 1 25946298
9 0 0 32247175
8 12 9 9479758
8 12 8 20031277
8 12 7 32880624
8 12 6 17668388
8 12 5 13381817
8 12 4 22734016
8 12 3 27887543
8 12 2 26928151
8 12 1 2046634
8 12 0 13925075
8 11 10 9479758
8 11 9 13754237
8 11 8 31308902
8 11 7 10181482
8 11 6 27076171
8 11 5 13866551
8 11 4 26080340
8 11 3 10623602
8 11 2 21646827
8 11 1 25399277
8 11 0 13981551
8 10 10 33453753
8 10 9 854676
8 10 8 6062762
8 10 7 5330012
8 10 6 26316503
8 10 5 27821203
8 10 4 7086860
8 10 3 19123352
8 10 2 16418779
8 10 1 9286645
8 10 0 20855415
8 9 10 2263593
8 9 9 32718408
8 9 8 20140739
8 9 7 3714441
8 9 6 13413750
8 9 5 13530121
8 9 4 32532092
8 9 3 9379395
8 9 2 24505605
8 9 1 20621729
8 9 0 24549706
8 8 10 1233388
8 8 9 8176275
8 8 8 9363602
8 8 7 25000417
8 8 6 11194756
8 8 5 27652788
8 8 4 12029335
8 8 3 28044561
8 8 2 13902388
8 8 1 6662724
8 8 0 11846227
8 7 10 16882540
8 7 9 28323488
8 7 8 1967353
8 7 7 27973382
8 7 6 15552756
8 7 5 12785209
8 7 4 7279392
8 7 3 6048056
8 7 2 24929203
8 7 1 8354534
8 7 0 21063282
8 6 10 3726395
8 6 9 29320767
8 6 8 22161
8 6 7 30581407
8 6 6 21208151
8 6 5 1374854
8 6 4 22405802
8 6 3 30065113
8 6 2 13830918
8 6 1 22200975
8 6 0 30351610
8 5 10 31892454
8 5 9 20906564
8 5 8 24962465
8 5 7 16384697
8 5 6 27133733
8 5 5 12034006
8 5 4 23066863
8 5 3 13379603
8 5 2 15408448
8 5 1 8371828
8 5 0 33496352
8 4 10 22651658
8 4 9 2576848
8 4 8 15830044
8 4 7 14392923
8 4 6 11536010
8 4 5 15704886
8 4 4 8365414
8 4 3 22064235
8 4 2 5947758
8 4 1 5965598
8 4 0 19898053
8 3 10 4964360
8 3 9 2203792
8 3 8 23288474
8 3 7 11229605
8 3 6 11114383
8 3 5 2247413
8 3 4 6341735
8 3 3 23729619
8 3 2 8832369
8 3 1 10190916
8 3 0 27560766
8 2 10 4111675
8 2 9 32280274
8 2 8 27395764
8 2 7 6446665
8 2 6 23856423
8 2 5 29884613
8 2 4 3656827
8 2 3 795420
8 2 2 20374714
8 2 1 24105024
8 2 0 15715270
8 1 10 33050614
8 1 9 16020852
8 1 8 27132329
8 1 7 31429780
8 1 6 27664332
8 1 5 25503606
8 1 4 9779646
8 1 3 17590829
8 1 2 5679454
8 1 1 3561382
8 1 0 27056324
8 0 10 25008913
8 0 9 220130
8 0 8 2296721
8 0 7 24436402
8 0 6 19756581
8 0 5 7416166
8 0 4 23227317
8 0 3 24167004
8 0 2 17909244
8 0 1 12872358
8 0 0 30229319
7 12 9 17898235
7 12 8 15789279
7 12 7 10354969
7 12 6 17196053
7 12 5 23423940
7 12 4 7535134
7 12 3 31892172
7 12 2 24895246
7 12 1 29398288
7 12 0 20232565
7 11 10 17898235
7 11 9 33275141
7 11 8 27421680
7 11 7 30180842
7 11 6 18216656
7 11 5 11342191
7 11 4 30691841
7 11 3 26260986
7 11 2 23283903
7 11 1 24322204
7 11 0 5000129
7 10 10 2529608
7 10 9 17824728
7 10 8 24136332
7 10 7 30533865
7 10 6 13051544
7 10 5 27855454
7 10 4 12029392
7 10 3 20579298
7 10 2 15076657
7 10 1 7999622
7 10 0 30075029
7 9 10 11974116
7 9 9 8031345
7 9 8 17465708
7 9 7 12604852
7 9 6 14753755
7 9 5 24286676
7 9 4 19126987
7 9 3 29280206
7 9 2 1187285
7 9 1 31765810
7 9 0 24626625
7 8 10 29112873
7 8 9 5426707
7 8 8 14386626
7 8 7 30410454
7 8 6 16740062
7 8 5 10615808
7 8 4 32876183
7 8 3 31004172
7 8 2 4185742
7 8 1 15788171
7 8 0 28876581
7 7 10 25931841
7 7 9 19860768
7 7 8 17899970
7 7 7 1880170
7 7 6 4395802
7 7 5 31789800
7 7 4 23371454
7 7 3 21551063
7 7 2 22161879
7 7 1 32446261
7 7 0 31909795
7 6 10 9117018
7 6 9 8056897
7 6 8 1800250
7 6 7 23446483
7 6 6 8356837
7 6 5 9118865
7 6 4 32455552
7 6 3 14234062
7 6 2 10746050
7 6 1 7721316
7 6 0 21418024
7 5 10 25702842
7 5 9 74396
7 5 8 6871631
7 5 7 26866210
7 5 6 11594553
7 5 5 2483525
7 5 4 17429375
7 5 3 32317779
7 5 2 31159450
7 5 1 24432512
7 5 0 2183209
7 4 10 32406784
7 4 9 32371078
7 4 8 18624979
7 4 7 16640319
7 4 6 3298286
7 4 5 27341172
7 4 4 26387206
7 4 3 11310929
7 4 2 15715114
7 4 1 11060548
7 4 0 13898875
7 3 10 29912049
7 3 9 12793364
7 3 8 3439025
7 3 7 4539981
7 3 6 31332227
7 3 5 11209764
7 3 4 3976793
7 3 3 33258517
7 3 2 1131883
7 3 1 14143144
7 3 0 5115293
7 2 10 27571772
7 2 9 18762261
7 2 8 16849110
7 2 7 32270818
7 2 6 5128365
7 2 5 30551204
7 2 4 14870010
7 2 3 3979661
7 2 2 3279394
7 2 1 25569158
7 2 0 5106977
7 1 10 4866468
7 1 9 27187165
7 1 8 26950282
7 1 7 18807169
7 1 6 28199392
7 1 5 17595877
7 1 4 25381925
7 1 3 8938657
7 1 2 12015211
7 1 1 1241328
7 1 0 6961872
7 0 10 5784924
7 0 9 22705728
7 0 8 26913918
7 0 7 22183384
7 0 6 3908422
7 0 5 10462696
7 0 4 2335078
7 0 3 20987426
7 0 2 24163949
7 0 1 26646252
7 0 0 19856696
6 12 9 30612412
6 12 8 25010383
6 12 7 11251286
6 12 6 3916343
6 12 5 17923653
6 12 4 26584283
6 12 3 21317982
6 12 2 30146098
6 12 1 20046335
6 12 0 23081610
6 11 10 30612412
6 11 9 19304279
6 11 8 29139460
6 11 7 2935591
6 11 6 32278621
6 11 5 21737740
6 11 4 2182396
6 11 3 28162213
6 11 2 17171702
6 11 1 1192620
6 11 0 22935645
6 10 10 27053955
6 10 9 20165763
6 10 8 4122521
6 10 7 8620065
6 10 6 32617235
6 10 5 24071983
6 10 4 13732043
6 10 3 19461267
6 10 2 11388287
6 10 1 6011695
6 10 0 23010128
6 9 10 10842466
6 9 9 18381137
6 9 8 4458485
6 9 7 18835436
6 9 6 2626744
6 9 5 20119058
6 9 4 20899537
6 9 3 7307412
6 9 2 25553176
6 9 1 33157099
6 9 0 25419908
6 8 10 1902446
6 8 9 9910361
6 8 8 22937480
6 8 7 3452766
6 8 6 31579599
6 8 5 12724216
6 8 4 30097840
6 8 3 18215181
6 8 2 22580409
6 8 1 31654645
6 8 0 31370775
6 7 10 22377747
6 7 9 24141360
6 7 8 22950059
6 7 7 15848235
6 7 6 4870745
6 7 5 13211719
6 7 4 5645828
6 7 3 18541408
6 7 2 13567890
6 7 1 19444391
6 7 0 17225384
6 6 10 24070062
6 6 9 26155561
6 6 8 28689163
6 6 7 25550433
6 6 6 1099433
6 6 5 5121325
6 6 4 18204951
6 6 3 17107854
6 6 2 27330371
6 6 1 725660
6 6 0 31269111
6 5 10 4160130
6 5 9 11252828
6 5 8 12928904
6 5 7 28960488
6 5 6 16487521
6 5 5 23546845
6 5 4 42299
6 5 3 14236324
6 5 2 6372324
6 5 1 4844040
6 5 0 28785792
6 4 10 21806883
6 4 9 3794790
6 4 8 22231035
6 4 7 15741294
6 4 6 19787844
6 4 5 22882132
6 4 4 26711700
6 4 3 6974889
6 4 2 23693423
6 4 1 3754963
6 4 0 28785126
6 3 10 6916737
6 3 9 29446082
6 3 8 6770416
6 3 7 13486765
6 3 6 486139
6 3 5 15580997
6 3 4 7814250
6 3 3 31125817
6 3 2 25443423
6 3 1 14890629
6 3 0 23076843
6 2 10 26870978
6 2 9 4780773
6 2 8 21763726
6 2 7 25115094
6 2 6 15843085
6 2 5 9386225
6 2 4 9674883
6 2 3 25010772
6 2 2 31844269
6 2 1 5372148
6 2 0 3011794
6 1 10 25247046
6 1 9 8879733
6 1 8 30300761
6 1 7 14696104
6 1 6 16477339
6 1 5 30633658
6 1 4 2974529
6 1 3 6338744
6 1 2 18376223
6 1 1 30900045
6 1 0 31389387
6 0 10 28964006
6 0 9 6324807
6 0 8 23030241
6 0 7 5366280
6 0 6 26029630
6 0 5 8112795
6 0 4 8192415
6 0 3 32472616
6 0 2 1929639
6 0 1 19952018
6 0 0 2135921
5 12 9 3736315
5 12 8 26706504
5 12 7 5182683
5 12 6 25330029
5 12 5 32004368
5 12 4 2252198
5 12 3 19532060
5 12 2 10874131
5 12 1 16925315
5 12 0 13749560
5 11 10 3736315
5 11 9 13929921
5 11 8 19573465
5 11 7 256445
5 11 6 23085385
5 11 5 4616151
5 11 4 16585422
5 11 3 26645096
5 11 2 10635868
5 11 1 31233849
5 11 0 6185681
5 10 10 16098055
5 10 9 12169564
5 10 8 5963685
5 10 7 31154024
5 10 6 19734468
5 10 5 21508660
5 10 4 14674737
5 10 3 29614892
5 10 2 4246539
5 10 1 12951583
5 10 0 18556537
5 9 10 9196079
5 9 9 309487
5 9 8 11597943
5 9 7 9145514
5 9 6 4792182
5 9 5 23730615
5 9 4 22486009
5 9 3 4409865
5 9 2 5178320
5 9 1 29104789
5 9 0 18301112
5 8 10 23264047
5 8 9 30386963
5 8 8 4447576
5 8 7 7740120
5 8 6 32806726
5 8 5 22111594
5 8 4 30660601
5 8 3 5620320
5 8 2 15673497
5 8 1 19172268
5 8 0 27443759
5 7 10 14909841
5 7 9 13870464
5 7 8 26651346
5 7 7 29529863
5 7 6 33444955
5 7 5 24038891
5 7 4 3942701
5 7 3 23040764
5 7 2 1223174
5 7 1 638637
5 7 0 33166361
5 6 10 12697402
5 6 9 23978146
5 6 8 30550905
5 6 7 15537349
5 6 6 2142192
5 6 5 586161
5 6 4 25529608
5 6 3 4435307
5 6 2 6802555
5 6 1 4469034
5 6 0 30203408
5 5 10 27823049
5 5 9 7574855
5 5 8 24359885
5 5 7 5038507
5 5 6 32143208
5 5 5 1365842
5 5 4 9868873
5 5 3 2902235
5 5 2 21043499
5 5 1 9689285
5 5 0 24949092
5 4 10 3337225
5 4 9 22379164
5 4 8 4154779
5 4 7 11202725
5 4 6 23771698
5 4 5 14726187
5 4 4 1276645
5 4 3 1592899
5 4 2 11894338
5 4 1 7241158
5 4 0 7013940
5 3 10 30407010
5 3 9 27229884
5 3 8 30046899
5 3 7 19541888
5 3 6 9154985
5 3 5 28654226
5 3 4 22900091
5 3 3 2489620
5 3 2 27883433
5 3 1 27408324
5 3 0 22860679
5 2 10 18588814
5 2 9 17626856
5 2 8 12015814
5 2 7 19387142
5 2 6 14629284
5 2 5 18880828
5 2 4 625423
5 2 3 1691991
5 2 2 907691
5 2 1 17069596
5 2 0 20481093
5 1 10 22871673
5 1 9 30908294
5 1 8 10778306
5 1 7 28529305
5 1 6 31984419
5 1 5 23135784
5 1 4 11990039
5 1 3 18311967
5 1 2 20104019
5 1 1 817463
5 1 0 19770430
5 0 10 11975102
5 0 9 4093494
5 0 8 22243834
5 0 7 25293386
5 0 6 4415388
5 0 5 11419484
5 0 4 15506111
5 0 3 20527879
5 0 2 523327
5 0 1 15117832
5 0 0 28520992
4 12 9 943440
4 12 8 29421648
4 12 7 28275419
4 12 6 5189674
4 12 5 24307429
4 12 4 9507985
4 12 3 25946154
4 12 2 28216474
4 12 1 12670273
4 12 0 27128193
4 11 10 943440
4 11 9 21221682
4 11 8 28048761
4 11 7 19938472
4 11 6 10051958
4 11 5 33353945
4 11 4 17532398
4 11 3 5018271
4 11 2 18490772
4 11 1 1348783
4 11 0 25123664
4 10 10 28612800
4 10 9 32854040
4 10 8 26922229
4 10 7 28430346
4 10 6 15514470
4 10 5 31284267
4 10 4 29158711
4 10 3 30518274
4 10 2 17154428
4 10 1 16448010
4 10 0 32719629
4 9 10 21655019
4 9 9 602758
4 9 8 24728246
4 9 7 9093999
4 9 6 15540425
4 9 5 23117932
4 9 4 4155988
4 9 3 14082402
4 9 2 10761636
4 9 1 8099271
4 9 0 8123352
4 8 10 14475561
4 8 9 4819155
4 8 8 22020701
4 8 7 26360475
4 8 6 23459999
4 8 5 10205754
4 8 4 24554806
4 8 3 31321180
4 8 2 10307697
4 8 1 9753158
4 8 0 11846713
4 7 10 13666810
4 7 9 15517009
4 7 8 17131196
4 7 7 31863897
4 7 6 33195044
4 7 5 19645257
4 7 4 7148782
4 7 3 6932375
4 7 2 25076137
4 7 1 24693042
4 7 0 31153070
4 6 10 24957560
4 6 9 26580496
4 6 8 13962371
4 6 7 12643107
4 6 6 14697445
4 6 5 4040684
4 6 4 7514691
4 6 3 29652622
4 6 2 6376876
4 6 1 23170518
4 6 0 5987578
4 5 10 26827340
4 5 9 2744316
4 5 8 13245180
4 5 7 22492977
4 5 6 22013513
4 5 5 27779892
4 5 4 6200241
4 5 3 27840242
4 5 2 13572012
4 5 1 17978380
4 5 0 19083609
4 4 10 1539659
4 4 9 22770377
4 4 8 2924084
4 4 7 24523364
4 4 6 18058483
4 4 5 21417497
4 4 4 31258585
4 4 3 9677616
4 4 2 2686719
4 4 1 30691453
4 4 0 27637268
4 3 10 1391856
4 3 9 17664262
4 3 8 5674764
4 3 7 10306857
4 3 6 19477900
4 3 5 5779403
4 3 4 14555207
4 3 3 686202
4 3 2 10536362
4 3 1 15830665
4 3 0 3416561
4 2 10 11131530
4 2 9 33186842
4 2 8 4822922
4 2 7 6229460
4 2 6 21276392
4 2 5 529659
4 2 4 26757608
4 2 3 3142773
4 2 2 8140475
4 2 1 20068602
4 2 0 28867581
4 1 10 15113987
4 1 9 27228209
4 1 8 5104438
4 1 7 414775
4 1 6 16713680
4 1 5 12814329
4 1 4 23665552
4 1 3 18461300
4 1 2 24238753
4 1 1 28386489
4 1 0 29249591
4 0 10 21734537
4 0 9 10780863
4 0 8 5578393
4 0 7 33111575
4 0 6 11390705
4 0 5 19760817
4 0 4 16171245
4 0 3 10659754
4 0 2 24160257
4 0 1 29191350
4 0 0 33258030
3 12 9 29352580
3 12 8 11639653
3 12 7 18270414
3 12 6 1576945
3 12 5 1258385
3 12 4 17207748
3 12 3 3505134
3 12 2 32485739
3 12 1 25233959
3 12 0 25055720
3 11 10 29352580
3 11 9 32500475
3 11 8 30379282
3 11 7 7123291
3 11 6 31802780
3 11 5 31398230
3 11 4 6995323
3 11 3 14582858
3 11 2 17158015
3 11 1 14940133
3 11 0 14683505
3 10 10 23874180
3 10 9 14174561
3 10 8 22251626
3 10 7 18639491
3 10 6 25594468
3 10 5 14977942
3 10 4 19882495
3 10 3 12276133
3 10 2 18508888
3 10 1 27475199
3 10 0 22569890
3 9 10 4173129
3 9 9 30433178
3 9 8 17152920
3 9 7 26327187
3 9 6 19936413
3 9 5 18781071
3 9 4 5318978
3 9 3 21450539
3 9 2 20454360
3 9 1 5231619
3 9 0 19401948
3 8 10 23410912
3 8 9 378767
3 8 8 26095597
3 8 7 9704254
3 8 6 22955196
3 8 5 10630242
3 8 4 11608663
3 8 3 31190892
3 8 2 10771941
3 8 1 7679620
3 8 0 32741563
3 7 10 23367309
3 7 9 10813391
3 7 8 16082104
3 7 7 24528103
3 7 6 21394691
3 7 5 5883038
3 7 4 27296316
3 7 3 20684406
3 7 2 14103026
3 7 1 33313057
3 7 0 29083667
3 6 10 30641177
3 6 9 30752284
3 6 8 30830045
3 6 7 14784040
3 6 6 30990113
3 6 5 15562588
3 6 4 11000388
3 6 3 7948501
3 6 2 4615915
3 6 1 9721045
3 6 0 6548132
3 5 10 14256314
3 5 9 31233305
3 5 8 27865871
3 5 7 20447725
3 5 6 32361452
3 5 5 16742698
3 5 4 11420475
3 5 3 28670576
3 5 2 11597199
3 5 1 19325480
3 5 0 8800342
3 4 10 14091486
3 4 9 29416252
3 4 8 4271540
3 4 7 5573660
3 4 6 18587163
3 4 5 20309528
3 4 4 17895368
3 4 3 18461765
3 4 2 30297185
3 4 1 26141523
3 4 0 522341
3 3 10 12682482
3 3 9 32603810
3 3 8 19486164
3 3 7 5361816
3 3 6 15765444
3 3 5 2374055
3 3 4 23591263
3 3 3 14516090
3 3 2 10836967
3 3 1 17418886
3 3 0 21957855
3 2 10 19411737
3 2 9 12376767
3 2 8 25673784
3 2 7 7617032
3 2 6 32524349
3 2 5 22143756
3 2 4 8730159
3 2 3 28357763
3 2 2 30426824
3 2 1 32166329
3 2 0 6001193
3 1 10 30681744
3 1 9 6491089
3 1 8 390405
3 1 7 24061399
3 1 6 6346344
3 1 5 6280759
3 1 4 12255032
3 1 3 1806703
3 1 2 3822361
3 1 1 13913026
3 1 0 29729267
3 0 10 25804550
3 0 9 16465085
3 0 8 7082117
3 0 7 18874370
3 0 6 13982351
3 0 5 20249262
3 0 4 3058891
3 0 3 32391719
3 0 2 20759372
3 0 1 17122756
3 0 0 5505921
2 12 9 1188455
2 12 8 28533006
2 12 7 22575572
2 12 6 32489015
2 12 5 25886430
2 12 4 26680805
2 12 3 14042174
2 12 2 21665903
2 12 1 23610923
2 12 0 4911229
2 11 10 1188455
2 11 9 10358111
2 11 8 76424
2 11 7 30373421
2 11 6 22140347
2 11 5 23286342
2 11 4 27575390
2 11 3 816505
2 11 2 26851522
2 11 1 9846001
2 11 0 23330019
2 10 10 14191043
2 10 9 4948205
2 10 8 16728944
2 10 7 1384639
2 10 6 15689988
2 10 5 577353
2 10 4 32892728
2 10 3 8310755
2 10 2 22264165
2 10 1 113336
2 10 0 11965712
2 9 10 8234923
2 9 9 8302987
2 9 8 24557217
2 9 7 1327428
2 9 6 12296277
2 9 5 32123628
2 9 4 10776882
2 9 3 21093653
2 9 2 7647211
2 9 1 22396268
2 9 0 3911292
2 8 10 463554
2 8 9 13964579
2 8 8 19451159
2 8 7 13687621
2 8 6 20915884
2 8 5 13571235
2 8 4 26982840
2 8 3 15275374
2 8 2 18632732
2 8 1 22215840
2 8 0 20196732
2 7 10 29659486
2 7 9 210149
2 7 8 10208021
2 7 7 18146950
2 7 6 698632
2 7 5 3503332
2 7 4 10692122
2 7 3 1156634
2 7 2 17394497
2 7 1 21252934
2 7 0 16802008
2 6 10 13938837
2 6 9 1300679
2 6 8 26098400
2 6 7 18397697
2 6 6 20315675
2 6 5 18962197
2 6 4 21163533
2 6 3 16162108
2 6 2 8563073
2 6 1 20069052
2 6 0 31824339
2 5 10 24820632
2 5 9 30984080
2 5 8 25733689
2 5 7 14159140
2 5 6 29444791
2 5 5 19380764
2 5 4 33157194
2 5 3 1027298
2 5 2 28925387
2 5 1 27260043
2 5 0 10936866
2 4 10 29288257
2 4 9 937520
2 4 8 7681671
2 4 7 2045435
2 4 6 25101943
2 4 5 33134981
2 4 4 279300
2 4 3 11337904
2 4 2 12093195
2 4 1 15046836
2 4 0 29170680
2 3 10 17950773
2 3 9 14053921
2 3 8 28642141
2 3 7 17967722
2 3 6 14627931
2 3 5 5849437
2 3 4 22555371
2 3 3 19992283
2 3 2 27475269
2 3 1 22527113
2 3 0 22275882
2 2 10 3601310
2 2 9 10947319
2 2 8 15728806
2 2 7 22949032
2 2 6 33389635
2 2 5 6833467
2 2 4 3289563
2 2 3 12136999
2 2 2 31462232
2 2 1 13620052
2 2 0 33003127
2 1 10 2231645
2 1 9 26956763
2 1 8 27253472
2 1 7 8341977
2 1 6 10986886
2 1 5 31766042
2 1 4 31337386
2 1 3 16956794
2 1 2 1224116
2 1 1 32603367
2 1 0 8044212
2 0 10 8271431
2 0 9 30536355
2 0 8 13865240
2 0 7 10748748
2 0 6 25578229
2 0 5 30539968
2 0 4 29527597
2 0 3 28750989
2 0 2 18494180
2 0 1 16497863
2 0 0 21337246
1 12 8 25738968
1 12 7 9175256
1 12 6 33489242
1 12 5 21910638
1 12 4 16099707
1 12 3 14696301
1 12 2 23838849
1 12 1 26041704
1 12 0 6211526
1 11 9 17923543
1 11 8 16434151
1 11 7 14190321
1 11 6 16322684
1 11 5 2919360
1 11 4 28565145
1 11 3 27147868
1 11 2 21688172
1 11 1 20250045
1 11 0 12369
1 10 10 25738968
1 10 9 28788809
1 10 8 14000466
1 10 7 1435660
1 10 6 20680860
1 10 5 23746363
1 10 4 23336999
1 10 3 15754869
1 10 2 29302522
1 10 1 22491582
1 10 0 31973689
1 9 10 21529914
1 9 9 12921484
1 9 8 32597656
1 9 7 22129801
1 9 6 21485315
1 9 5 33022210
1 9 4 11023059
1 9 3 20236019
1 9 2 25656896
1 9 1 16295642
1 9 0 4015737
1 8 10 31100033
1 8 9 20609642
1 8 8 20963190
1 8 7 22475219
1 8 6 2661780
1 8 5 6095657
1 8 4 29379434
1 8 3 14732728
1 8 2 29469191
1 8 1 6423900
1 8 0 31142774
1 7 10 19744916
1 7 9 24561711
1 7 8 2009486
1 7 7 18277641
1 7 6 22272582
1 7 5 32000412
1 7 4 21393514
1 7 3 16432697
1 7 2 6969133
1 7 1 24879369
1 7 0 28933808
1 6 10 13238383
1 6 9 12053430
1 6 8 32230493
1 6 7 19886693
1 6 6 22635500
1 6 5 31098192
1 6 4 4101372
1 6 3 32172699
1 6 2 33165883
1 6 1 27818371
1 6 0 23418116
1 5 10 18562258
1 5 9 22681288
1 5 8 13437116
1 5 7 11772823
1 5 6 8604492
1 5 5 20386259
1 5 4 25236954
1 5 3 31575836
1 5 2 10300793
1 5 1 12021211
1 5 0 4350305
1 4 10 6580964
1 4 9 26320040
1 4 8 16225922
1 4 7 3870475
1 4 6 9901608
1 4 5 3336710
1 4 4 17519093
1 4 3 19760022
1 4 2 27280008
1 4 1 25342690
1 4 0 20646661
1 3 10 33037636
1 3 9 28969442
1 3 8 13769488
1 3 7 32596862
1 3 6 23808655
1 3 5 21904312
1 3 4 15345698
1 3 3 26151078
1 3 2 22616925
1 3 1 8873184
1 3 0 8466518
1 2 10 30306718
1 2 9 20185119
1 2 8 20074941
1 2 7 23029965
1 2 6 7013134
1 2 5 20313338
1 2 4 9861188
1 2 3 612869
1 2 2 21189556
1 2 1 23267430
1 2 0 25880341
1 1 10 19323555
1 1 9 31614513
1 1 8 5987907
1 1 7 15979661
1 1 6 7172666
1 1 5 28842631
1 1 4 16497987
1 1 3 16456799
1 1 2 4609026
1 1 1 22580845
1 1 0 28328915
1 0 10 5233213
1 0 9 30714941
1 0 8 22110610
1 0 7 1519448
1 0 6 3284270
1 0 5 32574286
1 0 4 17764564
1 0 3 6716416
1 0 2 28258115
1 0 1 7069012
1 0 0 1943331
0 11 7 31236188
0 11 6 17874287
0 11 5 9050692
0 11 4 3330776
0 11 3 9574911
0 11 2 14292101
0 11 1 24884868
0 11 0 5695102
0 10 8 26599778
0 10 7 26351730
0 10 6 16943769
0 10 5 5850905
0 10 4 15982418
0 10 3 18691146
0 10 2 25127642
0 10 1 10345584
0 10 0 10140151
0 9 9 26599778
0 9 8 14636681
0 9 7 27541215
0 9 6 19855004
0 9 5 28017164
0 9 4 20973643
0 9 3 2715190
0 9 2 16213883
0 9 1 18712085
0 9 0 31906221
0 8 10 31236188
0 8 9 21715320
0 8 8 3259642
0 8 7 15524941
0 8 6 7619306
0 8 5 21986505
0 8 4 12210129
0 8 3 15702199
0 8 2 19129982
0 8 1 17374213
0 8 0 18847931
0 7 10 15556082
0 7 9 1935016
0 7 8 28789004
0 7 7 4965550
0 7 6 24522572
0 7 5 17613561
0 7 4 11159573
0 7 3 13017981
0 7 2 19928928
0 7 1 20727583
0 7 0 25412318
0 6 10 18323512
0 6 9 22098684
0 6 8 15265939
0 6 7 4158921
0 6 6 30092706
0 6 5 31411648
0 6 4 6084363
0 6 3 22533164
0 6 2 408908
0 6 1 30621770
0 6 0 7094366
0 5 10 29690549
0 5 9 27984538
0 5 8 24527718
0 5 7 5094834
0 5 6 1353593
0 5 5 2437597
0 5 4 1336122
0 5 3 9189225
0 5 2 23448366
0 5 1 6937815
0 5 0 4842054
0 4 10 2756517
0 4 9 8970813
0 4 8 2560486
0 4 7 11695417
0 4 6 28299772
0 4 5 18163465
0 4 4 29489478
0 4 3 2061735
0 4 2 4370307
0 4 1 3799590
0 4 0 10768853
0 3 10 19767177
0 3 9 16452321
0 3 8 4580557
0 3 7 29373312
0 3 6 461482
0 3 5 22976027
0 3 4 24241603
0 3 3 19054425
0 3 2 74363
0 3 1 8349173
0 3 0 13525683
0 2 10 12639769
0 2 9 20623405
0 2 8 26451573
0 2 7 24760007
0 2 6 27001407
0 2 5 21211514
0 2 4 9165321
0 2 3 31358119
0 2 2 29789633
0 2 1 30559409
0 2 0 23464751
0 1 10 12380546
0 1 9 8330745
0 1 8 10736615
0 1 7 4030828
0 1 6 23027668
0 1 5 15379178
0 1 4 13821798
0 1 3 26923251
0 1 2 24387924
0 1 1 23297319
0 1 0 27161163
0 0 10 12438368
0 0 9 7894176
0 0 8 9133157
0 0 7 19750911
0 0 6 10692039
0 0 5 30404575
0 0 4 1931806
0 0 3 23683013
0 0 2 19519093
0 0 1 10208277
0 0 0 4672096
# delta den 2175
21 4 0 4
21 3 1 8
21 3 0 20
21 2 2 4
21 2 1 28
21 2 0 36
21 1 2 8
21 1 1 32
21 1 0 28
21 0 2 4
21 0 1 12
21 0 0 8
20 5 0 33554381
20 4 1 33554353
20 4 0 104
20 3 2 33554349
20 3 1 164
20 3 0 712
20 2 3 33554377
20 2 2 28
20 2 1 908
20 2 0 1392
20 1 3 33554361
20 1 2 188
20 1 1 1164
20 1 0 1124
20 0 3 33554377
20 0 2 116
20 0 1 460
20 0 0 328
19 5 1 48
19 5 0 33553925
19 4 2 112
19 4 1 33553069
19 4 0 836
19 3 3 80
19 3 2 33553085
19 3 1 368
19 3 0 11668
19 2 4 16
19 2 3 33553973
19 2 2 33552765
19 2 1 13172
19 2 0 25308
19 1 4 32
19 1 3 33553313
19 1 2 1116
19 1 1 19704
19 1 0 21296
19 0 4 16
19 0 3 33553813
19 0 2 1324
19 0 1 8272
19 0 0 6352
18 7 0 32
18 6 1 64
18 6 0 160
18 5 2 33554377
18 5 1 2012
18 5 0 33546081
18 4 3 33554313
18 4 2 4012
18 4 1 33534773
18 4 0 33550249
18 3 4 33554377
18 3 3 2756
18 3 2 33537737
18 3 1 33529565
18 3 0 115824
18 2 5 16
18 2 4 628
18 2 3 33550397
18 2 2 33513989
18 2 1 109596
18 2 0 287488
18 1 5 32
18 1 4 1304
18 1 3 33537813
18 1 2 33539681
18 1 1 205520
18 1 0 253224
18 0 5 16
18 0 4 660
18 0 3 33544645
18 0 2 5008
18 0 1 92664
18 0 0 77264
17 8 0 33554369
17 7 1 33554217
17 7 0 1000
17 6 2 33554113
17 6 1 1432
17 6 0 5372
17 5 3 33554217
17 5 2 33552829
17 5 1 37776
17 5 0 33465253
17 4 4 33554257
17 4 3 33550941
17 4 2 66080
17 4 1 33386229
17 4 0 33398185
17 3 5 33554265
17 3 4 33553165
17 3 3 43168
17 3 2 33445325
17 3 1 33135289
17 3 0 766568
17 2 6 33554353
17 2 5 148
17 2 4 10436
17 2 3 33549797
17 2 2 33082389
17 2 1 533160
17 2 0 2286644
17 1 6 33554313
17 1 5 680
17 1 4 24012
17 1 3 33402769
17 1 2 33208049
17 1 1 1471920
17 1 0 2119492
17 0 6 33554353
17 0 5 404
17 0 4 12484
17 0 3 33453809
17 0 2 33503621
17 0 1 723988
17 0 0 662136
16 9 0 33554369
16 8 1 48
16 8 0 33553481
16 7 2 296
16 7 1 33548865
16 7 0 14220
16 6 3 352
16 6 2 33546353
16 6 1 10688
16 6 0 84288
16 5 4 248
16 5 3 33549749
16 5 2 33513877
16 5 1 426524
16 5 0 32912021
16 4 5 256
16 4 4 33550997
16 4 3 33488613
16 4 2 663332
16 4 1 32682421
16 4 0 31801409
16 3 6 152
16 3 5 33551237
16 3 4 33525241
16 3 3 405004
16 3 2 33314569
16 3 1 29848129
16 3 0 3456804
16 2 7 16
16 2 6 33553445
16 2 5 33551445
16 2 4 97484
16 2 3 276820
16 2 2 30048841
16 2 1 1006544
16 2 0 13523568
16 1 7 32
16 1 6 33552041
16 1 5 4596
16 1 4 267600
16 1 3 32655233
16 1 2 30068357
16 1 1 7614580
16 1 0 13275756
16 0 7 16
16 0 6 33553141
16 0 5 4132
16 0 4 144608
16 0 3 32844201
16 0 2 32638573
16 0 1 4184004
16 0 0 4250424
15 10 0 32
15 9 1 160
15 9 0 33553809
15 8 2 128
15 8 1 2216
15 8 0 33538741
15 7 3 32
15 7 2 9640
15 7 1 33474641
15 7 0 120816
15 6 4 160
15 6 3 11416
15 6 2 33449765
15 6 1 33537825
15 6 0 820716
15 5 5 80
15 5 4 8492
15 5 3 33502369
15 5 2 33005893
15 5 1 3260584
15 5 0 30301649
15 4 6 33554313
15 4 5 7852
15 4 4 33519957
15 4 3 32806589
15 4 2 4526996
15 4 1 31323105
15 4 0 21246229
15 3 7 33554377
15 3 6 4436
15 3 5 33521785
15 3 4 33185117
15 3 3 2509152
15 3 2 2221064
15 3 1 11635969
15 3 0 9887704
15 2 8 16
15 2 7 532
15 2 6 33545373
15 2 5 33483413
15 2 4 551340
15 2 3 3385752
15 2 2 15358437
15 2 1 27540905
15 2 0 28072451
15 1 8 32
15 1 7 1112
15 1 6 33522725
15 1 5 33541265
15 1 4 2031264
15 1 3 30135617
15 1 2 10655549
15 1 1 28975368
15 1 0 31026191
15 0 8 16
15 0 7 564
15 0 6 33536261
15 0 5 17472
15 0 4 1153416
15 0 3 29943413
15 0 2 26111213
15 0 1 18497064
15 0 0 21212000
14 10 1 33554265
14 10 0 928
14 9 2 33554041
14 9 1 4024
14 9 0 33548293
14 8 3 33553977
14 8 2 2264
14 8 1 41600
14 8 0 33391977
14 7 4 33553785
14 7 3 33553409
14 7 2 143756
14 7 1 32854961
14 7 0 672252
14 6 5 33553657
14 6 4 1480
14 6 3 168296
14 6 2 32745673
14 6 1 32579785
14 6 0 5553600
14 5 6 33554025
14 5 5 33553933
14 5 4 128216
14 5 3 33256189
14 5 2 28813817
14 5 1 17935976
14 5 0 21971933
14 4 7 33554281
14 4 6 33551037
14 4 5 108388
14 4 4 33401917
14 4 3 27821565
14 4 2 22123296
14 4 1 3957384
14 4 0 5037122
14 3 8 33554313
14 3 7 33553381
14 3 6 58544
14 3 5 33389733
14 3 4 30562025
14 3 3 10529416
14 3 2 26332892
14 3 1 6945483
14 3 0 9831092
14 2 9 33554377
14 2 8 220
14 2 7 7276
14 2 6 33518917
14 2 5 32856173
14 2 4 1717584
14 2 3 22742648
14 2 2 32228099
14 2 1 3709530
14 2 0 19871882
14 1 9 33554361
14 1 8 680
14 1 7 17140
14 1 6 33296225
14 1 5 33083369
14 1 4 11174424
14 1 3 27024485
14 1 2 24707468
14 1 1 12739126
14 1 0 15028785
14 0 9 33554377
14 0 8 380
14 0 7 8964
14 0 6 33393233
14 0 5 33508817
14 0 4 6743076
14 0 3 20077013
14 0 2 26452642
14 0 1 30191399
14 0 0 17196846
13 12 0 33554381
13 11 1 33554369
13 11 0 33554333
13 10 2 116
13 10 1 33550821
13 10 0 12368
13 9 3 160
13 9 2 33545321
13 9 1 45528
13 9 0 33520869
13 8 4 176
13 8 3 33543521
13 8 2 11144
13 8 1 448548
13 8 0 32407729
13 7 5 512
13 7 4 33539233
13 7 3 33515673
13 7 2 1304056
13 7 1 29401049
13 7 0 2478036
13 6 6 496
13 6 5 33537185
13 6 4 33535433
13 6 3 1499720
13 6 2 29498965
13 6 1 24120117
13 6 0 27710808
13 5 7 176
13 5 6 33546101
13 5 5 33515521
13 5 4 1145804
13 5 3 32958609
13 5 2 4848153
13 5 1 6259398
13 5 0 6656501
13 4 8 100
13 4 7 33552101
13 4 6 33497613
13 4 5 893076
13 4 4 169728
13 4 3 1941937
13 4 2 11917550
13 4 1 905746
13 4 0 30604144
13 3 9 56
13 3 8 33552737
13 3 7 33534841
13 3 6 461628
13 3 5 33382705
13 3 4 16645765
13 3 3 28275024
13 3 2 17156444
13 3 1 3340785
13 3 0 3394078
13 2 10 4
13 2 9 33554105
13 2 8 424
13 2 7 54324
13 2 6 74920
13 2 5 29364077
13 2 4 255532
13 2 3 4220885
13 2 2 15066522
13 2 1 19776542
13 2 0 29601178
13 1 10 8
13 1 9 33553649
13 1 8 6216
13 1 7 157256
13 1 6 32136665
13 1 5 29348657
13 1 4 12626215
13 1 3 10653096
13 1 2 2358540
13 1 1 11022044
13 1 0 9890245
13 0 10 4
13 0 9 33553993
13 0 8 4036
13 0 7 85848
13 0 6 32571365
13 0 5 32453057
13 0 4 29996148
13 0 3 30642106
13 0 2 2718217
13 0 1 4821399
13 0 0 2712240
12 13 0 4
12 12 1 56
12 12 0 33554113
12 11 2 100
12 11 1 33554061
12 11 0 33552917
12 10 3 176
12 10 2 3404
12 10 1 33508845
12 10 0 100400
12 9 4 496
12 9 3 5272
12 9 2 33447865
12 9 1 303060
12 9 0 33476589
12 8 5 512
12 8 4 6968
12 8 3 33426657
12 8 2 33489341
12 8 1 3191556
12 8 0 27692841
12 7 6 176
12 7 5 14392
12 7 4 33385201
12 7 3 33027937
12 7 2 8054084
12 7 1 15992477
12 7 0 5410540
12 6 7 160
12 6 6 13048
12 6 5 33374337
12 6 4 33106689
12 6 3 9042512
12 6 2 20328741
12 6 1 12558686
12 6 0 4894085
12 5 8 116
12 5 7 5204
12 5 6 33472857
12 5 5 33000253
12 5 4 6809788
12 5 3 4076904
12 5 2 6031316
12 5 1 25090254
12 5 0 8953965
12 4 9 33554369
12 4 8 2572
12 4 7 33535933
12 4 6 33008765
12 4 5 4892876
12 4 4 6532008
12 4 3 4054708
12 4 2 3143518
12 4 1 24145610
12 4 0 25702022
12 3 10 33554381
12 3 9 1248
12 3 8 33539697
12 3 7 33355757
12 3 6 2414340
12 3 5 3339564
12 3 4 30856531
12 3 3 31585376
12 3 2 22967051
12 3 1 27356626
12 3 0 16633237
12 2 10 72
12 2 9 33552385
12 2 8 33542813
12 2 7 235020
12 2 6 1717004
12 2 5 16540621
12 2 4 6715881
12 2 3 20929406
12 2 2 23560599
12 2 1 25935893
12 2 0 14407453
12 1 10 180
12 1 9 33546537
12 1 8 30636
12 1 7 967048
12 1 6 28047605
12 1 5 10673377
12 1 4 12153840
12 1 3 33364077
12 1 2 26702671
12 1 1 27354786
12 1 0 16823225
12 0 10 96
12 0 9 33549817
12 0 8 25064
12 0 7 556896
12 0 6 29196161
12 0 5 25773633
12 0 4 3289917
12 0 3 1051714
12 0 2 16677484
12 0 1 30310618
12 0 0 8499563
11 13 1 33554377
11 13 0 92
11 12 2 33554313
11 12 1 1220
11 12 0 33551433
11 11 3 33554281
11 11 2 1972
11 11 1 33553681
11 11 0 33537845
11 10 4 33554025
11 10 3 3404
11 10 2 44544
11 10 1 33202877
11 10 0 554608
11 9 5 33553657
11 9 4 9016
11 9 3 73368
11 9 2 32801229
11 9 1 1292048
11 9 0 229364
11 8 6 33553785
11 8 5 8408
11 8 4 104016
11 8 3 32662381
11 8 2 32309933
11 8 1 16100684
11 8 0 11054881
11 7 7 33553977
11 7 6 1608
11 7 5 178224
11 7 4 32442049
11 7 3 29427505
11 7 2 2327291
11 7 1 13224570
11 7 0 1584692
11 6 8 33554041
11 6 7 1480
11 6 6 152752
11 6 5 32451009
11 6 4 29532113
11 6 3 5500579
11 6 2 9490137
11 6 1 13351787
11 6 0 11486887
11 5 9 33554265
11 5 8 1304
11 5 7 64536
11 5 6 33104621
11 5 5 29289617
11 5 4 28502756
11 5 3 8288863
11 5 2 1212089
11 5 1 22101593
11 5 0 27509146
11 4 9 33553609
11 4 8 28560
11 4 7 33493749
11 4 6 30139629
11 4 5 18702220
11 4 4 11365955
11 4 3 27286601
11 4 2 22947506
11 4 1 31907792
11 4 0 16518391
11 3 10 33554129
11 3 9 12464
11 3 8 33483841
11 3 7 32283593
11 3 6 8750148
11 3 5 26626928
11 3 4 18948299
11 3 3 28826316
11 3 2 18905329
11 3 1 19873341
11 3 0 20583280
11 2 10 520
11 2 9 33549417
11 2 8 33433577
11 2 7 490828
11 2 6 10690796
11 2 5 19028062
11 2 4 12759209
11 2 3 13504833
11 2 2 16522838
11 2 1 3795087
11 2 0 6642404
11 1 10 1832
11 1 9 33504553
11 1 8 75632
11 1 7 4240592
11 1 6 18175737
11 1 5 12959723
11 1 4 23795558
11 1 3 28808968
11 1 2 32845851
11 1 1 32762253
11 1 0 29957444
11 0 10 1048
11 0 9 33522649
11 0 8 98992
11 0 7 2602248
11 0 6 19049545
11 0 5 32418450
11 0 4 16382360
11 0 3 16467110
11 0 2 6778883
11 0 1 24448023
11 0 0 38866
10 13 2 16
10 13 1 33554053
10 13 0 956
10 12 3 33554377
10 12 2 33552725
10 12 1 11972
10 12 0 33535641
10 11 4 33554313
10 11 3 33551789
10 11 2 16852
10 11 1 16388
10 11 0 33442469
10 10 5 80
10 10 4 33546461
10 10 3 28148
10 10 2 345668
10 10 1 31721597
10 10 0 2205744
10 9 6 160
10 9 5 33539681
10 9 4 70048
10 9 3 589012
10 9 2 29987713
10 9 1 3511140
10 9 0 2761116
10 8 7 32
10 8 6 33542177
10 8 5 54824
10 8 4 858092
10 8 3 29442261
10 8 2 24887261
10 8 1 26449763
10 8 0 828530
10 7 8 128
10 7 7 33546193
10 7 6 33546705
10 7 5 1299624
10 7 4 28807065
10 7 3 11992317
10 7 2 18401409
10 7 1 15554512
10 7 0 29439182
10 6 9 160
10 6 8 33548177
10 6 7 33549521
10 6 6 1057176
10 6 5 29234201
10 6 4 11548829
10 6 3 23879585
10 6 2 5044188
10 6 1 334656
10 6 0 29933219
10 5 10 32
10 5 9 33552281
10 5 8 2144
10 5 7 457852
10 5 6 32114561
10 5 5 12137661
10 5 4 19198966
10 5 3 32037079
10 5 2 33047739
10 5 1 16226722
10 5 0 29098473
10 4 10 64
10 4 9 33544489
10 4 8 183052
10 4 7 98668
10 4 6 18631429
10 4 5 16931731
10 4 4 19191375
10 4 3 16060586
10 4 2 1475323
10 4 1 24305671
10 4 0 31437257
10 3 10 33551801
10 3 9 73744
10 3 8 33378609
10 3 7 27979837
10 3 6 22065384
10 3 5 13206881
10 3 4 31252136
10 3 3 22639865
10 3 2 26693741
10 3 1 21682668
10 3 0 8211595
10 2 10 1640
10 2 9 18800
10 2 8 32940821
10 2 7 32994669
10 2 6 7455275
10 2 5 8947255
10 2 4 8300044
10 2 3 4090414
10 2 2 25968617
10 2 1 14308418
10 2 0 33438995
10 1 10 11152
10 1 9 33342665
10 1 8 33537897
10 1 7 13738056
10 1 6 3182585
10 1 5 17974552
10 1 4 12294484
10 1 3 33533206
10 1 2 15531951
10 1 1 867565
10 1 0 854256
10 0 10 6888
10 0 9 33405241
10 0 8 246728
10 0 7 9079048
10 0 6 30223338
10 0 5 22990308
10 0 4 18177818
10 0 3 27287897
10 0 2 32405639
10 0 1 27835364
10 0 0 5983054
9 13 3 16
9 13 2 324
9 13 1 33551153
9 13 0 5932
9 12 4 152
9 12 3 33554317
9 12 2 33538877
9 12 1 69908
9 12 0 33475057
9 11 5 256
9 11 4 33553821
9 11 3 33528185
9 11 2 80404
9 11 1 175312
9 11 0 33045005
9 10 6 248
9 10 5 2660
9 10 4 33478853
9 10 3 126156
9 10 2 1779520
9 10 1 26731173
9 10 0 6515984
9 9 7 352
9 9 6 4456
9 9 5 33423233
9 9 4 291012
9 9 3 3088576
9 9 2 21661061
9 9 1 5059032
9 9 0 12474316
9 8 8 296
9 8 7 2456
9 8 6 33446753
9 8 5 147660
9 8 4 4525820
9 8 3 20462621
9 8 2 29607534
9 8 1 1430807
9 8 0 16095269
9 7 9 48
9 7 8 3184
9 7 7 33484377
9 7 6 33359937
9 7 5 6256200
9 7 4 20023925
9 7 3 20442123
9 7 2 30813220
9 7 1 26177430
9 7 0 2798097
9 6 10 33554369
9 6 9 2880
9 6 8 33506317
9 6 7 33411921
9 6 6 4830416
9 6 5 22710117
9 6 4 17965875
9 6 3 28737052
9 6 2 18211683
9 6 1 20063491
9 6 0 23407220
9 5 10 528
9 5 9 33539137
9 5 8 33510529
9 5 7 2100168
9 5 6 31491549
9 5 5 24902995
9 5 4 22037883
9 5 3 33005294
9 5 2 14078826
9 5 1 8219739
9 5 0 11899016
9 4 10 1116
9 4 9 33485097
9 4 8 756312
9 4 7 1867396
9 4 6 19786874
9 4 5 26289086
9 4 4 10434480
9 4 3 27268884
9 4 2 31080957
9 4 1 13613262
9 4 0 27652811
9 3 10 33539369
9 3 9 287480
9 3 8 33512209
9 3 7 16007625
9 3 6 3141747
9 3 5 30650975
9 3 4 13310427
9 3 3 19493166
9 3 2 8206897
9 3 1 22846383
9 3 0 14038225
9 2 10 33553629
9 2 9 205664
9 2 8 31599805
9 2 7 25698461
9 2 6 9715101
9 2 5 3054523
9 2 4 31373179
9 2 3 6443731
9 2 2 30509417
9 2 1 25600125
9 2 0 23244269
9 1 10 45224
9 1 9 32919321
9 1 8 32707961
9 1 7 33548944
9 1 6 28248442
9 1 5 23204689
9 1 4 21940311
9 1 3 31682600
9 1 2 8982081
9 1 1 31116300
9 1 0 27693185
9 0 10 30400
9 0 9 33052345
9 0 8 316760
9 0 7 24161232
9 0 6 28466739
9 0 5 32679909
9 0 4 13379020
9 0 3 24647199
9 0 2 6203611
9 0 1 6082190
9 0 0 5117559
8 13 4 33554353
8 13 3 236
8 13 2 2904
8 13 1 33536125
8 13 0 24468
8 12 5 33554265
8 12 4 2252
8 12 3 1084
8 12 2 33469437
8 12 1 270244
8 12 0 33317993
8 11 6 33554257
8 11 5 3676
8 11 4 2408
8 11 3 33402469
8 11 2 224612
8 11 1 907428
8 11 0 31907501
8 10 7 33554217
8 10 6 3452
8 10 5 31324
8 10 4 33134981
8 10 3 303324
8 10 2 6427812
8 10 1 14871285
8 10 0 14535824
8 9 8 33554113
8 9 7 4552
8 9 6 47912
8 9 5 32868677
8 9 4 604576
8 9 3 11255644
8 9 2 5034289
8 9 1 31313693
8 9 0 2713259
8 8 9 33554217
8 8 8 3512
8 8 7 32536
8 8 6 33006653
8 8 5 33388573
8 8 4 16376660
8 8 3 4501221
8 8 2 21065552
8 8 1 30077642
8 8 0 31060433
8 7 10 33554369
8 7 9 320
8 7 8 30940
8 7 7 33213009
8 7 6 32159825
8 7 5 21036980
8 7 4 8736613
8 7 3 14943139
8 7 2 2421459
8 7 1 10473720
8 7 0 17163677
8 6 10 33553961
8 6 9 22840
8 6 8 33341681
8 6 7 32548969
8 6 6 15370388
8 6 5 18323693
8 6 4 10229667
8 6 3 26664621
8 6 2 19806745
8 6 1 12751848
8 6 0 33438317
8 5 10 3844
8 5 9 33491641
8 5 8 33182569
8 5 7 6608940
8 5 6 3328900
8 5 5 5332486
8 5 4 27164880
8 5 3 2300488
8 5 2 32432772
8 5 1 12045962
8 5 0 3246398
8 4 10 8696
8 4 9 33245729
8 4 8 2112388
8 4 7 9135508
8 4 6 23111348
8 4 5 1569381
8 4 4 11655873
8 4 3 6792955
8 4 2 20169826
8 4 1 24677600
8 4 0 1899825
8 3 10 33497165
8 3 9 775552
8 3 8 1318908
8 3 7 26513382
8 3 6 30425908
8 3 5 6410531
8 3 4 14679271
8 3 3 17974275
8 3 2 23820953
8 3 1 28715592
8 3 0 11830924
8 2 10 33526353
8 2 9 866720
8 2 8 29407693
8 2 7 3801549
8 2 6 16561226
8 2 5 25967864
8 2 4 5879289
8 2 3 16573859
8 2 2 19444272
8 2 1 25573539
8 2 0 26836092
8 1 10 128744
8 1 9 32173673
8 1 8 30150705
8 1 7 28798167
8 1 6 14189633
8 1 5 13673072
8 1 4 120600
8 1 3 23257735
8 1 2 4025400
8 1 1 7022214
8 1 0 4652684
8 0 10 95112
8 0 9 32306073
8 0 8 33371961
8 0 7 16065271
8 0 6 25653368
8 0 5 44715
8 0 4 7583979
8 0 3 14742529
8 0 2 14687531
8 0 1 15792576
8 0 0 31113606
7 13 5 16
7 13 4 33553813
7 13 3 1496
7 13 2 15172
7 13 1 33486713
7 13 0 70644
7 12 6 33554377
7 12 5 33552533
7 12 4 14468
7 12 3 12972
7 12 2 33250381
7 12 1 727692
7 12 0 33044777
7 11 7 33554313
7 11 6 33552125
7 11 5 22384
7 11 4 44340
7 11 3 32988609
7 11 2 314964
7 11 1 2986776
7 11 0 29664077
7 10 8 33554377
7 10 7 33551549
7 10 6 19628
7 10 5 194620
7 10 4 32048325
7 10 3 194588
7 10 2 16773296
7 10 1 28935870
7 10 0 24641200
7 9 9 64
7 9 8 33550601
7 9 7 24328
7 9 6 280292
7 9 5 31230057
7 9 4 33530293
7 9 3 29444552
7 9 2 17966310
7 9 1 2719673
7 9 0 8154898
7 8 10 32
7 8 9 33552185
7 8 8 16916
7 8 7 204700
7 8 6 31777669
7 8 5 30847653
7 8 4 8583287
7 8 3 23570246
7 8 2 19635692
7 8 1 3919002
7 8 0 25556200
7 7 10 33554121
7 7 9 33553905
7 7 8 164648
7 7 7 32507457
7 7 6 27836581
7 7 5 17280095
7 7 4 10437029
7 7 3 17871910
7 7 2 25881580
7 7 1 29182437
7 7 0 21755275
7 6 10 33551037
7 6 9 105232
7 6 8 32968069
7 6 7 29550645
7 6 6 1367031
7 6 5 33111957
7 6 4 18286110
7 6 3 22039992
7 6 2 30278851
7 6 1 23362066
7 6 0 23631951
7 5 10 16192
7 5 9 33395577
7 5 8 32034721
7 5 7 14667520
7 5 6 25419512
7 5 5 25259236
7 5 4 27923608
7 5 3 30163100
7 5 2 25639406
7 5 1 12290609
7 5 0 1138523
7 4 10 39856
7 4 9 32617833
7 4 8 4025180
7 4 7 26850424
7 4 6 6811334
7 4 5 8059896
7 4 4 28311795
7 4 3 14867480
7 4 2 30502107
7 4 1 3627624
7 4 0 28891365
7 3 10 33403713
7 3 9 1475704
7 3 8 5210048
7 3 7 30961171
7 3 6 10072169
7 3 5 356774
7 3 4 7065599
7 3 3 22926729
7 3 2 1034772
7 3 1 24019758
7 3 0 6051425
7 2 10 33430125
7 2 9 2283616
7 2 8 27786877
7 2 7 30871443
7 2 6 17961635
7 2 5 20826951
7 2 4 3611307
7 2 3 22402247
7 2 2 12182192
7 2 1 8910592
7 2 0 31281890
7 1 10 263992
7 1 9 31358921
7 1 8 25587113
7 1 7 21175014
7 1 6 4674811
7 1 5 25180613
7 1 4 16273953
7 1 3 25008387
7 1 2 3613269
7 1 1 7042786
7 1 0 20144073
7 0 10 216968
7 0 9 31225305
7 0 8 31750105
7 0 7 11861042
7 0 6 10343816
7 0 5 6289958
7 0 4 4418950
7 0 3 8208472
7 0 2 32506133
7 0 1 8691513
7 0 0 20594711
6 13 6 16
6 13 5 228
6 13 4 33550761
6 13 3 5292
6 13 2 51160
6 13 1 33381485
6 13 0 146324
6 12 7 80
6 12 6 20
6 12 5 33542845
6 12 4 52604
6 12 3 63092
6 12 2 32808517
6 12 1 1397548
6 12 0 32751129
6 11 8 112
6 11 7 33553941
6 11 6 33539025
6 11 5 74476
6 11 4 235936
6 11 3 32131197
6 11 2 33456901
6 11 1 6764252
6 11 0 26757917
6 10 9 48
6 10 8 236
6 10 7 33535669
6 10 6 56604
6 10 5 736460
6 10 4 29892149
6 10 3 32422565
6 10 2 32022524
6 10 1 8719998
6 10 0 31667824
6 9 9 864
6 9 8 33532365
6 9 7 66396
6 9 6 1014336
6 9 5 28226525
6 9 4 29664061
6 9 3 22529547
6 9 2 7913002
6 9 1 18677103
6 9 0 14651645
6 8 10 384
6 8 9 33542417
6 8 8 39060
6 8 7 758772
6 8 6 29746853
6 8 5 23277669
6 8 4 11165394
6 8 3 28700622
6 8 2 30855209
6 8 1 3107861
6 8 0 30639925
6 7 10 33553109
6 7 9 33542489
6 7 8 544596
6 7 7 31477565
6 7 6 18217517
6 7 5 22102426
6 7 4 12488700
6 7 3 5515441
6 7 2 25928366
6 7 1 26560869
6 7 0 11550630
6 6 10 33539537
6 6 9 312048
6 6 8 32542685
6 6 7 23157125
6 6 6 23418331
6 6 5 16057819
6 6 4 28759545
6 6 3 26375930
6 6 2 28916294
6 6 1 20230484
6 6 0 33403490
6 5 10 43440
6 5 9 33311225
6 5 8 29662661
6 5 7 23092344
6 5 6 1405014
6 5 5 27262801
6 5 4 13260193
6 5 3 28563943
6 5 2 27504906
6 5 1 7938464
6 5 0 29859514
6 4 10 118944
6 4 9 31552145
6 4 8 5050704
6 4 7 20300391
6 4 6 15711328
6 4 5 1720142
6 4 4 24869333
6 4 3 18847298
6 4 2 7179843
6 4 1 25823835
6 4 0 20618707
6 3 10 33274013
6 3 9 1970832
6 3 8 11295508
6 3 7 12066675
6 3 6 15659336
6 3 5 8281367
6 3 4 22219251
6 3 3 25406702
6 3 2 29176342
6 3 1 17758633
6 3 0 13623058
6 2 10 33239753
6 2 9 4157632
6 2 8 29012393
6 2 7 19878212
6 2 6 12553454
6 2 5 6353036
6 2 4 885900
6 2 3 19993509
6 2 2 16802767
6 2 1 32557848
6 2 0 6301467
6 1 10 393360
6 1 9 31016521
6 1 8 20874785
6 1 7 27404914
6 1 6 8082285
6 1 5 7080061
6 1 4 5006080
6 1 3 14293726
6 1 2 14587729
6 1 1 143366
6 1 0 14314344
6 0 10 365304
6 0 9 30277641
6 0 8 29264949
6 0 7 30031586
6 0 6 29985332
6 0 5 11339913
6 0 4 20800057
6 0 3 2042832
6 0 2 23587645
6 0 1 19386598
6 0 0 22629676
5 13 7 33554377
5 13 6 140
5 13 5 1352
5 13 4 33541597
5 13 3 11312
5 13 2 116300
5 13 1 33243729
5 13 0 218980
5 12 8 33554349
5 12 7 668
5 12 6 1100
5 12 5 33514501
5 12 4 118448
5 12 3 177308
5 12 2 32275541
5 12 1 1925596
5 12 0 32630701
5 11 9 33554353
5 11 8 904
5 11 7 33554361
5 11 6 33498261
5 11 5 144160
5 11 4 694024
5 11 3 31088393
5 11 2 32183317
5 11 1 10836472
5 11 0 24775313
5 10 10 33554381
5 10 9 352
5 10 8 3092
5 10 7 33488013
5 10 6 76504
5 10 5 1806256
5 10 4 27427709
5 10 3 29364189
5 10 2 11161539
5 10 1 702442
5 10 0 30509408
5 9 10 33554369
5 9 9 4832
5 9 8 33483193
5 9 7 84384
5 9 6 2401404
5 9 5 25207593
5 9 4 21629209
5 9 3 10702014
5 9 2 21302710
5 9 1 3710820
5 9 0 30717613
5 8 10 1968
5 8 9 33518009
5 8 8 27564
5 8 7 1798548
5 8 6 28193149
5 8 5 11025321
5 8 4 4260177
5 8 3 28108125
5 8 2 13804323
5 8 1 10041938
5 8 0 3986418
5 7 10 33551225
5 7 9 33500369
5 7 8 1182360
5 7 7 30965033
5 7 6 5363205
5 7 5 12592573
5 7 4 10577950
5 7 3 29032609
5 7 2 25341848
5 7 1 30347688
5 7 0 16607982
5 6 10 33512957
5 6 9 621888
5 6 8 32572913
5 6 7 15063917
5 6 6 32361799
5 6 5 19163181
5 6 4 22451207
5 6 3 2777450
5 6 2 19902184
5 6 1 12905386
5 6 0 10464925
5 5 10 76824
5 5 9 33373073
5 5 8 26848577
5 5 7 25391288
5 5 6 13336037
5 5 5 23959346
5 5 4 30876522
5 5 3 32713499
5 5 2 10345570
5 5 1 1177445
5 5 0 2152350
5 4 10 241428
5 4 9 30499817
5 4 8 3578524
5 4 7 9476742
5 4 6 29220308
5 4 5 28430121
5 4 4 28812998
5 4 3 2839513
5 4 2 11346702
5 4 1 18114193
5 4 0 26757318
5 3 10 33184745
5 3 9 1781360
5 3 8 16157312
5 3 7 18602667
5 3 6 3762126
5 3 5 18145243
5 3 4 22977668
5 3 3 8453897
5 3 2 5620457
5 3 1 16905470
5 3 0 16490373
5 2 10 33026305
5 2 9 5397824
5 2 8 33366221
5 2 7 32491221
5 2 6 6072880
5 2 5 20124327
5 2 4 11193220
5 2 3 27446853
5 2 2 10920373
5 2 1 22687551
5 2 0 23372427
5 1 10 423760
5 1 9 31473153
5 1 8 19265649
5 1 7 8053302
5 1 6 10362500
5 1 5 18100077
5 1 4 15524709
5 1 3 7836841
5 1 2 2762190
5 1 1 22351447
5 1 0 15468711
5 0 10 453884
5 0 9 30094857
5 0 8 27389725
5 0 7 24331910
5 0 6 6352326
5 0 5 17641030
5 0 4 8003527
5 0 3 29125127
5 0 2 31816123
5 0 1 18641572
5 0 0 12264518
4 13 8 4
4 13 7 33554269
4 13 6 488
4 13 5 4316
4 13 4 33526717
4 13 3 14660
4 13 2 180408
4 13 1 33162069
4 13 0 234904
4 12 9 8
4 12 8 33554069
4 12 7 2228
4 12 6 5564
4 12 5 33470725
4 12 4 169652
4 12 3 314212
4 12 2 32024005
4 12 1 1885396
4 12 0 32791201
4 11 10 4
4 11 9 33554105
4 11 8 2908
4 11 7 5332
4 11 6 33432525
4 11 5 154768
4 11 4 1270724
4 11 3 30617805
4 11 2 30640993
4 11 1 12301000
4 11 0 25275257
4 10 10 33554305
4 10 9 960
4 10 8 13092
4 10 7 33415101
4 10 6 33551625
4 10 5 2934584
4 10 4 26549197
4 10 3 26158237
4 10 2 11522679
4 10 1 11964370
4 10 0 21551616
4 9 10 33554193
4 9 9 14480
4 9 8 33415221
4 9 7 33545189
4 9 6 3789032
4 9 5 24750953
4 9 4 13748661
4 9 3 10502714
4 9 2 17439953
4 9 1 27848101
4 9 0 9527973
4 8 10 5544
4 8 9 33487265
4 8 8 33480509
4 8 7 2805004
4 8 6 28878377
4 8 5 1505265
4 8 4 32796738
4 8 3 770307
4 8 2 3993893
4 8 1 31971713
4 8 0 878630
4 7 10 33550349
4 7 9 33426137
4 7 8 1713048
4 7 7 31811197
4 7 6 31240462
4 7 5 1373965
4 7 4 27215589
4 7 3 14239281
4 7 2 20719150
4 7 1 24597960
4 7 0 6310822
4 6 10 33478769
4 6 9 842184
4 6 8 33342557
4 6 7 10786341
4 6 6 18578111
4 6 5 25741916
4 6 4 611206
4 6 3 17630364
4 6 2 14315266
4 6 1 27566786
4 6 0 28107187
4 5 10 89220
4 5 9 57648
4 5 8 25642733
4 5 7 18591928
4 5 6 27095897
4 5 5 19427234
4 5 4 17056095
4 5 3 30203589
4 5 2 27489900
4 5 1 5885929
4 5 0 23050917
4 4 10 337392
4 4 9 30243945
4 4 8 208424
4 4 7 10447134
4 4 6 9168217
4 4 5 6883322
4 4 4 27521835
4 4 3 2414213
4 4 2 16319585
4 4 1 18414319
4 4 0 32068416
4 3 10 33214657
4 3 9 975744
4 3 8 15863932
4 3 7 13609514
4 3 6 33437631
4 3 5 4534343
4 3 4 7401694
4 3 3 23106086
4 3 2 2172759
4 3 1 21080836
4 3 0 7093998
4 2 10 32944905
4 2 9 5008504
4 2 8 4137336
4 2 7 18480324
4 2 6 15087684
4 2 5 4394210
4 2 4 2666271
4 2 3 26619138
4 2 2 26290878
4 2 1 27055648
4 2 0 7290431
4 1 10 323492
4 1 9 32410553
4 1 8 22123381
4 1 7 9426671
4 1 6 22803489
4 1 5 20500633
4 1 4 12311653
4 1 3 24214581
4 1 2 16968841
4 1 1 11955481
4 1 0 10893268
4 0 10 411000
4 0 9 30855801
4 0 8 27579633
4 0 7 31053575
4 0 6 12975553
4 0 5 29370583
4 0 4 22216234
4 0 3 25437852
4 0 2 11145698
4 0 1 17973144
4 0 0 26808444
3 13 8 24
3 13 7 33554017
3 13 6 860
3 13 5 8000
3 13 4 33516841
3 13 3 10648
3 13 2 188444
3 13 1 33213305
3 13 0 176096
3 12 9 48
3 12 8 33553461
3 12 7 3764
3 12 6 12740
3 12 5 33445489
3 12 4 152340
3 12 3 357060
3 12 2 32303493
3 12 1 1276288
3 12 0 33115641
3 11 10 24
3 11 9 33553585
3 11 8 4720
3 11 7 16264
3 11 6 33392601
3 11 5 64392
3 11 4 1485552
3 11 3 31209073
3 11 2 30177889
3 11 1 9695360
3 11 0 28014809
3 10 10 33554141
3 10 9 1120
3 10 8 27644
3 10 7 33377025
3 10 6 33390229
3 10 5 3133904
3 10 4 28244445
3 10 3 25666433
3 10 2 31853248
3 10 1 1233241
3 10 0 10743296
3 9 10 33553745
3 9 9 25088
3 9 8 33386977
3 9 7 33370633
3 9 6 3946208
3 9 5 27592409
3 9 4 13049153
3 9 3 20456503
3 9 2 6899896
3 9 1 31836964
3 9 0 32607527
3 8 10 9216
3 8 9 33478121
3 8 8 33340449
3 8 7 2862088
3 8 6 31520417
3 8 5 3466937
3 8 4 31679135
3 8 3 15209839
3 8 2 31353497
3 8 1 4750200
3 8 0 14995467
3 7 10 33552689
3 7 9 33373481
3 7 8 1635560
3 7 7 33439721
3 7 6 2474321
3 7 5 29142551
3 7 4 20384941
3 7 3 16919605
3 7 2 25780638
3 7 1 16286704
3 7 0 11760364
3 6 10 33464081
3 6 9 763344
3 6 8 699192
3 6 7 14447657
3 6 6 25915784
3 6 5 1755916
3 6 4 29175355
3 6 3 3350676
3 6 2 21259378
3 6 1 9496533
3 6 0 19428945
3 5 10 65064
3 5 9 274880
3 5 8 27254105
3 5 7 8006024
3 5 6 29944530
3 5 5 23731656
3 5 4 14745058
3 5 3 21696688
3 5 2 18221201
3 5 1 1618857
3 5 0 15604469
3 4 10 320352
3 4 9 31064601
3 4 8 31286901
3 4 7 21269579
3 4 6 32749503
3 4 5 30247067
3 4 4 6663822
3 4 3 15133185
3 4 2 26231615
3 4 1 24299185
3 4 0 4723908
3 3 10 33345449
3 3 9 190040
3 3 8 10599656
3 3 7 10656257
3 3 6 32315301
3 3 5 31055029
3 3 4 6418092
3 3 3 3909499
3 3 2 11360607
3 3 1 1111288
3 3 0 28477012
3 2 10 33073501
3 2 9 3254224
3 2 8 5134572
3 2 7 30613811
3 2 6 16350915
3 2 5 7097595
3 2 4 13366632
3 2 3 32546041
3 2 2 13965395
3 2 1 8549050
3 2 0 9459358
3 1 10 167968
3 1 9 33190297
3 1 8 27210489
3 1 7 16671744
3 1 6 3697838
3 1 5 8282927
3 1 4 28078543
3 1 3 30595858
3 1 2 11942088
3 1 1 24730472
3 1 0 30139766
3 0 10 263648
3 0 9 32045913
3 0 8 29603705
3 0 7 33140736
3 0 6 32940857
3 0 5 7175663
3 0 4 8396451
3 0 3 32534640
3 0 2 14712923
3 0 1 1779667
3 0 0 20759035
2 13 8 52
2 13 7 33553837
2 13 6 800
2 13 5 8600
2 13 4 33523229
2 13 3 3060
2 13 2 126760
2 13 1 33360057
2 13 0 87552
2 12 9 104
2 12 8 33553085
2 12 7 3356
2 12 6 15296
2 12 5 33468585
2 12 4 80628
2 12 3 252620
2 12 2 32890305
2 12 1 565280
2 12 0 33389081
2 11 10 52
2 11 9 33553289
2 11 8 4012
2 11 7 21736
2 11 6 33425749
2 11 5 33519161
2 11 4 1080436
2 11 3 32366305
2 11 2 31219785
2 11 1 5049984
2 11 0 31064345
2 10 10 33554041
2 10 9 336
2 10 8 31584
2 10 7 33420713
2 10 6 33318073
2 10 5 2111280
2 10 4 31057273
2 10 3 28387017
2 10 2 14920576
2 10 1 20967321
2 10 0 3536640
2 9 10 33553377
2 9 9 25136
2 9 8 33434137
2 9 7 33301729
2 9 6 2600440
2 9 5 31229945
2 9 4 20329161
2 9 3 24771624
2 9 2 11105872
2 9 1 17830578
2 9 0 26924544
2 8 10 9000
2 8 9 33502873
2 8 8 33312633
2 8 7 1833656
2 8 6 124248
2 8 5 15527913
2 8 4 27318928
2 8 3 33484408
2 8 2 20722356
2 8 1 26115278
2 8 0 9600857
2 7 10 1776
2 7 9 33401961
2 7 8 982384
2 7 7 773424
2 7 6 16063881
2 7 5 24376112
2 7 4 3125214
2 7 3 30260582
2 7 2 25606585
2 7 1 7019217
2 7 0 25051837
2 6 10 33486401
2 6 9 441744
2 6 8 902808
2 6 7 23132281
2 6 6 6400280
2 6 5 6237982
2 6 4 9024076
2 6 3 27767460
2 6 2 19391917
2 6 1 19797601
2 6 0 20080423
2 5 10 26392
2 5 9 273808
2 5 8 30328613
2 5 7 1183940
2 5 6 14494831
2 5 5 13770707
2 5 4 30648162
2 5 3 25744422
2 5 2 31540602
2 5 1 6623675
2 5 0 15754925
2 4 10 197624
2 4 9 32320049
2 4 8 31306453
2 4 7 25734668
2 4 6 18316833
2 4 5 8288285
2 4 4 2944205
2 4 3 13085613
2 4 2 13585020
2 4 1 4662719
2 4 0 19948608
2 3 10 33475381
2 3 9 33433817
2 3 8 4596484
2 3 7 28079905
2 3 6 8235142
2 3 5 25193829
2 3 4 27683679
2 3 3 4756643
2 3 2 25168023
2 3 1 23825217
2 3 0 17723127
2 2 10 33305713
2 2 9 1408928
2 2 8 3197448
2 2 7 5053257
2 2 6 6713960
2 2 5 8257155
2 2 4 20031054
2 2 3 23976963
2 2 2 27388169
2 2 1 2365056
2 2 0 33364758
2 1 10 54880
2 1 9 33523417
2 1 8 31240697
2 1 7 3908352
2 1 6 26502816
2 1 5 4638514
2 1 4 15692651
2 1 3 22065720
2 1 2 10555865
2 1 1 32546220
2 1 0 21592554
2 0 10 113472
2 0 9 32983001
2 0 8 31836761
2 0 7 11644992
2 0 6 2880576
2 0 5 25291275
2 0 4 8071975
2 0 3 13014275
2 0 2 6425149
2 0 1 18227300
2 0 0 18278517
1 13 8 48
1 13 7 33553993
1 13 6 368
1 13 5 4960
1 13 4 33539945
1 13 3 33553673
1 13 2 49552
1 13 1 33489113
1 13 0 25920
1 12 9 96
1 12 8 33553497
1 12 7 1472
1 12 6 9360
1 12 5 33516985
1 12 4 21600
1 12 3 101312
1 12 2 33348649
1 12 1 146496
1 12 0 33518105
1 11 10 48
1 11 9 33553657
1 11 8 1648
1 11 7 14016
1 11 6 33498249
1 11 5 33506297
1 11 4 445840
1 11 3 33214809
1 11 2 32648057
1 11 1 1563264
1 11 0 32880473
1 10 10 33554153
1 10 9 33554073
1 10 8 18672
1 10 7 33500025
1 10 6 33408265
1 10 5 811776
1 10 4 32920937
1 10 3 31634169
1 10 2 4144960
1 10 1 30656345
1 10 0 677376
1 9 10 33553625
1 9 9 13504
1 9 8 33507577
1 9 7 33402937
1 9 6 980128
1 9 5 33170521
1 9 4 28674105
1 9 3 6686560
1 9 2 5239136
1 9 1 19445465
1 9 0 6652800
1 8 10 4768
1 8 9 33535769
1 8 8 33420729
1 8 7 666560
1 8 6 515776
1 8 5 27305881
1 8 4 6422880
1 8 3 12221120
1 8 2 5078969
1 8 1 18815616
1 8 0 29783897
1 7 10 2336
1 7 9 33483481
1 7 8 333664
1 7 7 554112
1 7 6 27800761
1 7 5 5148928
1 7 4 23311520
1 7 3 25265458
1 7 2 20690905
1 7 1 29518375
1 7 0 1662425
1 6 10 33525145
1 6 9 146816
1 6 8 474816
1 6 7 30228953
1 6 6 33474009
1 6 5 22990464
1 6 4 7144345
1 6 3 28280498
1 6 2 21026574
1 6 1 19161778
1 6 0 4872960
1 5 10 3968
1 5 9 128448
1 5 8 32602121
1 5 7 33095689
1 5 6 13995120
1 5 5 15908473
1 5 4 15810626
1 5 3 8302565
1 5 2 16480272
1 5 1 21762877
1 5 0 9681806
1 4 10 71456
1 4 9 33192249
1 4 8 32568249
1 4 7 7207168
1 4 6 33266761
1 4 5 22935570
1 4 4 10130727
1 4 3 10645582
1 4 2 927412
1 4 1 2361703
1 4 0 14465088
1 3 10 33539209
1 3 9 33466041
1 3 8 1159088
1 3 7 33187865
1 3 6 18522569
1 3 5 23071968
1 3 4 18621047
1 3 3 11021284
1 3 2 21356217
1 3 1 25555996
1 3 0 15379467
1 2 10 33478281
1 2 9 365504
1 2 8 1071312
1 2 7 26553401
1 2 6 32321705
1 2 5 8460967
1 2 4 4895497
1 2 3 15997291
1 2 2 28370894
1 2 1 18320256
1 2 0 31491250
1 1 10 9600
1 1 9 18048
1 1 8 33059033
1 1 7 408960
1 1 6 5865984
1 1 5 23406425
1 1 4 13814489
1 1 3 16173223
1 1 2 4199040
1 1 1 2882482
1 1 0 825895
1 0 10 29376
1 0 9 33423065
1 0 8 33110297
1 0 7 2505600
1 0 6 1221696
1 0 5 18195929
1 0 4 5572800
1 0 3 1783207
1 0 2 7765721
1 0 1 11200985
1 0 0 19408896
0 13 8 16
0 13 7 33554281
0 13 6 64
0 13 5 1184
0 13 4 33551529
0 13 3 33553897
0 13 2 8544
0 13 1 33544601
0 13 0 3456
0 12 9 32
0 12 8 33554153
0 12 7 240
0 12 6 2304
0 12 5 33547481
0 12 4 1872
0 12 3 17584
0 12 2 33526265
0 12 1 16704
0 12 0 33550937
0 11 10 16
0 11 9 33554201
0 11 8 240
0 11 7 3552
0 11 6 33544073
0 11 5 33539801
0 11 4 79760
0 11 3 33513785
0 11 2 33401753
0 11 1 217728
0 11 0 33471449
0 10 10 33554329
0 10 9 33554201
0 10 8 4480
0 10 7 33545305
0 10 6 33519513
0 10 5 135488
0 10 4 33494233
0 10 3 33243865
0 10 2 514560
0 10 1 33259481
0 10 0 55296
0 9 10 33554169
0 9 9 3008
0 9 8 33546905
0 9 7 33519161
0 9 6 160608
0 9 5 7296
0 9 4 32765785
0 9 3 797920
0 9 2 932928
0 9 1 31730777
0 9 0 753408
0 8 10 1056
0 8 9 33551705
0 8 8 33524633
0 8 7 104352
0 8 6 154848
0 8 5 32601497
0 8 4 607104
0 8 3 1898400
0 8 2 30339737
0 8 1 1662336
0 8 0 33326297
0 7 10 768
0 7 9 33540377
0 7 8 48320
0 7 7 128896
0 7 6 32716633
0 7 5 395584
0 7 4 3404480
0 7 3 28942809
0 7 2 30874073
0 7 1 7455744
0 7 0 30264281
0 6 10 33548921
0 6 9 21184
0 6 8 97440
0 6 7 33084569
0 6 6 33264953
0 6 5 3196224
0 6 4 31254713
0 6 3 27777049
0 6 2 9022080
0 6 1 30169817
0 6 0 33443801
0 5 10 33554041
0 5 9 24384
0 5 8 33432521
0 5 7 33385193
0 5 6 1816992
0 5 5 32081849
0 5 4 26784201
0 5 3 10898448
0 5 2 4118112
0 5 1 18107801
0 5 0 7122816
0 4 10 11488
0 4 9 33506873
0 4 8 33380233
0 4 7 910576
0 4 6 418592
0 4 5 28061721
0 4 4 3296176
0 4 3 10220848
0 4 2 21328889
0 4 1 887616
0 4 0 2194560
0 3 10 33553609
0 3 9 33536601
0 3 8 127440
0 3 7 75552
0 3 6 31842473
0 3 5 1795008
0 3 4 6099760
0 3 3 22606585
0 3 2 30339353
0 3 1 14790528
0 3 0 26559449
0 2 10 33543929
0 2 9 43008
0 2 8 154080
0 2 7 32769305
0 2 6 33126713
0 2 5 4572288
0 2 4 31722233
0 2 3 24298265
0 2 2 7839360
0 2 1 3103488
0 2 0 30153689
0 1 10 576
0 1 9 4608
0 1 8 33507737
0 1 7 33550937
0 1 6 582336
0 1 5 32842457
0 1 4 31532057
0 1 3 3904128
0 1 2 988416
0 1 1 28370393
0 1 0 2488320
0 0 10 3456
0 0 9 33540569
0 0 8 33502553
0 0 7 248832
0 0 6 176256
0 0 5 32102873
0 0 4 286848
0 0 3 3207168
0 0 2 31646681
0 0 1 31563737
0 0 0 1492992
# eps num 3117
32 0 0 15505339
31 1 0 4682042
31 0 1 25712376
31 0 0 14723997
30 2 0 5294715
30 1 1 26354341
30 1 0 20876775
30 0 2 24897397
30 0 1 30168404
30 0 0 33285331
29 3 0 832810
29 2 1 10128328
29 2 0 397045
29 1 2 26595927
29 1 1 32627850
29 1 0 24843114
29 0 3 25169361
29 0 2 10374588
29 0 1 17431944
29 0 0 13774188
28 4 0 12512922
28 3 1 5852457
28 3 0 11989850
28 2 2 15565684
28 2 1 33364039
28 2 0 24863435
28 1 3 2728674
28 1 2 21697136
28 1 1 16925802
28 1 0 5532025
28 0 4 17521710
28 0 3 4508942
28 0 2 12128938
28 0 1 22313971
28 0 0 10535968
27 5 0 30997803
27 4 1 26804046
27 4 0 19238232
27 3 2 3256949
27 3 1 7119857
27 3 0 29399236
27 2 3 7254085
27 2 2 19292498
27 2 1 14942147
27 2 0 26173686
27 1 4 26807581
27 1 3 33040976
27 1 2 32555235
27 1 1 508096
27 1 0 12473674
27 0 5 1302030
27 0 4 23332206
27 0 3 26210464
27 0 2 8891923
27 0 1 7426278
27 0 0 5262272
26 6 0 12455571
26 5 1 31183658
26 5 0 13860846
26 4 2 9776
26 4 1 13538541
26 4 0 5434401
26 3 3 5773798
26 3 2 31982277
26 3 1 9347149
26 3 0 7535215
26 2 4 16349206
26 2 3 2908220
26 2 2 17879967
26 2 1 13172787
26 2 0 14690757
26 1 5 16372250
26 1 4 1736957
26 1 3 4416520
26 1 2 3196016
26 1 1 870891
26 1 0 3560752
26 0 6 22707420
26 0 5 25531406
26 0 4 21212118
26 0 3 27099402
26 0 2 17676308
26 0 1 18574492
26 0 0 13580790
25 7 0 2446564
25 6 1 5182784
25 6 0 29909300
25 5 2 26738401
25 5 1 2513889
25 5 0 11840459
25 4 3 15726165
25 4 2 24210452
25 4 1 672860
25 4 0 20271852
25 3 4 30288979
25 3 3 29432914
25 3 2 29911396
25 3 1 16691575
25 3 0 9111753
25 2 5 15212280
25 2 4 17315094
25 2 3 3124706
25 2 2 18397988
25 2 1 7950975
25 2 0 6530294
25 1 6 11660759
25 1 5 10645582
25 1 4 15761211
25 1 3 31815488
25 1 2 14281393
25 1 1 10167133
25 1 0 2932703
25 0 7 6156782
25 0 6 8524746
25 0 5 7959261
25 0 4 15911299
25 0 3 24092380
25 0 2 10621534
25 0 1 9624719
25 0 0 11223730
24 8 0 27533742
24 7 1 30717316
24 7 0 1627167
24 6 2 9960397
24 6 1 32634214
24 6 0 17678959
24 5 3 10675265
24 5 2 22577942
24 5 1 30217415
24 5 0 22171681
24 4 4 3165245
24 4 3 27289115
24 4 2 8192749
24 4 1 19288502
24 4 0 15977875
24 3 5 469719
24 3 4 31577066
24 3 3 31688609
24 3 2 8757160
24 3 1 20826662
24 3 0 21896287
24 2 6 25353865
24 2 5 6136405
24 2 4 3451079
24 2 3 28105118
24 2 2 30771463
24 2 1 6598216
24 2 0 31794095
24 1 7 6420847
24 1 6 19305937
24 1 5 3593251
24 1 4 1891680
24 1 3 29476848
24 1 2 32592745
24 1 1 7503770
24 1 0 30447387
24 0 8 27299152
24 0 7 9944750
24 0 6 15756703
24 0 5 18584288
24 0 4 18553653
24 0 3 19094815
24 0 2 13095681
24 0 1 20209049
24 0 0 17496960
23 9 0 21301379
23 8 1 583555
23 8 0 21118066
23 7 2 189582
23 7 1 16833349
23 7 0 25929753
23 6 3 15763579
23 6 2 24456149
23 6 1 11446763
23 6 0 6722306
23 5 4 26237767
23 5 3 11801245
23 5 2 3008347
23 5 1 9913879
23 5 0 23504723
23 4 5 23209672
23 4 4 23631358
23 4 3 18360299
23 4 2 31237836
23 4 1 24503099
23 4 0 28049307
23 3 6 33080321
23 3 5 3610375
23 3 4 20868878
23 3 3 26419655
23 3 2 23061347
23 3 1 11984707
23 3 0 1249922
23 2 7 17388643
23 2 6 664064
23 2 5 25659860
23 2 4 9226242
23 2 3 24083749
23 2 2 911329
23 2 1 12519093
23 2 0 12641374
23 1 8 28703524
23 1 7 22467882
23 1 6 9922980
23 1 5 10022387
23 1 4 2028042
23 1 3 31019267
23 1 2 14948550
23 1 1 16183228
23 1 0 13572137
23 0 9 4441438
23 0 8 4440682
23 0 7 12445394
23 0 6 7835670
23 0 5 31785289
23 0 4 89137
23 0 3 15692280
23 0 2 13975684
23 0 1 18096481
23 0 0 1259414
22 10 0 2327732
22 9 1 14292046
22 9 0 1442659
22 8 2 19780606
22 8 1 9635573
22 8 0 8384904
22 7 3 20730960
22 7 2 23115701
22 7 1 6625528
22 7 0 5371437
22 6 4 29254045
22 6 3 29212326
22 6 2 1595598
22 6 1 13027421
22 6 0 32604408
22 5 5 25654270
22 5 4 13178140
22 5 3 2447769
22 5 2 22942077
22 5 1 25604944
22 5 0 6904523
22 4 6 11589475
22 4 5 25486858
22 4 4 18170149
22 4 3 23480689
22 4 2 13690811
22 4 1 26675108
22 4 0 19584679
22 3 7 26899145
22 3 6 14306570
22 3 5 30147921
22 3 4 25417100
22 3 3 26243546
22 3 2 26481806
22 3 1 6972611
22 3 0 28086452
22 2 8 24155942
22 2 7 14635113
22 2 6 13800526
22 2 5 1136266
22 2 4 23225347
22 2 3 22832599
22 2 2 8171469
22 2 1 31457097
22 2 0 9670890
22 1 9 32852256
22 1 8 15956172
22 1 7 21331561
22 1 6 24429920
22 1 5 17493276
22 1 4 11053399
22 1 3 28141532
22 1 2 16400689
22 1 1 20140615
22 1 0 7055122
22 0 10 21959755
22 0 9 19749534
22 0 8 32422625
22 0 7 10622377
22 0 6 7024351
22 0 5 9757501
22 0 4 10138472
22 0 3 7041205
22 0 2 15068539
22 0 1 25078088
22 0 0 29366394
21 11 0 8747157
21 10 1 28848056
21 10 0 32249926
21 9 2 3270768
21 9 1 29824902
21 9 0 29449271
21 8 3 28457022
21 8 2 6071538
21 8 1 1961356
21 8 0 8455766
21 7 4 1913237
21 7 3 13469773
21 7 2 31969038
21 7 1 28532742
21 7 0 26137229
21 6 5 17925310
21 6 4 28717153
21 6 3 27481740
21 6 2 28042372
21 6 1 21178685
21 6 0 22963239
21 5 6 28896678
21 5 5 4260129
21 5 4 6887075
21 5 3 16916626
21 5 2 700166
21 5 1 24244869
21 5 0 5992686
21 4 7 6839745
21 4 6 28607337
21 4 5 11009496
21 4 4 23739870
21 4 3 19823727
21 4 2 29387421
21 4 1 22215939
21 4 0 16447893
21 3 8 3624549
21 3 7 9590265
21 3 6 28581107
21 3 5 8326456
21 3 4 6533108
21 3 3 13249203
21 3 2 30794317
21 3 1 3720542
21 3 0 14824341
21 2 9 20916754
21 2 8 15180418
21 2 7 27830361
21 2 6 7865638
21 2 5 15516979
21 2 4 2466194
21 2 3 21170736
21 2 2 21598424
21 2 1 26893130
21 2 0 21077768
21 1 10 19832928
21 1 9 29381503
21 1 8 19537943
21 1 7 11501772
21 1 6 15665073
21 1 5 30498593
21 1 4 23687756
21 1 3 26251520
21 1 2 1442269
21 1 1 5706655
21 1 0 6299217
21 0 10 28506817
21 0 9 8334041
21 0 8 10027232
21 0 7 12001281
21 0 6 32102118
21 0 5 23580394
21 0 4 16845261
21 0 3 5063137
21 0 2 5745534
21 0 1 25672296
21 0 0 10538886
20 12 0 26932127
20 11 1 25181794
20 11 0 14622919
20 10 2 26713619
20 10 1 9318380
20 10 0 2585791
20 9 3 23778839
20 9 2 22937963
20 9 1 27231074
20 9 0 1694467
20 8 4 33117845
20 8 3 31435724
20 8 2 5614571
20 8 1 27139958
20 8 0 33543290
20 7 5 29844399
20 7 4 19669198
20 7 3 18851247
20 7 2 7828961
20 7 1 27762350
20 7 0 11545416
20 6 6 16783213
20 6 5 7037666
20 6 4 27085848
20 6 3 22717302
20 6 2 8804196
20 6 1 17499541
20 6 0 6572353
20 5 7 23139588
20 5 6 13441985
20 5 5 16562868
20 5 4 23863803
20 5 3 27092669
20 5 2 18235722
20 5 1 2904811
20 5 0 12917439
20 4 8 4838940
20 4 7 22749018
20 4 6 7935670
20 4 5 27222495
20 4 4 8725365
20 4 3 32187677
20 4 2 33011231
20 4 1 10009556
20 4 0 82207
20 3 9 11781254
20 3 8 15054397
20 3 7 16692173
20 3 6 19178060
20 3 5 30641530
20 3 4 10874651
20 3 3 10311712
20 3 2 26532416
20 3 1 1982420
20 3 0 15021763
20 2 10 17735071
20 2 9 13110791
20 2 8 19876126
20 2 7 5767432
20 2 6 11997564
20 2 5 2747065
20 2 4 5093915
20 2 3 33354869
20 2 2 32096925
20 2 1 12112652
20 2 0 519554
20 1 10 15036423
20 1 9 5524791
20 1 8 15617977
20 1 7 16893411
20 1 6 28509565
20 1 5 18585423
20 1 4 18358324
20 1 3 17873366
20 1 2 11715095
20 1 1 20226364
20 1 0 15621083
20 0 10 24684175
20 0 9 18341298
20 0 8 15211677
20 0 7 6354118
20 0 6 18484428
20 0 5 5024311
20 0 4 6678583
20 0 3 30696394
20 0 2 5591870
20 0 1 2910505
20 0 0 18525564
19 12 1 2768074
19 12 0 13892436
19 11 2 26355918
19 11 1 9788057
19 11 0 24886951
19 10 3 17722397
19 10 2 9483143
19 10 1 11312176
19 10 0 10686910
19 9 4 4690051
19 9 3 22880889
19 9 2 7889117
19 9 1 2062598
19 9 0 18694002
19 8 5 8539144
19 8 4 25179469
19 8 3 18049712
19 8 2 3881020
19 8 1 19697350
19 8 0 30045249
19 7 6 30287846
19 7 5 1828871
19 7 4 3431032
19 7 3 29882650
19 7 2 13217658
19 7 1 16672
19 7 0 1497298
19 6 7 12695553
19 6 6 7977861
19 6 5 15604632
19 6 4 3538986
19 6 3 16966513
19 6 2 23149598
19 6 1 18129921
19 6 0 19813548
19 5 8 8431851
19 5 7 14832892
19 5 6 13879080
19 5 5 7997913
19 5 4 29903862
19 5 3 17263037
19 5 2 22550358
19 5 1 30381726
19 5 0 11010340
19 4 9 14337051
19 4 8 16104946
19 4 7 23264780
19 4 6 25166736
19 4 5 15335600
19 4 4 1936967
19 4 3 22921821
19 4 2 7708358
19 4 1 30520784
19 4 0 26028362
19 3 10 13247158
19 3 9 5354379
19 3 8 4923681
19 3 7 18964738
19 3 6 27713430
19 3 5 28205602
19 3 4 8706373
19 3 3 24598619
19 3 2 28120327
19 3 1 32422171
19 3 0 31263600
19 2 10 17305449
19 2 9 33425282
19 2 8 32467637
19 2 7 15477217
19 2 6 1685247
19 2 5 9100642
19 2 4 16618883
19 2 3 634421
19 2 2 31488195
19 2 1 16137843
19 2 0 5534582
19 1 10 12323300
19 1 9 6265516
19 1 8 7897564
19 1 7 28713097
19 1 6 7870243
19 1 5 22517673
19 1 4 28707195
19 1 3 17921269
19 1 2 32913173
19 1 1 472362
19 1 0 19087650
19 0 10 3009703
19 0 9 20590905
19 0 8 32108981
19 0 7 5268311
19 0 6 3177556
19 0 5 19543725
19 0 4 26194539
19 0 3 12811243
19 0 2 29336954
19 0 1 27632410
19 0 0 16611057
18 12 2 23034459
18 12 1 3603146
18 12 0 20561570
18 11 3 9886374
18 11 2 21787531
18 11 1 18554447
18 11 0 23964279
18 10 4 18547690
18 10 3 28393111
18 10 2 3397541
18 10 1 78764
18 10 0 8794816
18 9 5 630154
18 9 4 19866084
18 9 3 32669580
18 9 2 26899885
18 9 1 15205328
18 9 0 13567411
18 8 6 6803303
18 8 5 13851378
18 8 4 11749934
18 8 3 13382315
18 8 2 21008066
18 8 1 21187471
18 8 0 15531321
18 7 7 23101908
18 7 6 21899759
18 7 5 27277244
18 7 4 25086620
18 7 3 340954
18 7 2 441081
18 7 1 21424359
18 7 0 12996594
18 6 8 27141238
18 6 7 21810566
18 6 6 2555135
18 6 5 14208614
18 6 4 27062191
18 6 3 19593609
18 6 2 31806212
18 6 1 1971422
18 6 0 27737315
18 5 9 25811612
18 5 8 18253391
18 5 7 12874262
18 5 6 6543779
18 5 5 17295029
18 5 4 30140345
18 5 3 10889581
18 5 2 10720109
18 5 1 31691789
18 5 0 16330962
18 4 10 21245928
18 4 9 26026827
18 4 8 7773569
18 4 7 31626724
18 4 6 30245131
18 4 5 12534666
18 4 4 17054650
18 4 3 16252934
18 4 2 23755466
18 4 1 22452021
18 4 0 28705809
18 3 10 17306416
18 3 9 1893102
18 3 8 19665060
18 3 7 16492808
18 3 6 26910213
18 3 5 5649919
18 3 4 31417771
18 3 3 33321515
18 3 2 30307729
18 3 1 14875144
18 3 0 6510195
18 2 10 7384542
18 2 9 30379528
18 2 8 13420034
18 2 7 13445248
18 2 6 19217948
18 2 5 3255093
18 2 4 21899042
18 2 3 3963109
18 2 2 27946369
18 2 1 23152406
18 2 0 23175744
18 1 10 9691244
18 1 9 30874199
18 1 8 20836983
18 1 7 13527864
18 1 6 24738949
18 1 5 25910695
18 1 4 20017654
18 1 3 23830006
18 1 2 29753748
18 1 1 33515638
18 1 0 6167224
18 0 10 11312067
18 0 9 3986877
18 0 8 2589866
18 0 7 13240205
18 0 6 3071327
18 0 5 21618811
18 0 4 25191900
18 0 3 20249289
18 0 2 6548249
18 0 1 29852735
18 0 0 5817091
17 12 3 30590087
17 12 2 16655789
17 12 1 27083532
17 12 0 23242545
17 11 4 2935054
17 11 3 18829343
17 11 2 27105087
17 11 1 29924301
17 11 0 947434
17 10 5 30813036
17 10 4 23111689
17 10 3 8526176
17 10 2 14261014
17 10 1 15102401
17 10 0 22291587
17 9 6 3128665
17 9 5 19052642
17 9 4 23487863
17 9 3 3879414
17 9 2 17175329
17 9 1 31120919
17 9 0 17156129
17 8 7 11060370
17 8 6 19247628
17 8 5 19652468
17 8 4 3756042
17 8 3 13705891
17 8 2 20665309
17 8 1 19399032
17 8 0 10756860
17 7 8 17749266
17 7 7 13527133
17 7 6 15998386
17 7 5 28465540
17 7 4 25569476
17 7 3 23314285
17 7 2 23381542
17 7 1 31749982
17 7 0 26183959
17 6 9 15148808
17 6 8 12233940
17 6 7 26896198
17 6 6 5205788
17 6 5 28692130
17 6 4 2708828
17 6 3 4703372
17 6 2 11139532
17 6 1 17340534
17 6 0 28287302
17 5 10 28716286
17 5 9 25047829
17 5 8 8103077
17 5 7 31501403
17 5 6 12543180
17 5 5 12972950
17 5 4 32396602
17 5 3 17794633
17 5 2 1485929
17 5 1 5450243
17 5 0 3677578
17 4 10 3298034
17 4 9 11204941
17 4 8 24362918
17 4 7 20961525
17 4 6 8536334
17 4 5 30274838
17 4 4 29338796
17 4 3 5503642
17 4 2 9856803
17 4 1 14816855
17 4 0 3972427
17 3 10 5682121
17 3 9 15131387
17 3 8 15481260
17 3 7 13776994
17 3 6 21392516
17 3 5 22505719
17 3 4 27854509
17 3 3 9472452
17 3 2 32718043
17 3 1 5520362
17 3 0 4745573
17 2 10 29891523
17 2 9 31376875
17 2 8 17017976
17 2 7 26326167
17 2 6 19329054
17 2 5 6752191
17 2 4 14813738
17 2 3 8395486
17 2 2 23576521
17 2 1 24029128
17 2 0 14958304
17 1 10 17688602
17 1 9 32242854
17 1 8 23889577
17 1 7 23081301
17 1 6 25928920
17 1 5 20531308
17 1 4 3007583
17 1 3 24303334
17 1 2 18622884
17 1 1 18769276
17 1 0 28488486
17 0 10 3254152
17 0 9 11331190
17 0 8 2218529
17 0 7 27628965
17 0 6 205801
17 0 5 24268048
17 0 4 7410184
17 0 3 31153838
17 0 2 17523244
17 0 1 23971255
17 0 0 30632138
16 12 4 8471321
16 12 3 5707702
16 12 2 10409235
16 12 1 19337605
16 12 0 7558353
16 11 5 8190083
16 11 4 16036541
16 11 3 15350551
16 11 2 22060180
16 11 1 10444130
16 11 0 4677872
16 10 6 14450250
16 10 5 21555534
16 10 4 22462581
16 10 3 33189824
16 10 2 23658315
16 10 1 16045444
16 10 0 486812
16 9 7 25900829
16 9 6 27405374
16 9 5 23860790
16 9 4 7413058
16 9 3 26424409
16 9 2 1807891
16 9 1 15808787
16 9 0 21158973
16 8 8 31254748
16 8 7 5871067
16 8 6 23699633
16 8 5 3103229
16 8 4 5682130
16 8 3 5064807
16 8 2 27210329
16 8 1 7491772
16 8 0 26050295
16 7 9 23772853
16 7 8 15544324
16 7 7 18315565
16 7 6 1399404
16 7 5 17703769
16 7 4 22511835
16 7 3 29738309
16 7 2 3124256
16 7 1 21894088
16 7 0 5643446
16 6 10 4675963
16 6 9 23947019
16 6 8 14813311
16 6 7 2061255
16 6 6 10127456
16 6 5 13711842
16 6 4 32075053
16 6 3 644983
16 6 2 11723031
16 6 1 4248052
16 6 0 24947501
16 5 10 10698073
16 5 9 23008580
16 5 8 497070
16 5 7 15631654
16 5 6 28265039
16 5 5 30453649
16 5 4 20269425
16 5 3 5199699
16 5 2 11342112
16 5 1 4531677
16 5 0 10641167
16 4 10 12889920
16 4 9 1018483
16 4 8 3188132
16 4 7 6415431
16 4 6 5529852
16 4 5 31715809
16 4 4 12382166
16 4 3 17558032
16 4 2 1290631
16 4 1 20074931
16 4 0 29521083
16 3 10 9775152
16 3 9 11289132
16 3 8 320019
16 3 7 6360312
16 3 6 32110842
16 3 5 6782013
16 3 4 28411567
16 3 3 2291414
16 3 2 15161540
16 3 1 32274969
16 3 0 21739129
16 2 10 21409919
16 2 9 8264715
16 2 8 32421189
16 2 7 11601159
16 2 6 30833061
16 2 5 31008973
16 2 4 2870029
16 2 3 31068885
16 2 2 4747844
16 2 1 5492198
16 2 0 27060839
16 1 10 16389711
16 1 9 26291237
16 1 8 32325226
16 1 7 4413116
16 1 6 16030215
16 1 5 27319034
16 1 4 10463483
16 1 3 7258032
16 1 2 25484367
16 1 1 16507729
16 1 0 20100323
16 0 10 9264826
16 0 9 2894872
16 0 8 12232278
16 0 7 21171584
16 0 6 843353
16 0 5 13715476
16 0 4 3269365
16 0 3 392785
16 0 2 1680933
16 0 1 30347593
16 0 0 26504580
15 12 5 17713796
15 12 4 27885803
15 12 3 10919301
15 12 2 9658492
15 12 1 14170280
15 12 0 7995618
15 11 6 20017664
15 11 5 23426128
15 11 4 3406129
15 11 3 11713265
15 11 2 20859466
15 11 1 186995
15 11 0 7993769
15 10 7 5429655
15 10 6 2018716
15 10 5 589476
15 10 4 22970326
15 10 3 14265155
15 10 2 19852288
15 10 1 6167534
15 10 0 11919448
15 9 8 29672702
15 9 7 29763206
15 9 6 24222547
15 9 5 18826907
15 9 4 281368
15 9 3 1512176
15 9 2 30847117
15 9 1 7349745
15 9 0 32588931
15 8 9 5476958
15 8 8 12679822
15 8 7 19923305
15 8 6 19072822
15 8 5 13362192
15 8 4 437132
15 8 3 23886933
15 8 2 18163928
15 8 1 25430568
15 8 0 8344553
15 7 10 8472155
15 7 9 28429882
15 7 8 3854675
15 7 7 2467789
15 7 6 3632795
15 7 5 14868387
15 7 4 4476046
15 7 3 10353149
15 7 2 17755445
15 7 1 25685954
15 7 0 13644345
15 6 10 11347388
15 6 9 6866949
15 6 8 30620847
15 6 7 7458373
15 6 6 4754903
15 6 5 17120761
15 6 4 29091038
15 6 3 21348641
15 6 2 14255295
15 6 1 25813636
15 6 0 19044195
15 5 10 25883124
15 5 9 18699745
15 5 8 12296268
15 5 7 21186138
15 5 6 31278100
15 5 5 11311196
15 5 4 25697105
15 5 3 7535696
15 5 2 14941563
15 5 1 7708754
15 5 0 7921099
15 4 10 13450579
15 4 9 20155294
15 4 8 862994
15 4 7 2944932
15 4 6 22671865
15 4 5 32439835
15 4 4 16159639
15 4 3 2405312
15 4 2 24008111
15 4 1 28074908
15 4 0 3337279
15 3 10 22225153
15 3 9 21975281
15 3 8 8317322
15 3 7 24040644
15 3 6 7349337
15 3 5 16633698
15 3 4 2195965
15 3 3 2632364
15 3 2 11359125
15 3 1 1345033
15 3 0 15392084
15 2 10 20897544
15 2 9 23796412
15 2 8 12040078
15 2 7 9518626
15 2 6 14397489
15 2 5 22427336
15 2 4 28950796
15 2 3 9974757
15 2 2 8332034
15 2 1 2192274
15 2 0 20456982
15 1 10 27363564
15 1 9 17590209
15 1 8 23941021
15 1 7 4449419
15 1 6 28961071
15 1 5 10828237
15 1 4 15264903
15 1 3 29605821
15 1 2 19099544
15 1 1 11276596
15 1 0 22081370
15 0 10 26629237
15 0 9 1978520
15 0 8 8394800
15 0 7 24759308
15 0 6 2928933
15 0 5 7367041
15 0 4 26420557
15 0 3 29788633
15 0 2 11821545
15 0 1 8009731
15 0 0 23940328
14 12 6 29384407
14 12 5 30333266
14 12 4 17210604
14 12 3 7955214
14 12 2 32640904
14 12 1 11797436
14 12 0 19439986
14 11 7 729868
14 11 6 25726698
14 11 5 26299562
14 11 4 15592627
14 11 3 5598336
14 11 2 31800190
14 11 1 20884991
14 11 0 7413344
14 10 8 21332534
14 10 7 15305653
14 10 6 21937498
14 10 5 13042991
14 10 4 10022474
14 10 3 23876522
14 10 2 9042148
14 10 1 12446642
14 10 0 1331502
14 9 9 30355546
14 9 8 17240259
14 9 7 30024961
14 9 6 1258687
14 9 5 32153148
14 9 4 22969485
14 9 3 22859109
14 9 2 30768961
14 9 1 27078892
14 9 0 796435
14 8 10 2735591
14 8 9 30270253
14 8 8 2960121
14 8 7 4633290
14 8 6 16022771
14 8 5 30090393
14 8 4 32317878
14 8 3 10971186
14 8 2 18016143
14 8 1 23123802
14 8 0 23453666
14 7 10 25787252
14 7 9 1535309
14 7 8 5099696
14 7 7 12318270
14 7 6 29227940
14 7 5 5338678
14 7 4 26857780
14 7 3 4012521
14 7 2 31428576
14 7 1 14788663
14 7 0 25055152
14 6 10 24567431
14 6 9 23766715
14 6 8 24672065
14 6 7 23921848
14 6 6 13580711
14 6 5 8120420
14 6 4 30118585
14 6 3 32471580
14 6 2 20614041
14 6 1 7908443
14 6 0 13831737
14 5 10 1507215
14 5 9 32801468
14 5 8 11948185
14 5 7 17527875
14 5 6 32732196
14 5 5 4124447
14 5 4 19726068
14 5 3 9190978
14 5 2 10502416
14 5 1 13588673
14 5 0 9136824
14 4 10 33225802
14 4 9 16867262
14 4 8 12882240
14 4 7 22055831
14 4 6 229596
14 4 5 32262585
14 4 4 26334668
14 4 3 17987604
14 4 2 24032864
14 4 1 15548899
14 4 0 4463683
14 3 10 32000039
14 3 9 16157343
14 3 8 5281598
14 3 7 6145504
14 3 6 25042681
14 3 5 33266240
14 3 4 19910707
14 3 3 21747478
14 3 2 14032785
14 3 1 22535068
14 3 0 5290725
14 2 10 14244727
14 2 9 20702177
14 2 8 11602820
14 2 7 13695132
14 2 6 13085068
14 2 5 2866953
14 2 4 31202003
14 2 3 1056609
14 2 2 4663640
14 2 1 14500079
14 2 0 831087
14 1 10 8499757
14 1 9 12067829
14 1 8 30667776
14 1 7 6380553
14 1 6 17603373
14 1 5 12853653
14 1 4 26763367
14 1 3 7716642
14 1 2 8214276
14 1 1 5099972
14 1 0 25243832
14 0 10 8838272
14 0 9 25094391
14 0 8 23105721
14 0 7 24734338
14 0 6 21592397
14 0 5 18232231
14 0 4 28850564
14 0 3 25754667
14 0 2 1411940
14 0 1 23374665
14 0 0 9112923
13 12 7 13067044
13 12 6 21491578
13 12 5 2012011
13 12 4 22443696
13 12 3 5803563
13 12 2 2748099
13 12 1 27586133
13 12 0 30372446
13 11 8 17701224
13 11 7 24033442
13 11 6 33225834
13 11 5 3842942
13 11 4 9395885
13 11 3 2024568
13 11 2 3739374
13 11 1 30799872
13 11 0 7559371
13 10 9 28912624
13 10 8 20951034
13 10 7 27103684
13 10 6 12178728
13 10 5 734721
13 10 4 14621605
13 10 3 4890915
13 10 2 14917275
13 10 1 31207829
13 10 0 645307
13 9 10 32893849
13 9 9 29896
13 9 8 30308363
13 9 7 2444939
13 9 6 17097836
13 9 5 10855691
13 9 4 18837207
13 9 3 1330765
13 9 2 27270647
13 9 1 22372741
13 9 0 27941684
13 8 10 6767472
13 8 9 22326967
13 8 8 13593222
13 8 7 16507079
13 8 6 17974296
13 8 5 6015755
13 8 4 9363458
13 8 3 32952572
13 8 2 31163126
13 8 1 13093596
13 8 0 32579597
13 7 10 26557391
13 7 9 14080684
13 7 8 3472326
13 7 7 24757497
13 7 6 3314974
13 7 5 18887637
13 7 4 9510152
13 7 3 21762910
13 7 2 32082890
13 7 1 25615797
13 7 0 32738086
13 6 10 21922622
13 6 9 18662170
13 6 8 12279515
13 6 7 7471640
13 6 6 16798974
13 6 5 31931213
13 6 4 29737498
13 6 3 3151290
13 6 2 19695640
13 6 1 7121459
13 6 0 6418756
13 5 10 2605047
13 5 9 13624760
13 5 8 16526938
13 5 7 32025632
13 5 6 32910640
13 5 5 3052308
13 5 4 32657639
13 5 3 28148426
13 5 2 21791983
13 5 1 11063344
13 5 0 4195094
13 4 10 17553991
13 4 9 26451803
13 4 8 24487694
13 4 7 26123323
13 4 6 27167093
13 4 5 3872390
13 4 4 14593892
13 4 3 8706753
13 4 2 7538426
13 4 1 15299289
13 4 0 19957223
13 3 10 21077228
13 3 9 8863795
13 3 8 31775400
13 3 7 8563237
13 3 6 13090932
13 3 5 14676808
13 3 4 9210507
13 3 3 2134060
13 3 2 28121547
13 3 1 23457053
13 3 0 11006822
13 2 10 9837154
13 2 9 13626917
13 2 8 31466976
13 2 7 33411376
13 2 6 32981840
13 2 5 10055165
13 2 4 14171571
13 2 3 30456320
13 2 2 5609738
13 2 1 14039868
13 2 0 18502368
13 1 10 21094503
13 1 9 12121688
13 1 8 9638441
13 1 7 22295333
13 1 6 26409963
13 1 5 12280704
13 1 4 1263255
13 1 3 10402834
13 1 2 22963699
13 1 1 23133384
13 1 0 14213802
13 0 10 22657621
13 0 9 10968585
13 0 8 4159945
13 0 7 16628092
13 0 6 22712987
13 0 5 33452583
13 0 4 26501169
13 0 3 18157685
13 0 2 13217590
13 0 1 762618
13 0 0 21576096
12 12 8 3414955
12 12 7 23898653
12 12 6 4887111
12 12 5 20021062
12 12 4 5899996
12 12 3 5424069
12 12 2 24316322
12 12 1 13990808
12 12 0 16141239
12 11 9 25312773
12 11 8 10546796
12 11 7 5926690
12 11 6 30620108
12 11 5 32298159
12 11 4 31325618
12 11 3 28846891
12 11 2 21088228
12 11 1 7061971
12 11 0 19556814
12 10 10 28353943
12 10 9 21336973
12 10 8 24890655
12 10 7 4748440
12 10 6 2852736
12 10 5 27532197
12 10 4 18952374
12 10 3 11822959
12 10 2 18953473
12 10 1 9428343
12 10 0 14785804
12 9 10 12659196
12 9 9 7563556
12 9 8 1956150
12 9 7 15755578
12 9 6 33239696
12 9 5 32764970
12 9 4 19861901
12 9 3 8969499
12 9 2 6055108
12 9 1 27269948
12 9 0 5444153
12 8 10 4182088
12 8 9 13490088
12 8 8 29604306
12 8 7 6819018
12 8 6 28757910
12 8 5 17298498
12 8 4 17375130
12 8 3 23412459
12 8 2 13885268
12 8 1 8694320
12 8 0 12968117
12 7 10 189732
12 7 9 29339938
12 7 8 21246730
12 7 7 13278318
12 7 6 6783215
12 7 5 26578997
12 7 4 12740828
12 7 3 13718703
12 7 2 19070403
12 7 1 13433430
12 7 0 2840326
12 6 10 5708934
12 6 9 18610741
12 6 8 18858617
12 6 7 13843222
12 6 6 1192599
12 6 5 3571632
12 6 4 27654584
12 6 3 10704161
12 6 2 28290202
12 6 1 14658721
12 6 0 7023932
12 5 10 9794259
12 5 9 21528515
12 5 8 32590476
12 5 7 11868725
12 5 6 23971082
12 5 5 2657603
12 5 4 14789419
12 5 3 8642704
12 5 2 6416557
12 5 1 19098013
12 5 0 3515298
12 4 10 1084357
12 4 9 2839814
12 4 8 29774833
12 4 7 3587093
12 4 6 18876860
12 4 5 27270398
12 4 4 2167657
12 4 3 32462728
12 4 2 13334302
12 4 1 15011400
12 4 0 22003333
12 3 10 5288404
12 3 9 23684581
12 3 8 2337898
12 3 7 24072518
12 3 6 28854414
12 3 5 48049
12 3 4 24657516
12 3 3 2961620
12 3 2 21673396
12 3 1 8588895
12 3 0 16574125
12 2 10 4241741
12 2 9 27566873
12 2 8 26055924
12 2 7 13174496
12 2 6 21320607
12 2 5 18618008
12 2 4 29952089
12 2 3 12474806
12 2 2 13101256
12 2 1 24024277
12 2 0 5933562
12 1 10 1322302
12 1 9 2133280
12 1 8 12090200
12 1 7 10510446
12 1 6 31558916
12 1 5 23955525
12 1 4 15877044
12 1 3 12521415
12 1 2 25484527
12 1 1 9019887
12 1 0 11124229
12 0 10 15033303
12 0 9 18908126
12 0 8 9867697
12 0 7 10310461
12 0 6 27964771
12 0 5 4174972
12 0 4 26316907
12 0 3 6300820
12 0 2 28601935
12 0 1 9567911
12 0 0 2886670
11 12 9 27098268
11 12 8 11004497
11 12 7 11814430
11 12 6 9596925
11 12 5 3722574
11 12 4 25914721
11 12 3 8473944
11 12 2 1455915
11 12 1 5721827
11 12 0 30528752
11 11 10 27098268
11 11 9 6476458
11 11 8 6597569
11 11 7 11502385
11 11 6 3344700
11 11 5 21128186
11 11 4 11548309
11 11 3 32403650
11 11 2 1888646
11 11 1 16512056
11 11 0 20147519
11 10 10 8095143
11 10 9 27984063
11 10 8 31211237
11 10 7 6824952
11 10 6 4811597
11 10 5 2551941
11 10 4 8801112
11 10 3 2549862
11 10 2 11629474
11 10 1 25327231
11 10 0 23439308
11 9 10 17863584
11 9 9 31077308
11 9 8 26021744
11 9 7 15209431
11 9 6 23768551
11 9 5 12841578
11 9 4 10340621
11 9 3 7955836
11 9 2 12158428
11 9 1 2563810
11 9 0 22339231
11 8 10 1505661
11 8 9 20952961
11 8 8 25665570
11 8 7 32679051
11 8 6 27867860
11 8 5 4323953
11 8 4 31802657
11 8 3 21015913
11 8 2 29103630
11 8 1 25667319
11 8 0 18181846
11 7 10 24832878
11 7 9 893637
11 7 8 1880555
11 7 7 10718253
11 7 6 18653752
11 7 5 11053690
11 7 4 17076482
11 7 3 27737084
11 7 2 28348114
11 7 1 18033378
11 7 0 7705462
11 6 10 1874322
11 6 9 11539654
11 6 8 20318392
11 6 7 5139034
11 6 6 18675159
11 6 5 9005444
11 6 4 8511940
11 6 3 27056817
11 6 2 28402160
11 6 1 17113093
11 6 0 24889162
11 5 10 16909636
11 5 9 22480546
11 5 8 29485949
11 5 7 23561313
11 5 6 18338338
11 5 5 10861183
11 5 4 23716852
11 5 3 22469746
11 5 2 3354024
11 5 1 22010930
11 5 0 16987908
11 4 10 26996042
11 4 9 31277364
11 4 8 8975930
11 4 7 3592671
11 4 6 18891166
11 4 5 26389916
11 4 4 11820777
11 4 3 8817945
11 4 2 9890946
11 4 1 16872696
11 4 0 24177045
11 3 10 18888019
11 3 9 1496967
11 3 8 30376773
11 3 7 24032419
11 3 6 15114301
11 3 5 6420480
11 3 4 14447203
11 3 3 18646672
11 3 2 17749979
11 3 1 6084701
11 3 0 31556461
11 2 10 15518788
11 2 9 7183830
11 2 8 4654716
11 2 7 17491417
11 2 6 7193600
11 2 5 3801700
11 2 4 16285451
11 2 3 28107375
11 2 2 22738340
11 2 1 10654519
11 2 0 27855412
11 1 10 28099937
11 1 9 21443021
11 1 8 18920214
11 1 7 10715482
11 1 6 15688973
11 1 5 24457414
11 1 4 27531418
11 1 3 274361
11 1 2 9085302
11 1 1 12080319
11 1 0 24566241
11 0 10 26922096
11 0 9 22443669
11 0 8 13171348
11 0 7 32658858
11 0 6 7768136
11 0 5 15841002
11 0 4 7314228
11 0 3 26434086
11 0 2 16474087
11 0 1 12088846
11 0 0 30748820
10 12 9 27387336
10 12 8 3519434
10 12 7 18686221
10 12 6 31389671
10 12 5 27479149
10 12 4 16762656
10 12 3 22033983
10 12 2 15059760
10 12 1 11997058
10 12 0 25241691
10 11 10 27387336
10 11 9 31791041
10 11 8 20415490
10 11 7 26571016
10 11 6 24623622
10 11 5 31830397
10 11 4 9547815
10 11 3 32672758
10 11 2 4871117
10 11 1 32507099
10 11 0 9786396
10 10 10 21766128
10 10 9 1647995
10 10 8 31669066
10 10 7 20702117
10 10 6 26448840
10 10 5 27679130
10 10 4 1451982
10 10 3 13748528
10 10 2 23498902
10 10 1 6849353
10 10 0 20725599
10 9 10 28570940
10 9 9 15914437
10 9 8 20145401
10 9 7 49921
10 9 6 2716742
10 9 5 20816366
10 9 4 32250550
10 9 3 1829654
10 9 2 28008592
10 9 1 12104465
10 9 0 13367270
10 8 10 24638745
10 8 9 23675382
10 8 8 4844785
10 8 7 24873608
10 8 6 20666908
10 8 5 21779161
10 8 4 32550070
10 8 3 30635895
10 8 2 3331549
10 8 1 18426901
10 8 0 26887869
10 7 10 24331210
10 7 9 28982588
10 7 8 12355299
10 7 7 25382269
10 7 6 29029906
10 7 5 12564020
10 7 4 14797052
10 7 3 22677686
10 7 2 15879620
10 7 1 17067669
10 7 0 4269298
10 6 10 26833378
10 6 9 30190119
10 6 8 8106723
10 6 7 21735022
10 6 6 29863080
10 6 5 7010783
10 6 4 19385787
10 6 3 1068111
10 6 2 29584856
10 6 1 31384418
10 6 0 18678102
10 5 10 3911426
10 5 9 33504805
10 5 8 11943362
10 5 7 3863318
10 5 6 17664042
10 5 5 2972283
10 5 4 29414901
10 5 3 19722101
10 5 2 13322557
10 5 1 5947392
10 5 0 15051344
10 4 10 26183313
10 4 9 24273963
10 4 8 9087949
10 4 7 8616202
10 4 6 7305457
10 4 5 21138560
10 4 4 6839629
10 4 3 32754449
10 4 2 21234165
10 4 1 14083951
10 4 0 20611439
10 3 10 1118537
10 3 9 12108772
10 3 8 29653996
10 3 7 27044890
10 3 6 27861315
10 3 5 129069
10 3 4 28326086
10 3 3 15007012
10 3 2 1383780
10 3 1 605119
10 3 0 16791678
10 2 10 18120371
10 2 9 4439889
10 2 8 5960436
10 2 7 22857931
10 2 6 18822009
10 2 5 21950524
10 2 4 33494328
10 2 3 17037388
10 2 2 18750894
10 2 1 12602212
10 2 0 29238439
10 1 10 1698214
10 1 9 26640710
10 1 8 1193567
10 1 7 9305816
10 1 6 6991516
10 1 5 12250610
10 1 4 18660141
10 1 3 1666408
10 1 2 24926270
10 1 1 6691674
10 1 0 14439336
10 0 10 1366435
10 0 9 25364693
10 0 8 5515138
10 0 7 19572768
10 0 6 1673959
10 0 5 32760492
10 0 4 15691799
10 0 3 6282796
10 0 2 28205535
10 0 1 21015624
10 0 0 7671948
9 12 9 12672536
9 12 8 2462917
9 12 7 13143811
9 12 6 644164
9 12 5 4105357
9 12 4 24589584
9 12 3 16017842
9 12 2 10517874
9 12 1 33453756
9 12 0 33478343
9 11 10 12672536
9 11 9 18598572
9 11 8 12346237
9 11 7 7515452
9 11 6 12090931
9 11 5 32814497
9 11 4 10801544
9 11 3 25245232
9 11 2 23403643
9 11 1 31237823
9 11 0 31467522
9 10 10 22672795
9 10 9 15930773
9 10 8 17847622
9 10 7 18351665
9 10 6 15983399
9 10 5 31426357
9 10 4 9683870
9 10 3 26410717
9 10 2 26034787
9 10 1 27537308
9 10 0 4234855
9 9 10 3229108
9 9 9 8238692
9 9 8 15664603
9 9 7 23947035
9 9 6 18710268
9 9 5 26678055
9 9 4 1270533
9 9 3 4922522
9 9 2 29769150
9 9 1 20236687
9 9 0 9037070
9 8 10 13881810
9 8 9 28511564
9 8 8 14075021
9 8 7 11505213
9 8 6 1664922
9 8 5 14053937
9 8 4 23295804
9 8 3 8993580
9 8 2 10395181
9 8 1 5597265
9 8 0 24987703
9 7 10 977126
9 7 9 4605708
9 7 8 26389858
9 7 7 18700823
9 7 6 29959567
9 7 5 11884991
9 7 4 26666822
9 7 3 12099406
9 7 2 4422189
9 7 1 13531075
9 7 0 29916796
9 6 10 18361216
9 6 9 22045018
9 6 8 9128560
9 6 7 16571335
9 6 6 7789002
9 6 5 12844168
9 6 4 9078349
9 6 3 489606
9 6 2 835847
9 6 1 20397636
9 6 0 11795178
9 5 10 14949775
9 5 9 4014
9 5 8 29607248
9 5 7 17251286
9 5 6 27478997
9 5 5 18141574
9 5 4 17574973
9 5 3 25692797
9 5 2 8838675
9 5 1 995117
9 5 0 24541100
9 4 10 19376283
9 4 9 21792417
9 4 8 14001632
9 4 7 6249417
9 4 6 10229076
9 4 5 31474802
9 4 4 26764403
9 4 3 13325690
9 4 2 8597835
9 4 1 740026
9 4 0 33328663
9 3 10 12277925
9 3 9 33300710
9 3 8 11318491
9 3 7 15751033
9 3 6 28129583
9 3 5 11088873
9 3 4 24890159
9 3 3 2717366
9 3 2 10433936
9 3 1 23294261
9 3 0 12537947
9 2 10 11944192
9 2 9 5851867
9 2 8 1027259
9 2 7 527337
9 2 6 6963834
9 2 5 19903560
9 2 4 7188351
9 2 3 7215973
9 2 2 5411988
9 2 1 13169970
9 2 0 921882
9 1 10 7955200
9 1 9 14411258
9 1 8 14966522
9 1 7 11995293
9 1 6 22931306
9 1 5 18780942
9 1 4 30653605
9 1 3 22873754
9 1 2 6890713
9 1 1 25109371
9 1 0 22000645
9 0 10 8537160
9 0 9 5807542
9 0 8 12019335
9 0 7 9287648
9 0 6 11742489
9 0 5 13845908
9 0 4 3314010
9 0 3 24178237
9 0 2 8509061
9 0 1 8648766
9 0 0 21933856
8 12 9 14344717
8 12 8 17861890
8 12 7 10960208
8 12 6 28259058
8 12 5 26830201
8 12 4 18762803
8 12 3 31665443
8 12 2 20160848
8 12 1 11867009
8 12 0 27011287
8 11 10 14344717
8 11 9 26954341
8 11 8 32805896
8 11 7 14578625
8 11 6 20210188
8 11 5 26991779
8 11 4 31063042
8 11 3 25910796
8 11 2 7215609
8 11 1 30836021
8 11 0 4660517
8 10 10 11151251
8 10 9 284892
8 10 8 24390516
8 10 7 24146266
8 10 6 31141763
8 10 5 20458532
8 10 4 24731882
8 10 3 28744046
8 10 2 16657724
8 10 1 14280346
8 10 0 6951805
8 9 10 754531
8 9 9 10906136
8 9 8 29083175
8 9 7 1238147
8 9 6 4471250
8 9 5 15694838
8 9 4 33213626
8 9 3 3126465
8 9 2 8168535
8 9 1 29243505
8 9 0 19368033
8 8 10 11595927
8 8 9 2725425
8 8 8 25490796
8 8 7 19518270
8 8 6 14916383
8 8 5 9217596
8 8 4 15194576
8 8 3 9348187
8 8 2 15818927
8 8 1 2220908
8 8 0 15133540
8 7 10 16812311
8 7 9 31810758
8 7 8 11840582
8 7 7 31694056
8 7 6 5184252
8 7 5 15446534
8 7 4 2426464
8 7 3 24385614
8 7 2 19494532
8 7 1 25154440
8 7 0 7021094
8 6 10 23611727
8 6 9 9773589
8 6 8 7387
8 6 7 21378600
8 6 6 29438979
8 6 5 22827880
8 6 4 29838196
8 6 3 21206502
8 6 2 4610306
8 6 1 7400325
8 6 0 21302001
8 5 10 10630818
8 5 9 29338450
8 5 8 30690417
8 5 7 27831161
8 5 6 31414173
8 5 5 15196133
8 5 4 18873752
8 5 3 26829463
8 5 2 16320947
8 5 1 13975407
8 5 0 33535046
8 4 10 29920148
8 4 9 12043747
8 4 8 16461479
8 4 7 4797641
8 4 6 26214932
8 4 5 5234962
8 4 4 13973269
8 4 3 7354745
8 4 2 1982586
8 4 1 24358128
8 4 0 17817482
8 3 10 24024382
8 3 9 11919395
8 3 8 30132420
8 3 7 26112797
8 3 6 14889592
8 3 5 23118733
8 3 4 24483507
8 3 3 7909873
8 3 2 2944123
8 3 1 3396972
8 3 0 9186922
8 2 10 12555356
8 2 9 21944889
8 2 8 20316719
8 2 7 13333686
8 2 6 7952141
8 2 5 32331133
8 2 4 12403740
8 2 3 265140
8 2 2 17976369
8 2 1 8035008
8 2 0 16423221
8 1 10 22201669
8 1 9 5340284
8 1 8 31413705
8 1 7 21661391
8 1 6 9221444
8 1 5 8501202
8 1 4 3259882
8 1 3 28233205
8 1 2 13077949
8 1 1 12371925
8 1 0 31388370
8 0 10 19521102
8 0 9 22442972
8 0 8 23135169
8 0 7 19330265
8 0 6 6585527
8 0 5 13656853
8 0 4 7742439
8 0 3 8055668
8 0 2 5969748
8 0 1 4290786
8 0 0 32446035
7 12 9 17150876
7 12 8 5263093
7 12 7 14636454
7 12 6 28101613
7 12 5 7807980
7 12 4 13696509
7 12 3 10630724
7 12 2 19483213
7 12 1 20984227
7 12 0 17928986
7 11 10 17150876
7 11 9 33461309
7 11 8 9140560
7 11 7 32429876
7 11 6 28441814
7 11 5 14965528
7 11 4 32600209
7 11 3 8753662
7 11 2 7761301
7 11 1 19292199
7 11 0 24036305
7 10 10 23212798
7 10 9 5941576
7 10 8 8045444
7 10 7 10177955
7 10 6 26720110
7 10 5 20469949
7 10 4 15194595
7 10 3 6859766
7 10 2 16210350
7 10 1 25036136
7 10 0 32394605
7 9 10 3991372
7 9 9 2677115
7 9 8 28191498
7 9 7 15386415
7 9 6 16102716
7 9 5 30465154
7 9 4 17560460
7 9 3 32129664
7 9 2 22765357
7 9 1 21773401
7 9 0 8208875
7 8 10 9704291
7 8 9 12993700
7 8 8 4795542
7 8 7 10136818
7 8 6 27949616
7 8 5 25908198
7 8 4 33328323
7 8 3 10334724
7 8 2 12580045
7 8 1 27632319
7 8 0 9625527
7 7 10 8643947
7 7 9 6620256
7 7 8 28336252
7 7 7 11811521
7 7 6 12650065
7 7 5 10596600
7 7 4 30160080
7 7 3 29553283
7 7 2 7387293
7 7 1 22000218
7 7 0 21821396
7 6 10 3039006
7 6 9 13870430
7 6 8 11784881
7 6 7 19000292
7 6 6 13970410
7 6 5 25409217
7 6 4 22003315
7 6 3 15929485
7 6 2 25951612
7 6 1 2573772
7 6 0 18324139
7 5 10 8567614
7 5 9 22394394
7 5 8 24660139
7 5 7 20140201
7 5 6 3864851
7 5 5 23197437
7 5 4 28179387
7 5 3 10772593
7 5 2 21571281
7 5 1 30513766
7 5 0 11912534
7 4 10 21987059
7 4 9 21975157
7 4 8 17393124
7 4 7 5546773
7 4 6 23469024
7 4 5 9113724
7 4 4 19980533
7 4 3 26139905
7 4 2 16423169
7 4 1 14871647
7 4 0 15817756
7 3 10 9970683
7 3 9 26634050
7 3 8 23515937
7 3 7 1513327
7 3 6 32813671
7 3 5 3736588
7 3 4 23695193
7 3 3 22270970
7 3 2 11562092
7 3 1 15899179
7 3 0 24074693
7 2 10 31560186
7 2 9 6254087
7 2 8 5616370
7 2 7 21941737
7 2 6 1709455
7 2 5 32553330
7 2 4 4956670
7 2 3 23696149
7 2 2 12277929
7 2 1 30892648
7 2 0 24071921
7 1 10 1622156
7 1 9 20247186
7 1 8 20168225
7 1 7 17453854
7 1 6 20584595
7 1 5 17050090
7 1 4 30830237
7 1 3 14164350
7 1 2 15189868
7 1 1 413776
7 1 0 2320624
7 0 10 1928308
7 0 9 7568576
7 0 8 8971306
7 0 7 18579259
7 0 6 12487605
7 0 5 14672363
7 0 4 11963157
7 0 3 29365404
7 0 2 30424245
7 0 1 8882084
7 0 0 28988494
6 12 9 21388935
6 12 8 19521592
6 12 7 26120024
6 12 6 23675043
6 12 5 5974551
6 12 4 31231023
6 12 3 7105994
6 12 2 21233497
6 12 1 29051707
6 12 0 7693870
6 11 10 21388935
6 11 9 28804355
6 11 8 20897951
6 11 7 12163328
6 11 6 21944338
6 11 5 18430711
6 11 4 11912263
6 11 3 20572202
6 11 2 28093496
6 11 1 397540
6 11 0 7645215
6 10 10 9017985
6 10 9 6721921
6 10 8 23743769
6 10 7 2873355
6 10 6 33242007
6 10 5 19208792
6 10 4 26946943
6 10 3 6487089
6 10 2 26165691
6 10 1 13188696
6 10 0 30039638
6 9 10 14798953
6 9 9 28496641
6 9 8 23855757
6 9 7 28648074
6 9 6 12060379
6 9 5 29075948
6 9 4 18151310
6 9 3 2435804
6 9 2 19702523
6 9 1 22237164
6 9 0 30842898
6 8 10 23003744
6 8 9 25673049
6 8 8 30015422
6 8 7 1150922
6 8 6 10526533
6 8 5 15426203
6 8 4 21217411
6 8 3 6071727
6 8 2 7526803
6 8 1 21736346
6 8 0 10456925
6 7 10 7459249
6 7 9 8047120
6 7 8 30019615
6 7 7 5282745
6 7 6 23993177
6 7 5 15588704
6 7 4 24251538
6 7 3 17365267
6 7 2 4522630
6 7 1 28851059
6 7 0 28111390
6 6 10 8023354
6 6 9 19903318
6 6 8 20747852
6 6 7 8516811
6 6 6 22736073
6 6 5 12891906
6 6 4 6068317
6 6 3 5702618
6 6 2 31479719
6 6 1 22611482
6 6 0 10423037
6 5 10 1386710
6 5 9 26120538
6 5 8 26679230
6 5 7 9653496
6 5 6 16680638
6 5 5 19033746
6 5 4 22383695
6 5 3 15930239
6 5 2 2124108
6 5 1 1614680
6 5 0 9595264
6 4 10 7268961
6 4 9 1264930
6 4 8 7410345
6 4 7 5247098
6 4 6 6595948
6 4 5 18812175
6 4 4 8903900
6 4 3 2324963
6 4 2 30267403
6 4 1 12436452
6 4 0 9595042
6 3 10 2305579
6 3 9 32184956
6 3 8 13441603
6 3 7 15680386
6 3 6 11346844
6 3 5 27563261
6 3 4 2604750
6 3 3 21560070
6 3 2 8481141
6 3 1 4963543
6 3 0 7692281
6 2 10 31326588
6 2 9 1593591
6 2 8 18439373
6 2 7 8371698
6 2 6 16465826
6 2 5 25498337
6 2 4 3224961
6 2 3 8336924
6 2 2 21799554
6 2 1 1790716
6 2 0 12188729
6 1 10 8415682
6 1 9 2959911
6 1 8 32469849
6 1 7 16083499
6 1 6 16677244
6 1 5 21396017
6 1 4 23361105
6 1 3 24482510
6 1 2 28495003
6 1 1 10300015
6 1 0 10463129
6 0 10 32024264
6 0 9 2108269
6 0 8 7676747
6 0 7 1788760
6 0 6 19861341
6 0 5 2704265
6 0 4 2730805
6 0 3 22009003
6 0 2 643213
6 0 1 29020268
6 0 0 23081569
5 12 9 12430236
5 12 8 8902168
5 12 7 1727561
5 12 6 8443343
5 12 5 33037718
5 12 4 23120328
5 12 3 28880282
5 12 2 14809508
5 12 1 28011367
5 12 0 26952782
5 11 10 12430236
5 11 9 4643307
5 11 8 17709286
5 11 7 22455077
5 11 6 18879926
5 11 5 1538717
5 11 4 5528474
5 11 3 31251294
5 11 2 14730087
5 11 1 10411283
5 11 0 24431489
5 10 10 16550816
5 10 9 15241319
5 10 8 1987895
5 10 7 32754270
5 10 6 6578156
5 10 5 18354351
5 10 4 4891579
5 10 3 32241226
5 10 2 1415513
5 10 1 15501992
5 10 0 17370310
5 9 10 25434955
5 9 9 11287960
5 9 8 3865981
5 9 7 25418100
5 9 6 1597394
5 9 5 7910205
5 9 4 18680134
5 9 3 1469955
5 9 2 24095702
5 9 1 20886394
5 9 0 28469966
5 8 10 18939480
5 8 9 32498583
5 8 8 12667323
5 8 7 2580040
5 8 6 22120373
5 8 5 18555329
5 8 4 21404998
5 8 3 1873440
5 8 2 5224499
5 8 1 6390756
5 8 0 31517515
5 7 10 4969947
5 7 9 4623488
5 7 8 8883782
5 7 7 32212883
5 7 6 22333116
5 7 5 30382559
5 7 4 23683829
5 7 3 30049850
5 7 2 22777320
5 7 1 212879
5 7 0 33425049
5 6 10 15417265
5 6 9 19177513
5 6 8 10183635
5 6 7 16363914
5 6 6 714064
5 6 5 195387
5 6 4 19694667
5 6 3 23848031
5 6 2 13452316
5 6 1 1489678
5 6 0 32437398
5 5 10 31643945
5 5 9 24894547
5 5 8 30489557
5 5 7 12864300
5 5 6 33083998
5 5 5 22824876
5 5 4 14474422
5 5 3 23337007
5 5 2 29384095
5 5 1 25599357
5 5 0 8316364
5 4 10 12297206
5 4 9 18644519
5 4 8 12569724
5 4 7 26103837
5 4 6 19108697
5 4 5 4908729
5 4 4 11610346
5 4 3 11715764
5 4 2 15149577
5 4 1 13598517
5 4 0 2337980
5 3 10 10135670
5 3 9 9076628
5 3 8 10015633
5 3 7 28883558
5 3 6 25421257
5 3 5 31921004
5 3 4 30002959
5 3 3 12014671
5 3 2 31664073
5 3 1 9136108
5 3 0 18805024
5 2 10 17381069
5 2 9 28245214
5 2 8 15190069
5 2 7 28831976
5 2 6 4876428
5 2 5 17478407
5 2 4 11393272
5 2 3 563997
5 2 2 22672159
5 2 1 16874663
5 2 0 6827031
5 1 10 7623891
5 1 9 32672360
5 1 8 25962364
5 1 7 20694566
5 1 6 10661473
5 1 5 7711928
5 1 4 26366275
5 1 3 6103989
5 1 2 29070935
5 1 1 22642083
5 1 0 17774941
5 0 10 26361296
5 0 9 1364498
5 0 8 18599409
5 0 7 30800724
5 0 6 1471796
5 0 5 26176090
5 0 4 27538299
5 0 3 18027424
5 0 2 11359240
5 0 1 16224075
5 0 0 20691795
4 12 9 314480
4 12 8 9807216
4 12 7 31794735
4 12 6 12914689
4 12 5 19287274
4 12 4 14354126
4 12 3 8648718
4 12 2 20590289
4 12 1 15408222
4 12 0 9042731
4 11 10 314480
4 11 9 7073894
4 11 8 9349587
4 11 7 17830955
4 11 6 25720248
4 11 5 33487577
4 11 4 28213728
4 11 3 1672757
4 11 2 28533186
4 11 1 11634392
4 11 0 30744150
4 10 10 9537600
4 10 9 33320942
4 10 8 20158874
4 10 7 9476782
4 10 6 5171490
4 10 5 10428089
4 10 4 20904368
4 10 3 10172758
4 10 2 28087738
4 10 1 5482670
4 10 0 10906543
4 9 10 29587935
4 9 9 11385717
4 9 8 30612344
4 9 7 3031333
4 9 6 27549737
4 9 5 18890775
4 9 4 12570127
4 9 3 4694134
4 9 2 3587212
4 9 1 2699757
4 9 0 2707784
4 8 10 4825187
4 8 9 1606385
4 8 8 29709829
4 8 7 8786825
4 8 6 30189595
4 8 5 3401918
4 8 4 19369733
4 8 3 21625191
4 8 2 3435899
4 8 1 25620648
4 8 0 15133702
4 7 10 15740401
4 7 9 16357134
4 7 8 28079994
4 7 7 10621299
4 7 6 33434610
4 7 5 6548419
4 7 4 13567725
4 7 3 24680387
4 7 2 19543510
4 7 1 8231014
4 7 0 32753952
4 6 10 30688782
4 6 9 20044963
4 6 8 27023719
4 6 7 4214369
4 6 6 16083946
4 6 5 23716490
4 6 4 2504897
4 6 3 21069005
4 6 2 13310423
4 6 1 7723506
4 6 0 13180657
4 5 10 31312042
4 5 9 914772
4 5 8 4415060
4 5 7 7497659
4 5 6 29707433
4 5 5 9259964
4 5 4 2066747
4 5 3 31649676
4 5 2 4524004
4 5 1 17177591
4 5 0 6361203
4 4 10 22882815
4 4 9 29959721
4 4 8 23344290
4 4 7 30544050
4 4 6 17204292
4 4 5 29508761
4 4 4 21604326
4 4 3 3225872
4 4 2 895573
4 4 1 21415282
4 4 0 31582018
4 3 10 463952
4 3 9 17072885
4 3 8 1891588
4 3 7 3435619
4 3 6 17677431
4 3 5 24296063
4 3 4 27221331
4 3 3 228734
4 3 2 25881716
4 3 1 16461686
4 3 0 23508449
4 2 10 3710510
4 2 9 33431876
4 2 8 23977236
4 2 7 24446082
4 2 6 29461726
4 2 5 176553
4 2 4 31288798
4 2 3 1047591
4 2 2 25083087
4 2 1 6689534
4 2 0 9622527
4 1 10 27407591
4 1 9 31445665
4 1 8 12886277
4 1 7 11323056
4 1 6 27940822
4 1 5 4271443
4 1 4 19073315
4 1 3 28523362
4 1 2 19264382
4 1 1 9462163
4 1 0 32119459
4 0 10 29614441
4 0 9 3593621
4 0 8 13044262
4 0 7 33406787
4 0 6 26166497
4 0 5 6586939
4 0 4 5390415
4 0 3 14738049
4 0 2 8053419
4 0 1 9730450
4 0 0 11086010
3 12 9 20968991
3 12 8 15064682
3 12 7 6090138
3 12 6 11710446
3 12 5 22789057
3 12 4 5735916
3 12 3 1168378
3 12 2 33198175
3 12 1 30780915
3 12 0 30721502
3 11 10 20968991
3 11 9 33203087
3 11 8 21311225
3 11 7 13559228
3 11 6 32970522
3 11 5 32835672
3 11 4 13516572
3 11 3 27230548
3 11 2 16904136
3 11 1 16164842
3 11 0 27264097
3 10 10 7958060
3 10 9 27094449
3 10 8 29786804
3 10 7 28582759
3 10 6 19716287
3 10 5 16177445
3 10 4 17812296
3 10 3 15276842
3 10 2 17354427
3 10 1 31527995
3 10 0 29892892
3 9 10 1391043
3 9 9 32513988
3 9 8 5717640
3 9 7 8775729
3 9 6 6645471
3 9 5 6260357
3 9 4 24142588
3 9 3 29519775
3 9 2 6818120
3 9 1 1743873
3 9 0 6467316
3 8 10 18988435
3 8 9 22495851
3 8 8 19883330
3 8 7 14419549
3 8 6 7651732
3 8 5 3543414
3 8 4 15054352
3 8 3 10396964
3 8 2 3590647
3 8 1 13744671
3 8 0 22098652
3 7 10 7789103
3 7 9 25974059
3 7 8 16545499
3 7 7 19360832
3 7 6 29501159
3 7 5 24330608
3 7 4 9098772
3 7 3 6894802
3 7 2 27070604
3 7 1 22289150
3 7 0 32064151
3 6 10 32583321
3 6 9 21435559
3 6 8 32646277
3 6 7 16112811
3 6 6 32699633
3 6 5 16372327
3 6 4 3666796
3 6 3 13834298
3 6 2 12723436
3 6 1 14425146
3 6 0 24552306
3 5 10 27121700
3 5 9 32780697
3 5 8 31658219
3 5 7 18000706
3 5 6 33156746
3 5 5 16765697
3 5 4 3806825
3 5 3 31926454
3 5 2 3865733
3 5 1 28811422
3 5 0 14118245
3 4 10 4697162
3 4 9 20990215
3 4 8 23793442
3 4 7 24227482
3 4 6 6195721
3 4 5 29139438
3 4 4 28334718
3 4 3 28523517
3 4 2 32468657
3 4 1 8713841
3 4 0 22543709
3 3 10 4227494
3 3 9 33237532
3 3 8 6495388
3 3 7 1787272
3 3 6 5255148
3 3 5 23160947
3 3 4 19048552
3 3 3 27208292
3 3 2 14797120
3 3 1 16991093
3 3 0 7319285
3 2 10 6470579
3 2 9 4125589
3 2 8 8557928
3 2 7 24908606
3 2 6 33211045
3 2 5 7381252
3 2 4 2910053
3 2 3 31822183
3 2 2 32511870
3 2 1 33091705
3 2 0 24369993
3 1 10 10227248
3 1 9 13348494
3 1 8 130135
3 1 7 19205264
3 1 6 2115448
3 1 5 13278384
3 1 4 26454606
3 1 3 11787032
3 1 2 12458918
3 1 1 15822473
3 1 0 32279351
3 0 10 30971112
3 0 9 27857957
3 0 8 24730301
3 0 7 28661052
3 0 6 27030379
3 0 5 6749754
3 0 4 12204428
3 0 3 33166835
3 0 2 29289386
3 0 1 16892383
3 0 0 1835307
2 12 9 22765747
2 12 8 9511002
2 12 7 29894786
2 12 6 33199267
2 12 5 8628810
2 12 4 31263197
2 12 3 27050320
2 12 2 29591563
2 12 1 30239903
2 12 0 12821874
2 11 10 22765747
2 11 9 25822299
2 11 8 22395070
2 11 7 32494069
2 11 6 29749711
2 11 5 7762114
2 11 4 31561392
2 11 3 11456966
2 11 2 20135305
2 11 1 14466798
2 11 0 7776673
2 10 10 27099943
2 10 9 24018997
2 10 8 27945910
2 10 7 11646344
2 10 6 5229996
2 10 5 192451
2 10 4 33333838
2 10 3 25139847
2 10 2 18606186
2 10 1 22407374
2 10 0 26358166
2 9 10 13929772
2 9 9 13952460
2 9 8 8185739
2 9 7 442476
2 9 6 4098759
2 9 5 10707876
2 9 4 3592294
2 9 3 29400813
2 9 2 13733868
2 9 1 29835018
2 9 0 1303764
2 8 10 154518
2 8 9 27024455
2 8 8 28853315
2 8 7 15747338
2 8 6 18156759
2 8 5 4523745
2 8 4 8994280
2 8 3 16276589
2 8 2 28580506
2 8 1 7405280
2 8 0 6732244
2 7 10 21071293
2 7 9 22439645
2 7 8 25772269
2 7 7 17233781
2 7 6 11417675
2 7 5 12352575
2 7 4 25933636
2 7 3 22755140
2 7 2 28167761
2 7 1 18269109
2 7 0 16785467
2 6 10 4646279
2 6 9 22803155
2 6 8 31069062
2 6 7 28502161
2 6 6 29141487
2 6 5 17505530
2 6 4 7054511
2 6 3 16572167
2 6 2 25223953
2 6 1 6689684
2 6 0 10608113
2 5 10 8273544
2 5 9 32697622
2 5 8 19762694
2 5 7 15904511
2 5 6 20999728
2 5 5 28829850
2 5 4 11052398
2 5 3 22712028
2 5 2 32011391
2 5 1 9086681
2 5 0 3645622
2 4 10 20947550
2 4 9 22682102
2 4 8 2560557
2 4 7 23051407
2 4 6 19552112
2 4 5 33414589
2 4 4 93100
2 4 3 14964099
2 4 2 4031065
2 4 1 5015612
2 4 0 9723560
2 3 10 5983591
2 3 9 15869438
2 3 8 20732178
2 3 7 28358836
2 3 6 4875977
2 3 5 13134610
2 3 4 7518457
2 3 3 17848892
2 3 2 9158423
2 3 1 29878633
2 3 0 7425294
2 2 10 23570032
2 2 9 14833904
2 2 8 16427733
2 2 7 18834475
2 2 6 22314676
2 2 5 13462620
2 2 4 1096521
2 2 3 15230464
2 2 2 32857006
2 2 1 15724815
2 2 0 22185840
2 1 10 23113477
2 1 9 31355183
2 1 8 31454086
2 1 7 2780659
2 1 6 14847093
2 1 5 32958276
2 1 4 21630593
2 1 3 28021860
2 1 2 22777634
2 1 1 10867789
2 1 0 2681404
2 0 10 25126739
2 0 9 10178785
2 0 8 26991342
2 0 7 3582916
2 0 6 19710874
2 0 5 21364787
2 0 4 21027330
2 0 3 9583663
2 0 2 28534322
2 0 1 27868883
2 0 0 18297213
1 12 8 8579656
1 12 7 25428014
1 12 6 33532676
1 12 5 7303546
1 12 4 5366569
1 12 3 4898767
1 12 2 7946283
1 12 1 8680568
1 12 0 24440104
1 11 9 17159312
1 11 8 16662848
1 11 7 4730107
1 11 6 27810490
1 11 5 973120
1 11 4 9521715
1 11 3 20234087
1 11 2 29598986
1 11 1 6750015
1 11 0 4123
1 10 10 8579656
1 10 9 31965865
1 10 8 4666822
1 10 7 11663351
1 10 6 6893620
1 10 5 19100252
1 10 4 30148595
1 10 3 5251623
1 10 2 20952305
1 10 1 7497194
1 10 0 21842694
1 9 10 7176638
1 9 9 15491959
1 9 8 22050683
1 9 7 18561398
1 9 6 29531367
1 9 5 22192201
1 9 4 3674353
1 9 3 29114935
1 9 2 30921894
1 9 1 27801476
1 9 0 1338579
1 8 10 32736273
1 8 9 29239476
1 8 8 6987730
1 8 7 29861335
1 8 6 887260
1 8 5 24401481
1 8 4 32162740
1 8 3 16095707
1 8 2 32192659
1 8 1 2141300
1 8 0 32750520
1 7 10 28951234
1 7 9 8187237
1 7 8 23039424
1 7 7 6092547
1 7 6 7424194
1 7 5 10666804
1 7 4 18315969
1 7 3 27847161
1 7 2 13507842
1 7 1 8293123
1 7 0 32014198
1 6 10 15597592
1 6 9 4017810
1 6 8 33113093
1 6 7 28998493
1 6 6 29914762
1 6 5 10366064
1 6 4 1367124
1 6 3 10724233
1 6 2 22240092
1 6 1 20457588
1 6 0 30175634
1 5 10 17372217
1 5 9 18745227
1 5 8 26848634
1 5 7 15109072
1 5 6 2868164
1 5 5 29165015
1 5 4 8412318
1 5 3 32894874
1 5 2 25803193
1 5 1 15191868
1 5 0 23819697
1 4 10 24563250
1 4 9 31142942
1 4 8 27778236
1 4 7 12474956
1 4 6 3300536
1 4 5 23481832
1 4 4 28209293
1 4 3 6586674
1 4 2 9093336
1 4 1 19632361
1 4 0 18067018
1 3 10 22197343
1 3 9 32026076
1 3 8 15774627
1 3 7 33235216
1 3 6 19121016
1 3 5 18486235
1 3 4 27484828
1 3 3 8717026
1 3 2 7538975
1 3 1 2957728
1 3 0 25191768
1 2 10 21287037
1 2 9 6728373
1 2 8 6691647
1 2 7 7676655
1 2 6 13522509
1 2 5 29140708
1 2 4 25656658
1 2 3 22573885
1 2 2 18247983
1 2 1 7755810
1 2 0 19811578
1 1 10 6441185
1 1 9 10538171
1 1 8 1995969
1 1 7 27696149
1 1 6 24760484
1 1 5 20799008
1 1 4 5499329
1 1 3 27855195
1 1 2 1536342
1 1 1 18711746
1 1 0 31812567
1 0 10 12929202
1 0 9 32607909
1 0 8 18555001
1 0 7 22876078
1 0 6 23464352
1 0 5 22042893
1 0 4 17106319
1 0 3 13423603
1 0 2 31788967
1 0 1 13541135
1 0 0 647777
0 11 7 32781658
0 11 6 28327691
0 11 5 14201695
0 11 4 23479854
0 11 3 3191637
0 11 2 27133629
0 11 1 8294956
0 11 0 13083165
0 10 8 31236188
0 10 7 8783910
0 10 6 5647923
0 10 5 24319897
0 10 4 27697068
0 10 3 6230382
0 10 2 30745476
0 10 1 3448528
0 10 0 14564848
0 9 9 31236188
0 9 8 27248489
0 9 7 9180405
0 9 6 28987930
0 9 5 31708650
0 9 4 18176012
0 9 3 12089861
0 9 2 27774223
0 9 1 28606957
0 9 0 10635407
0 8 10 32781658
0 8 9 7238440
0 8 8 12271345
0 8 7 16359778
0 8 6 24909364
0 8 5 7328835
0 8 4 4070043
0 8 3 16418864
0 8 2 28746256
0 8 1 16976202
0 8 0 28652239
0 7 10 27554956
0 7 9 11829803
0 7 8 31965930
0 7 7 12839981
0 7 6 30543786
0 7 5 5871187
0 7 4 26089453
0 7 3 4339327
0 7 2 6642976
0 7 1 18093992
0 7 0 30840368
0 6 10 17292635
0 6 9 7366228
0 6 8 16273444
0 6 7 1386307
0 6 6 10030902
0 6 5 21655347
0 6 4 2028121
0 6 3 29880650
0 6 2 22505898
0 6 1 32576852
0 6 0 24734384
0 5 10 32266445
0 5 9 20512977
0 5 8 8175906
0 5 7 1698278
0 5 6 22820793
0 5 5 11997330
0 5 4 445374
0 5 3 3063075
0 5 2 7816122
0 5 1 2312605
0 5 0 1614018
0 4 10 918839
0 4 9 2990271
0 4 8 12038293
0 4 7 15083270
0 4 6 20618055
0 4 5 17239286
0 4 4 9829826
0 4 3 687245
0 4 2 1456769
0 4 1 1266530
0 4 0 25959213
0 3 10 6589059
0 3 9 5484107
0 3 8 12711650
0 3 7 9791104
0 3 6 11338625
0 3 5 30028271
0 3 4 19265332
0 3 3 6351475
0 3 2 22394383
0 3 1 25152653
0 3 0 4508561
0 2 10 15398054
0 2 9 18059266
0 2 8 8817191
0 2 7 30622931
0 2 6 9000469
0 2 5 29440100
0 2 4 3055107
0 2 3 21637504
0 2 2 32299473
0 2 1 32556065
0 2 0 30191179
0 1 10 26496444
0 1 9 2776915
0 1 8 25948467
0 1 7 12528407
0 1 6 18860687
0 1 5 27495988
0 1 4 4607266
0 1 3 8974417
0 1 2 8129308
0 1 1 7765773
0 1 0 9053721
0 0 10 26515718
0 0 9 2631392
0 0 8 25413981
0 0 7 6583637
0 0 6 3564013
0 0 5 21319656
0 0 4 11828733
0 0 3 30263933
0 0 2 17691162
0 0 1 3402759
0 0 0 12742163
# eps den 2175
21 4 0 4
21 3 1 8
21 3 0 20
21 2 2 4
21 2 1 28
21 2 0 36
21 1 2 8
21 1 1 32
21 1 0 28
21 0 2 4
21 0 1 12
21 0 0 8
20 5 0 33554381
20 4 1 33554353
20 4 0 104
20 3 2 33554349
20 3 1 164
20 3 0 712
20 2 3 33554377
20 2 2 28
20 2 1 908
20 2 0 1392
20 1 3 33554361
20 1 2 188
20 1 1 1164
20 1 0 1124
20 0 3 33554377
20 0 2 116
20 0 1 460
20 0 0 328
19 5 1 48
19 5 0 33553925
19 4 2 112
19 4 1 33553069
19 4 0 836
19 3 3 80
19 3 2 33553085
19 3 1 368
19 3 0 11668
19 2 4 16
19 2 3 33553973
19 2 2 33552765
19 2 1 13172
19 2 0 25308
19 1 4 32
19 1 3 33553313
19 1 2 1116
19 1 1 19704
19 1 0 21296
19 0 4 16
19 0 3 33553813
19 0 2 1324
19 0 1 8272
19 0 0 6352
18 7 0 32
18 6 1 64
18 6 0 160
18 5 2 33554377
18 5 1 2012
18 5 0 33546081
18 4 3 33554313
18 4 2 4012
18 4 1 33534773
18 4 0 33550249
18 3 4 33554377
18 3 3 2756
18 3 2 33537737
18 3 1 33529565
18 3 0 115824
18 2 5 16
18 2 4 628
18 2 3 33550397
18 2 2 33513989
18 2 1 109596
18 2 0 287488
18 1 5 32
18 1 4 1304
18 1 3 33537813
18 1 2 33539681
18 1 1 205520
18 1 0 253224
18 0 5 16
18 0 4 660
18 0 3 33544645
18 0 2 5008
18 0 1 92664
18 0 0 77264
17 8 0 33554369
17 7 1 33554217
17 7 0 1000
17 6 2 33554113
17 6 1 1432
17 6 0 5372
17 5 3 33554217
17 5 2 33552829
17 5 1 37776
17 5 0 33465253
17 4 4 33554257
17 4 3 33550941
17 4 2 66080
17 4 1 33386229
17 4 0 33398185
17 3 5 33554265
17 3 4 33553165
17 3 3 43168
17 3 2 33445325
17 3 1 33135289
17 3 0 766568
17 2 6 33554353
17 2 5 148
17 2 4 10436
17 2 3 33549797
17 2 2 33082389
17 2 1 533160
17 2 0 2286644
17 1 6 33554313
17 1 5 680
17 1 4 24012
17 1 3 33402769
17 1 2 33208049
17 1 1 1471920
17 1 0 2119492
17 0 6 33554353
17 0 5 404
17 0 4 12484
17 0 3 33453809
17 0 2 33503621
17 0 1 723988
17 0 0 662136
16 9 0 33554369
16 8 1 48
16 8 0 33553481
16 7 2 296
16 7 1 33548865
16 7 0 14220
16 6 3 352
16 6 2 33546353
16 6 1 10688
16 6 0 84288
16 5 4 248
16 5 3 33549749
16 5 2 33513877
16 5 1 426524
16 5 0 32912021
16 4 5 256
16 4 4 33550997
16 4 3 33488613
16 4 2 663332
16 4 1 32682421
16 4 0 31801409
16 3 6 152
16 3 5 33551237
16 3 4 33525241
16 3 3 405004
16 3 2 33314569
16 3 1 29848129
16 3 0 3456804
16 2 7 16
16 2 6 33553445
16 2 5 33551445
16 2 4 97484
16 2 3 276820
16 2 2 30048841
16 2 1 1006544
16 2 0 13523568
16 1 7 32
16 1 6 33552041
16 1 5 4596
16 1 4 267600
16 1 3 32655233
16 1 2 30068357
16 1 1 7614580
16 1 0 13275756
16 0 7 16
16 0 6 33553141
16 0 5 4132
16 0 4 144608
16 0 3 32844201
16 0 2 32638573
16 0 1 4184004
16 0 0 4250424
15 10 0 32
15 9 1 160
15 9 0 33553809
15 8 2 128
15 8 1 2216
15 8 0 33538741
15 7 3 32
15 7 2 9640
15 7 1 33474641
15 7 0 120816
15 6 4 160
15 6 3 11416
15 6 2 33449765
15 6 1 33537825
15 6 0 820716
15 5 5 80
15 5 4 8492
15 5 3 33502369
15 5 2 33005893
15 5 1 3260584
15 5 0 30301649
15 4 6 33554313
15 4 5 7852
15 4 4 33519957
15 4 3 32806589
15 4 2 4526996
15 4 1 31323105
15 4 0 21246229
15 3 7 33554377
15 3 6 4436
15 3 5 33521785
15 3 4 33185117
15 3 3 2509152
15 3 2 2221064
15 3 1 11635969
15 3 0 9887704
15 2 8 16
15 2 7 532
15 2 6 33545373
15 2 5 33483413
15 2 4 551340
15 2 3 3385752
15 2 2 15358437
15 2 1 27540905
15 2 0 28072451
15 1 8 32
15 1 7 1112
15 1 6 33522725
15 1 5 33541265
15 1 4 2031264
15 1 3 30135617
15 1 2 10655549
15 1 1 28975368
15 1 0 31026191
15 0 8 16
15 0 7 564
15 0 6 33536261
15 0 5 17472
15 0 4 1153416
15 0 3 29943413
15 0 2 26111213
15 0 1 18497064
15 0 0 21212000
14 10 1 33554265
14 10 0 928
14 9 2 33554041
14 9 1 4024
14 9 0 33548293
14 8 3 33553977
14 8 2 2264
14 8 1 41600
14 8 0 33391977
14 7 4 33553785
14 7 3 33553409
14 7 2 143756
14 7 1 32854961
14 7 0 672252
14 6 5 33553657
14 6 4 1480
14 6 3 168296
14 6 2 32745673
14 6 1 32579785
14 6 0 5553600
14 5 6 33554025
14 5 5 33553933
14 5 4 128216
14 5 3 33256189
14 5 2 28813817
14 5 1 17935976
14 5 0 21971933
14 4 7 33554281
14 4 6 33551037
14 4 5 108388
14 4 4 33401917
14 4 3 27821565
14 4 2 22123296
14 4 1 3957384
14 4 0 5037122
14 3 8 33554313
14 3 7 33553381
14 3 6 58544
14 3 5 33389733
14 3 4 30562025
14 3 3 10529416
14 3 2 26332892
14 3 1 6945483
14 3 0 9831092
14 2 9 33554377
14 2 8 220
14 2 7 7276
14 2 6 33518917
14 2 5 32856173
14 2 4 1717584
14 2 3 22742648
14 2 2 32228099
14 2 1 3709530
14 2 0 19871882
14 1 9 33554361
14 1 8 680
14 1 7 17140
14 1 6 33296225
14 1 5 33083369
14 1 4 11174424
14 1 3 27024485
14 1 2 24707468
14 1 1 12739126
14 1 0 15028785
14 0 9 33554377
14 0 8 380
14 0 7 8964
14 0 6 33393233
14 0 5 33508817
14 0 4 6743076
14 0 3 20077013
14 0 2 26452642
14 0 1 30191399
14 0 0 17196846
13 12 0 33554381
13 11 1 33554369
13 11 0 33554333
13 10 2 116
13 10 1 33550821
13 10 0 12368
13 9 3 160
13 9 2 33545321
13 9 1 45528
13 9 0 33520869
13 8 4 176
13 8 3 33543521
13 8 2 11144
13 8 1 448548
13 8 0 32407729
13 7 5 512
13 7 4 33539233
13 7 3 33515673
13 7 2 1304056
13 7 1 29401049
13 7 0 2478036
13 6 6 496
13 6 5 33537185
13 6 4 33535433
13 6 3 1499720
13 6 2 29498965
13 6 1 24120117
13 6 0 27710808
13 5 7 176
13 5 6 33546101
13 5 5 33515521
13 5 4 1145804
13 5 3 32958609
13 5 2 4848153
13 5 1 6259398
13 5 0 6656501
13 4 8 100
13 4 7 33552101
13 4 6 33497613
13 4 5 893076
13 4 4 169728
13 4 3 1941937
13 4 2 11917550
13 4 1 905746
13 4 0 30604144
13 3 9 56
13 3 8 33552737
13 3 7 33534841
13 3 6 461628
13 3 5 33382705
13 3 4 16645765
13 3 3 28275024
13 3 2 17156444
13 3 1 3340785
13 3 0 3394078
13 2 10 4
13 2 9 33554105
13 2 8 424
13 2 7 54324
13 2 6 74920
13 2 5 29364077
13 2 4 255532
13 2 3 4220885
13 2 2 15066522
13 2 1 19776542
13 2 0 29601178
13 1 10 8
13 1 9 33553649
13 1 8 6216
13 1 7 157256
13 1 6 32136665
13 1 5 29348657
13 1 4 12626215
13 1 3 10653096
13 1 2 2358540
13 1 1 11022044
13 1 0 9890245
13 0 10 4
13 0 9 33553993
13 0 8 4036
13 0 7 85848
13 0 6 32571365
13 0 5 32453057
13 0 4 29996148
13 0 3 30642106
13 0 2 2718217
13 0 1 4821399
13 0 0 2712240
12 13 0 4
12 12 1 56
12 12 0 33554113
12 11 2 100
12 11 1 33554061
12 11 0 33552917
12 10 3 176
12 10 2 3404
12 10 1 33508845
12 10 0 100400
12 9 4 496
12 9 3 5272
12 9 2 33447865
12 9 1 303060
12 9 0 33476589
12 8 5 512
12 8 4 6968
12 8 3 33426657
12 8 2 33489341
12 8 1 3191556
12 8 0 27692841
12 7 6 176
12 7 5 14392
12 7 4 33385201
12 7 3 33027937
12 7 2 8054084
12 7 1 15992477
12 7 0 5410540
12 6 7 160
12 6 6 13048
12 6 5 33374337
12 6 4 33106689
12 6 3 9042512
12 6 2 20328741
12 6 1 12558686
12 6 0 4894085
12 5 8 116
12 5 7 5204
12 5 6 33472857
12 5 5 33000253
12 5 4 6809788
12 5 3 4076904
12 5 2 6031316
12 5 1 25090254
12 5 0 8953965
12 4 9 33554369
12 4 8 2572
12 4 7 33535933
12 4 6 33008765
12 4 5 4892876
12 4 4 6532008
12 4 3 4054708
12 4 2 3143518
12 4 1 24145610
12 4 0 25702022
12 3 10 33554381
12 3 9 1248
12 3 8 33539697
12 3 7 33355757
12 3 6 2414340
12 3 5 3339564
12 3 4 30856531
12 3 3 31585376
12 3 2 22967051
12 3 1 27356626
12 3 0 16633237
12 2 10 72
12 2 9 33552385
12 2 8 33542813
12 2 7 235020
12 2 6 1717004
12 2 5 16540621
12 2 4 6715881
12 2 3 20929406
12 2 2 23560599
12 2 1 25935893
12 2 0 14407453
12 1 10 180
12 1 9 33546537
12 1 8 30636
12 1 7 967048
12 1 6 28047605
12 1 5 10673377
12 1 4 12153840
12 1 3 33364077
12 1 2 26702671
12 1 1 27354786
12 1 0 16823225
12 0 10 96
12 0 9 33549817
12 0 8 25064
12 0 7 556896
12 0 6 29196161
12 0 5 25773633
12 0 4 3289917
12 0 3 1051714
12 0 2 16677484
12 0 1 30310618
12 0 0 8499563
11 13 1 33554377
11 13 0 92
11 12 2 33554313
11 12 1 1220
11 12 0 33551433
11 11 3 33554281
11 11 2 1972
11 11 1 33553681
11 11 0 33537845
11 10 4 33554025
11 10 3 3404
11 10 2 44544
11 10 1 33202877
11 10 0 554608
11 9 5 33553657
11 9 4 9016
11 9 3 73368
11 9 2 32801229
11 9 1 1292048
11 9 0 229364
11 8 6 33553785
11 8 5 8408
11 8 4 104016
11 8 3 32662381
11 8 2 32309933
11 8 1 16100684
11 8 0 11054881
11 7 7 33553977
11 7 6 1608
11 7 5 178224
11 7 4 32442049
11 7 3 29427505
11 7 2 2327291
11 7 1 13224570
11 7 0 1584692
11 6 8 33554041
11 6 7 1480
11 6 6 152752
11 6 5 32451009
11 6 4 29532113
11 6 3 5500579
11 6 2 9490137
11 6 1 13351787
11 6 0 11486887
11 5 9 33554265
11 5 8 1304
11 5 7 64536
11 5 6 33104621
11 5 5 29289617
11 5 4 28502756
11 5 3 8288863
11 5 2 1212089
11 5 1 22101593
11 5 0 27509146
11 4 9 33553609
11 4 8 28560
11 4 7 33493749
11 4 6 30139629
11 4 5 18702220
11 4 4 11365955
11 4 3 27286601
11 4 2 22947506
11 4 1 31907792
11 4 0 16518391
11 3 10 33554129
11 3 9 12464
11 3 8 33483841
11 3 7 32283593
11 3 6 8750148
11 3 5 26626928
11 3 4 18948299
11 3 3 28826316
11 3 2 18905329
11 3 1 19873341
11 3 0 20583280
11 2 10 520
11 2 9 33549417
11 2 8 33433577
11 2 7 490828
11 2 6 10690796
11 2 5 19028062
11 2 4 12759209
11 2 3 13504833
11 2 2 16522838
11 2 1 3795087
11 2 0 6642404
11 1 10 1832
11 1 9 33504553
11 1 8 75632
11 1 7 4240592
11 1 6 18175737
11 1 5 12959723
11 1 4 23795558
11 1 3 28808968
11 1 2 32845851
11 1 1 32762253
11 1 0 29957444
11 0 10 1048
11 0 9 33522649
11 0 8 98992
11 0 7 2602248
11 0 6 19049545
11 0 5 32418450
11 0 4 16382360
11 0 3 16467110
11 0 2 6778883
11 0 1 24448023
11 0 0 38866
10 13 2 16
10 13 1 33554053
10 13 0 956
10 12 3 33554377
10 12 2 33552725
10 12 1 11972
10 12 0 33535641
10 11 4 33554313
10 11 3 33551789
10 11 2 16852
10 11 1 16388
10 11 0 33442469
10 10 5 80
10 10 4 33546461
10 10 3 28148
10 10 2 345668
10 10 1 31721597
10 10 0 2205744
10 9 6 160
10 9 5 33539681
10 9 4 70048
10 9 3 589012
10 9 2 29987713
10 9 1 3511140
10 9 0 2761116
10 8 7 32
10 8 6 33542177
10 8 5 54824
10 8 4 858092
10 8 3 29442261
10 8 2 24887261
10 8 1 26449763
10 8 0 828530
10 7 8 128
10 7 7 33546193
10 7 6 33546705
10 7 5 1299624
10 7 4 28807065
10 7 3 11992317
10 7 2 18401409
10 7 1 15554512
10 7 0 29439182
10 6 9 160
10 6 8 33548177
10 6 7 33549521
10 6 6 1057176
10 6 5 29234201
10 6 4 11548829
10 6 3 23879585
10 6 2 5044188
10 6 1 334656
10 6 0 29933219
10 5 10 32
10 5 9 33552281
10 5 8 2144
10 5 7 457852
10 5 6 32114561
10 5 5 12137661
10 5 4 19198966
10 5 3 32037079
10 5 2 33047739
10 5 1 16226722
10 5 0 29098473
10 4 10 64
10 4 9 33544489
10 4 8 183052
10 4 7 98668
10 4 6 18631429
10 4 5 16931731
10 4 4 19191375
10 4 3 16060586
10 4 2 1475323
10 4 1 24305671
10 4 0 31437257
10 3 10 33551801
10 3 9 73744
10 3 8 33378609
10 3 7 27979837
10 3 6 22065384
10 3 5 13206881
10 3 4 31252136
10 3 3 22639865
10 3 2 26693741
10 3 1 21682668
10 3 0 8211595
10 2 10 1640
10 2 9 18800
10 2 8 32940821
10 2 7 32994669
10 2 6 7455275
10 2 5 8947255
10 2 4 8300044
10 2 3 4090414
10 2 2 25968617
10 2 1 14308418
10 2 0 33438995
10 1 10 11152
10 1 9 33342665
10 1 8 33537897
10 1 7 13738056
10 1 6 3182585
10 1 5 17974552
10 1 4 12294484
10 1 3 33533206
10 1 2 15531951
10 1 1 867565
10 1 0 854256
10 0 10 6888
10 0 9 33405241
10 0 8 246728
10 0 7 9079048
10 0 6 30223338
10 0 5 22990308
10 0 4 18177818
10 0 3 27287897
10 0 2 32405639
10 0 1 27835364
10 0 0 5983054
9 13 3 16
9 13 2 324
9 13 1 33551153
9 13 0 5932
9 12 4 152
9 12 3 33554317
9 12 2 33538877
9 12 1 69908
9 12 0 33475057
9 11 5 256
9 11 4 33553821
9 11 3 33528185
9 11 2 80404
9 11 1 175312
9 11 0 33045005
9 10 6 248
9 10 5 2660
9 10 4 33478853
9 10 3 126156
9 10 2 1779520
9 10 1 26731173
9 10 0 6515984
9 9 7 352
9 9 6 4456
9 9 5 33423233
9 9 4 291012
9 9 3 3088576
9 9 2 21661061
9 9 1 5059032
9 9 0 12474316
9 8 8 296
9 8 7 2456
9 8 6 33446753
9 8 5 147660
9 8 4 4525820
9 8 3 20462621
9 8 2 29607534
9 8 1 1430807
9 8 0 16095269
9 7 9 48
9 7 8 3184
9 7 7 33484377
9 7 6 33359937
9 7 5 6256200
9 7 4 20023925
9 7 3 20442123
9 7 2 30813220
9 7 1 26177430
9 7 0 2798097
9 6 10 33554369
9 6 9 2880
9 6 8 33506317
9 6 7 33411921
9 6 6 4830416
9 6 5 22710117
9 6 4 17965875
9 6 3 28737052
9 6 2 18211683
9 6 1 20063491
9 6 0 23407220
9 5 10 528
9 5 9 33539137
9 5 8 33510529
9 5 7 2100168
9 5 6 31491549
9 5 5 24902995
9 5 4 22037883
9 5 3 33005294
9 5 2 14078826
9 5 1 8219739
9 5 0 11899016
9 4 10 1116
9 4 9 33485097
9 4 8 756312
9 4 7 1867396
9 4 6 19786874
9 4 5 26289086
9 4 4 10434480
9 4 3 27268884
9 4 2 31080957
9 4 1 13613262
9 4 0 27652811
9 3 10 33539369
9 3 9 287480
9 3 8 33512209
9 3 7 16007625
9 3 6 3141747
9 3 5 30650975
9 3 4 13310427
9 3 3 19493166
9 3 2 8206897
9 3 1 22846383
9 3 0 14038225
9 2 10 33553629
9 2 9 205664
9 2 8 31599805
9 2 7 25698461
9 2 6 9715101
9 2 5 3054523
9 2 4 31373179
9 2 3 6443731
9 2 2 30509417
9 2 1 25600125
9 2 0 23244269
9 1 10 45224
9 1 9 32919321
9 1 8 32707961
9 1 7 33548944
9 1 6 28248442
9 1 5 23204689
9 1 4 21940311
9 1 3 31682600
9 1 2 8982081
9 1 1 31116300
9 1 0 27693185
9 0 10 30400
9 0 9 33052345
9 0 8 316760
9 0 7 24161232
9 0 6 28466739
9 0 5 32679909
9 0 4 13379020
9 0 3 24647199
9 0 2 6203611
9 0 1 6082190
9 0 0 5117559
8 13 4 33554353
8 13 3 236
8 13 2 2904
8 13 1 33536125
8 13 0 24468
8 12 5 33554265
8 12 4 2252
8 12 3 1084
8 12 2 33469437
8 12 1 270244
8 12 0 33317993
8 11 6 33554257
8 11 5 3676
8 11 4 2408
8 11 3 33402469
8 11 2 224612
8 11 1 907428
8 11 0 31907501
8 10 7 33554217
8 10 6 3452
8 10 5 31324
8 10 4 33134981
8 10 3 303324
8 10 2 6427812
8 10 1 14871285
8 10 0 14535824
8 9 8 33554113
8 9 7 4552
8 9 6 47912
8 9 5 32868677
8 9 4 604576
8 9 3 11255644
8 9 2 5034289
8 9 1 31313693
8 9 0 2713259
8 8 9 33554217
8 8 8 3512
8 8 7 32536
8 8 6 33006653
8 8 5 33388573
8 8 4 16376660
8 8 3 4501221
8 8 2 21065552
8 8 1 30077642
8 8 0 31060433
8 7 10 33554369
8 7 9 320
8 7 8 30940
8 7 7 33213009
8 7 6 32159825
8 7 5 21036980
8 7 4 8736613
8 7 3 14943139
8 7 2 2421459
8 7 1 10473720
8 7 0 17163677
8 6 10 33553961
8 6 9 22840
8 6 8 33341681
8 6 7 32548969
8 6 6 15370388
8 6 5 18323693
8 6 4 10229667
8 6 3 26664621
8 6 2 19806745
8 6 1 12751848
8 6 0 33438317
8 5 10 3844
8 5 9 33491641
8 5 8 33182569
8 5 7 6608940
8 5 6 3328900
8 5 5 5332486
8 5 4 27164880
8 5 3 2300488
8 5 2 32432772
8 5 1 12045962
8 5 0 3246398
8 4 10 8696
8 4 9 33245729
8 4 8 2112388
8 4 7 9135508
8 4 6 23111348
8 4 5 1569381
8 4 4 11655873
8 4 3 6792955
8 4 2 20169826
8 4 1 24677600
8 4 0 1899825
8 3 10 33497165
8 3 9 775552
8 3 8 1318908
8 3 7 26513382
8 3 6 30425908
8 3 5 6410531
8 3 4 14679271
8 3 3 17974275
8 3 2 23820953
8 3 1 28715592
8 3 0 11830924
8 2 10 33526353
8 2 9 866720
8 2 8 29407693
8 2 7 3801549
8 2 6 16561226
8 2 5 25967864
8 2 4 5879289
8 2 3 16573859
8 2 2 19444272
8 2 1 25573539
8 2 0 26836092
8 1 10 128744
8 1 9 32173673
8 1 8 30150705
8 1 7 28798167
8 1 6 14189633
8 1 5 13673072
8 1 4 120600
8 1 3 23257735
8 1 2 4025400
8 1 1 7022214
8 1 0 4652684
8 0 10 95112
8 0 9 32306073
8 0 8 33371961
8 0 7 16065271
8 0 6 25653368
8 0 5 44715
8 0 4 7583979
8 0 3 14742529
8 0 2 14687531
8 0 1 15792576
8 0 0 31113606
7 13 5 16
7 13 4 33553813
7 13 3 1496
7 13 2 15172
7 13 1 33486713
7 13 0 70644
7 12 6 33554377
7 12 5 33552533
7 12 4 14468
7 12 3 12972
7 12 2 33250381
7 12 1 727692
7 12 0 33044777
7 11 7 33554313
7 11 6 33552125
7 11 5 22384
7 11 4 44340
7 11 3 32988609
7 11 2 314964
7 11 1 2986776
7 11 0 29664077
7 10 8 33554377
7 10 7 33551549
7 10 6 19628
7 10 5 194620
7 10 4 32048325
7 10 3 194588
7 10 2 16773296
7 10 1 28935870
7 10 0 24641200
7 9 9 64
7 9 8 33550601
7 9 7 24328
7 9 6 280292
7 9 5 31230057
7 9 4 33530293
7 9 3 29444552
7 9 2 17966310
7 9 1 2719673
7 9 0 8154898
7 8 10 32
7 8 9 33552185
7 8 8 16916
7 8 7 204700
7 8 6 31777669
7 8 5 30847653
7 8 4 8583287
7 8 3 23570246
7 8 2 19635692
7 8 1 3919002
7 8 0 25556200
7 7 10 33554121
7 7 9 33553905
7 7 8 164648
7 7 7 32507457
7 7 6 27836581
7 7 5 17280095
7 7 4 10437029
7 7 3 17871910
7 7 2 25881580
7 7 1 29182437
7 7 0 21755275
7 6 10 33551037
7 6 9 105232
7 6 8 32968069
7 6 7 29550645
7 6 6 1367031
7 6 5 33111957
7 6 4 18286110
7 6 3 22039992
7 6 2 30278851
7 6 1 23362066
7 6 0 23631951
7 5 10 16192
7 5 9 33395577
7 5 8 32034721
7 5 7 14667520
7 5 6 25419512
7 5 5 25259236
7 5 4 27923608
7 5 3 30163100
7 5 2 25639406
7 5 1 12290609
7 5 0 1138523
7 4 10 39856
7 4 9 32617833
7 4 8 4025180
7 4 7 26850424
7 4 6 6811334
7 4 5 8059896
7 4 4 28311795
7 4 3 14867480
7 4 2 30502107
7 4 1 3627624
7 4 0 28891365
7 3 10 33403713
7 3 9 1475704
7 3 8 5210048
7 3 7 30961171
7 3 6 10072169
7 3 5 356774
7 3 4 7065599
7 3 3 22926729
7 3 2 1034772
7 3 1 24019758
7 3 0 6051425
7 2 10 33430125
7 2 9 2283616
7 2 8 27786877
7 2 7 30871443
7 2 6 17961635
7 2 5 20826951
7 2 4 3611307
7 2 3 22402247
7 2 2 12182192
7 2 1 8910592
7 2 0 31281890
7 1 10 263992
7 1 9 31358921
7 1 8 25587113
7 1 7 21175014
7 1 6 4674811
7 1 5 25180613
7 1 4 16273953
7 1 3 25008387
7 1 2 3613269
7 1 1 7042786
7 1 0 20144073
7 0 10 216968
7 0 9 31225305
7 0 8 31750105
7 0 7 11861042
7 0 6 10343816
7 0 5 6289958
7 0 4 4418950
7 0 3 8208472
7 0 2 32506133
7 0 1 8691513
7 0 0 20594711
6 13 6 16
6 13 5 228
6 13 4 33550761
6 13 3 5292
6 13 2 51160
6 13 1 33381485
6 13 0 146324
6 12 7 80
6 12 6 20
6 12 5 33542845
6 12 4 52604
6 12 3 63092
6 12 2 32808517
6 12 1 1397548
6 12 0 32751129
6 11 8 112
6 11 7 33553941
6 11 6 33539025
6 11 5 74476
6 11 4 235936
6 11 3 32131197
6 11 2 33456901
6 11 1 6764252
6 11 0 26757917
6 10 9 48
6 10 8 236
6 10 7 33535669
6 10 6 56604
6 10 5 736460
6 10 4 29892149
6 10 3 32422565
6 10 2 32022524
6 10 1 8719998
6 10 0 31667824
6 9 9 864
6 9 8 33532365
6 9 7 66396
6 9 6 1014336
6 9 5 28226525
6 9 4 29664061
6 9 3 22529547
6 9 2 7913002
6 9 1 18677103
6 9 0 14651645
6 8 10 384
6 8 9 33542417
6 8 8 39060
6 8 7 758772
6 8 6 29746853
6 8 5 23277669
6 8 4 11165394
6 8 3 28700622
6 8 2 30855209
6 8 1 3107861
6 8 0 30639925
6 7 10 33553109
6 7 9 33542489
6 7 8 544596
6 7 7 31477565
6 7 6 18217517
6 7 5 22102426
6 7 4 12488700
6 7 3 5515441
6 7 2 25928366
6 7 1 26560869
6 7 0 11550630
6 6 10 33539537
6 6 9 312048
6 6 8 32542685
6 6 7 23157125
6 6 6 23418331
6 6 5 16057819
6 6 4 28759545
6 6 3 26375930
6 6 2 28916294
6 6 1 20230484
6 6 0 33403490
6 5 10 43440
6 5 9 33311225
6 5 8 29662661
6 5 7 23092344
6 5 6 1405014
6 5 5 27262801
6 5 4 13260193
6 5 3 28563943
6 5 2 27504906
6 5 1 7938464
6 5 0 29859514
6 4 10 118944
6 4 9 31552145
6 4 8 5050704
6 4 7 20300391
6 4 6 15711328
6 4 5 1720142
6 4 4 24869333
6 4 3 18847298
6 4 2 7179843
6 4 1 25823835
6 4 0 20618707
6 3 10 33274013
6 3 9 1970832
6 3 8 11295508
6 3 7 12066675
6 3 6 15659336
6 3 5 8281367
6 3 4 22219251
6 3 3 25406702
6 3 2 29176342
6 3 1 17758633
6 3 0 13623058
6 2 10 33239753
6 2 9 4157632
6 2 8 29012393
6 2 7 19878212
6 2 6 12553454
6 2 5 6353036
6 2 4 885900
6 2 3 19993509
6 2 2 16802767
6 2 1 32557848
6 2 0 6301467
6 1 10 393360
6 1 9 31016521
6 1 8 20874785
6 1 7 27404914
6 1 6 8082285
6 1 5 7080061
6 1 4 5006080
6 1 3 14293726
6 1 2 14587729
6 1 1 143366
6 1 0 14314344
6 0 10 365304
6 0 9 30277641
6 0 8 29264949
6 0 7 30031586
6 0 6 29985332
6 0 5 11339913
6 0 4 20800057
6 0 3 2042832
6 0 2 23587645
6 0 1 19386598
6 0 0 22629676
5 13 7 33554377
5 13 6 140
5 13 5 1352
5 13 4 33541597
5 13 3 11312
5 13 2 116300
5 13 1 33243729
5 13 0 218980
5 12 8 33554349
5 12 7 668
5 12 6 1100
5 12 5 33514501
5 12 4 118448
5 12 3 177308
5 12 2 32275541
5 12 1 1925596
5 12 0 32630701
5 11 9 33554353
5 11 8 904
5 11 7 33554361
5 11 6 33498261
5 11 5 144160
5 11 4 694024
5 11 3 31088393
5 11 2 32183317
5 11 1 10836472
5 11 0 24775313
5 10 10 33554381
5 10 9 352
5 10 8 3092
5 10 7 33488013
5 10 6 76504
5 10 5 1806256
5 10 4 27427709
5 10 3 29364189
5 10 2 11161539
5 10 1 702442
5 10 0 30509408
5 9 10 33554369
5 9 9 4832
5 9 8 33483193
5 9 7 84384
5 9 6 2401404
5 9 5 25207593
5 9 4 21629209
5 9 3 10702014
5 9 2 21302710
5 9 1 3710820
5 9 0 30717613
5 8 10 1968
5 8 9 33518009
5 8 8 27564
5 8 7 1798548
5 8 6 28193149
5 8 5 11025321
5 8 4 4260177
5 8 3 28108125
5 8 2 13804323
5 8 1 10041938
5 8 0 3986418
5 7 10 33551225
5 7 9 33500369
5 7 8 1182360
5 7 7 30965033
5 7 6 5363205
5 7 5 12592573
5 7 4 10577950
5 7 3 29032609
5 7 2 25341848
5 7 1 30347688
5 7 0 16607982
5 6 10 33512957
5 6 9 621888
5 6 8 32572913
5 6 7 15063917
5 6 6 32361799
5 6 5 19163181
5 6 4 22451207
5 6 3 2777450
5 6 2 19902184
5 6 1 12905386
5 6 0 10464925
5 5 10 76824
5 5 9 33373073
5 5 8 26848577
5 5 7 25391288
5 5 6 13336037
5 5 5 23959346
5 5 4 30876522
5 5 3 32713499
5 5 2 10345570
5 5 1 1177445
5 5 0 2152350
5 4 10 241428
5 4 9 30499817
5 4 8 3578524
5 4 7 9476742
5 4 6 29220308
5 4 5 28430121
5 4 4 28812998
5 4 3 2839513
5 4 2 11346702
5 4 1 18114193
5 4 0 26757318
5 3 10 33184745
5 3 9 1781360
5 3 8 16157312
5 3 7 18602667
5 3 6 3762126
5 3 5 18145243
5 3 4 22977668
5 3 3 8453897
5 3 2 5620457
5 3 1 16905470
5 3 0 16490373
5 2 10 33026305
5 2 9 5397824
5 2 8 33366221
5 2 7 32491221
5 2 6 6072880
5 2 5 20124327
5 2 4 11193220
5 2 3 27446853
5 2 2 10920373
5 2 1 22687551
5 2 0 23372427
5 1 10 423760
5 1 9 31473153
5 1 8 19265649
5 1 7 8053302
5 1 6 10362500
5 1 5 18100077
5 1 4 15524709
5 1 3 7836841
5 1 2 2762190
5 1 1 22351447
5 1 0 15468711
5 0 10 453884
5 0 9 30094857
5 0 8 27389725
5 0 7 24331910
5 0 6 6352326
5 0 5 17641030
5 0 4 8003527
5 0 3 29125127
5 0 2 31816123
5 0 1 18641572
5 0 0 12264518
4 13 8 4
4 13 7 33554269
4 13 6 488
4 13 5 4316
4 13 4 33526717
4 13 3 14660
4 13 2 180408
4 13 1 33162069
4 13 0 234904
4 12 9 8
4 12 8 33554069
4 12 7 2228
4 12 6 5564
4 12 5 33470725
4 12 4 169652
4 12 3 314212
4 12 2 32024005
4 12 1 1885396
4 12 0 32791201
4 11 10 4
4 11 9 33554105
4 11 8 2908
4 11 7 5332
4 11 6 33432525
4 11 5 154768
4 11 4 1270724
4 11 3 30617805
4 11 2 30640993
4 11 1 12301000
4 11 0 25275257
4 10 10 33554305
4 10 9 960
4 10 8 13092
4 10 7 33415101
4 10 6 33551625
4 10 5 2934584
4 10 4 26549197
4 10 3 26158237
4 10 2 11522679
4 10 1 11964370
4 10 0 21551616
4 9 10 33554193
4 9 9 14480
4 9 8 33415221
4 9 7 33545189
4 9 6 3789032
4 9 5 24750953
4 9 4 13748661
4 9 3 10502714
4 9 2 17439953
4 9 1 27848101
4 9 0 9527973
4 8 10 5544
4 8 9 33487265
4 8 8 33480509
4 8 7 2805004
4 8 6 28878377
4 8 5 1505265
4 8 4 32796738
4 8 3 770307
4 8 2 3993893
4 8 1 31971713
4 8 0 878630
4 7 10 33550349
4 7 9 33426137
4 7 8 1713048
4 7 7 31811197
4 7 6 31240462
4 7 5 1373965
4 7 4 27215589
4 7 3 14239281
4 7 2 20719150
4 7 1 24597960
4 7 0 6310822
4 6 10 33478769
4 6 9 842184
4 6 8 33342557
4 6 7 10786341
4 6 6 18578111
4 6 5 25741916
4 6 4 611206
4 6 3 17630364
4 6 2 14315266
4 6 1 27566786
4 6 0 28107187
4 5 10 89220
4 5 9 57648
4 5 8 25642733
4 5 7 18591928
4 5 6 27095897
4 5 5 19427234
4 5 4 17056095
4 5 3 30203589
4 5 2 27489900
4 5 1 5885929
4 5 0 23050917
4 4 10 337392
4 4 9 30243945
4 4 8 208424
4 4 7 10447134
4 4 6 9168217
4 4 5 6883322
4 4 4 27521835
4 4 3 2414213
4 4 2 16319585
4 4 1 18414319
4 4 0 32068416
4 3 10 33214657
4 3 9 975744
4 3 8 15863932
4 3 7 13609514
4 3 6 33437631
4 3 5 4534343
4 3 4 7401694
4 3 3 23106086
4 3 2 2172759
4 3 1 21080836
4 3 0 7093998
4 2 10 32944905
4 2 9 5008504
4 2 8 4137336
4 2 7 18480324
4 2 6 15087684
4 2 5 4394210
4 2 4 2666271
4 2 3 26619138
4 2 2 26290878
4 2 1 27055648
4 2 0 7290431
4 1 10 323492
4 1 9 32410553
4 1 8 22123381
4 1 7 9426671
4 1 6 22803489
4 1 5 20500633
4 1 4 12311653
4 1 3 24214581
4 1 2 16968841
4 1 1 11955481
4 1 0 10893268
4 0 10 411000
4 0 9 30855801
4 0 8 27579633
4 0 7 31053575
4 0 6 12975553
4 0 5 29370583
4 0 4 22216234
4 0 3 25437852
4 0 2 11145698
4 0 1 17973144
4 0 0 26808444
3 13 8 24
3 13 7 33554017
3 13 6 860
3 13 5 8000
3 13 4 33516841
3 13 3 10648
3 13 2 188444
3 13 1 33213305
3 13 0 176096
3 12 9 48
3 12 8 33553461
3 12 7 3764
3 12 6 12740
3 12 5 33445489
3 12 4 152340
3 12 3 357060
3 12 2 32303493
3 12 1 1276288
3 12 0 33115641
3 11 10 24
3 11 9 33553585
3 11 8 4720
3 11 7 16264
3 11 6 33392601
3 11 5 64392
3 11 4 1485552
3 11 3 31209073
3 11 2 30177889
3 11 1 9695360
3 11 0 28014809
3 10 10 33554141
3 10 9 1120
3 10 8 27644
3 10 7 33377025
3 10 6 33390229
3 10 5 3133904
3 10 4 28244445
3 10 3 25666433
3 10 2 31853248
3 10 1 1233241
3 10 0 10743296
3 9 10 33553745
3 9 9 25088
3 9 8 33386977
3 9 7 33370633
3 9 6 3946208
3 9 5 27592409
3 9 4 13049153
3 9 3 20456503
3 9 2 6899896
3 9 1 31836964
3 9 0 32607527
3 8 10 9216
3 8 9 33478121
3 8 8 33340449
3 8 7 2862088
3 8 6 31520417
3 8 5 3466937
3 8 4 31679135
3 8 3 15209839
3 8 2 31353497
3 8 1 4750200
3 8 0 14995467
3 7 10 33552689
3 7 9 33373481
3 7 8 1635560
3 7 7 33439721
3 7 6 2474321
3 7 5 29142551
3 7 4 20384941
3 7 3 16919605
3 7 2 25780638
3 7 1 16286704
3 7 0 11760364
3 6 10 33464081
3 6 9 763344
3 6 8 699192
3 6 7 14447657
3 6 6 25915784
3 6 5 1755916
3 6 4 29175355
3 6 3 3350676
3 6 2 21259378
3 6 1 9496533
3 6 0 19428945
3 5 10 65064
3 5 9 274880
3 5 8 27254105
3 5 7 8006024
3 5 6 29944530
3 5 5 23731656
3 5 4 14745058
3 5 3 21696688
3 5 2 18221201
3 5 1 1618857
3 5 0 15604469
3 4 10 320352
3 4 9 31064601
3 4 8 31286901
3 4 7 21269579
3 4 6 32749503
3 4 5 30247067
3 4 4 6663822
3 4 3 15133185
3 4 2 26231615
3 4 1 24299185
3 4 0 4723908
3 3 10 33345449
3 3 9 190040
3 3 8 10599656
3 3 7 10656257
3 3 6 32315301
3 3 5 31055029
3 3 4 6418092
3 3 3 3909499
3 3 2 11360607
3 3 1 1111288
3 3 0 28477012
3 2 10 33073501
3 2 9 3254224
3 2 8 5134572
3 2 7 30613811
3 2 6 16350915
3 2 5 7097595
3 2 4 13366632
3 2 3 32546041
3 2 2 13965395
3 2 1 8549050
3 2 0 9459358
3 1 10 167968
3 1 9 33190297
3 1 8 27210489
3 1 7 16671744
3 1 6 3697838
3 1 5 8282927
3 1 4 28078543
3 1 3 30595858
3 1 2 11942088
3 1 1 24730472
3 1 0 30139766
3 0 10 263648
3 0 9 32045913
3 0 8 29603705
3 0 7 33140736
3 0 6 32940857
3 0 5 7175663
3 0 4 8396451
3 0 3 32534640
3 0 2 14712923
3 0 1 1779667
3 0 0 20759035
2 13 8 52
2 13 7 33553837
2 13 6 800
2 13 5 8600
2 13 4 33523229
2 13 3 3060
2 13 2 126760
2 13 1 33360057
2 13 0 87552
2 12 9 104
2 12 8 33553085
2 12 7 3356
2 12 6 15296
2 12 5 33468585
2 12 4 80628
2 12 3 252620
2 12 2 32890305
2 12 1 565280
2 12 0 33389081
2 11 10 52
2 11 9 33553289
2 11 8 4012
2 11 7 21736
2 11 6 33425749
2 11 5 33519161
2 11 4 1080436
2 11 3 32366305
2 11 2 31219785
2 11 1 5049984
2 11 0 31064345
2 10 10 33554041
2 10 9 336
2 10 8 31584
2 10 7 33420713
2 10 6 33318073
2 10 5 2111280
2 10 4 31057273
2 10 3 28387017
2 10 2 14920576
2 10 1 20967321
2 10 0 3536640
2 9 10 33553377
2 9 9 25136
2 9 8 33434137
2 9 7 33301729
2 9 6 2600440
2 9 5 31229945
2 9 4 20329161
2 9 3 24771624
2 9 2 11105872
2 9 1 17830578
2 9 0 26924544
2 8 10 9000
2 8 9 33502873
2 8 8 33312633
2 8 7 1833656
2 8 6 124248
2 8 5 15527913
2 8 4 27318928
2 8 3 33484408
2 8 2 20722356
2 8 1 26115278
2 8 0 9600857
2 7 10 1776
2 7 9 33401961
2 7 8 982384
2 7 7 773424
2 7 6 16063881
2 7 5 24376112
2 7 4 3125214
2 7 3 30260582
2 7 2 25606585
2 7 1 7019217
2 7 0 25051837
2 6 10 33486401
2 6 9 441744
2 6 8 902808
2 6 7 23132281
2 6 6 6400280
2 6 5 6237982
2 6 4 9024076
2 6 3 27767460
2 6 2 19391917
2 6 1 19797601
2 6 0 20080423
2 5 10 26392
2 5 9 273808
2 5 8 30328613
2 5 7 1183940
2 5 6 14494831
2 5 5 13770707
2 5 4 30648162
2 5 3 25744422
2 5 2 31540602
2 5 1 6623675
2 5 0 15754925
2 4 10 197624
2 4 9 32320049
2 4 8 31306453
2 4 7 25734668
2 4 6 18316833
2 4 5 8288285
2 4 4 2944205
2 4 3 13085613
2 4 2 13585020
2 4 1 4662719
2 4 0 19948608
2 3 10 33475381
2 3 9 33433817
2 3 8 4596484
2 3 7 28079905
2 3 6 8235142
2 3 5 25193829
2 3 4 27683679
2 3 3 4756643
2 3 2 25168023
2 3 1 23825217
2 3 0 17723127
2 2 10 33305713
2 2 9 1408928
2 2 8 3197448
2 2 7 5053257
2 2 6 6713960
2 2 5 8257155
2 2 4 20031054
2 2 3 23976963
2 2 2 27388169
2 2 1 2365056
2 2 0 33364758
2 1 10 54880
2 1 9 33523417
2 1 8 31240697
2 1 7 3908352
2 1 6 26502816
2 1 5 4638514
2 1 4 15692651
2 1 3 22065720
2 1 2 10555865
2 1 1 32546220
2 1 0 21592554
2 0 10 113472
2 0 9 32983001
2 0 8 31836761
2 0 7 11644992
2 0 6 2880576
2 0 5 25291275
2 0 4 8071975
2 0 3 13014275
2 0 2 6425149
2 0 1 18227300
2 0 0 18278517
1 13 8 48
1 13 7 33553993
1 13 6 368
1 13 5 4960
1 13 4 33539945
1 13 3 33553673
1 13 2 49552
1 13 1 33489113
1 13 0 25920
1 12 9 96
1 12 8 33553497
1 12 7 1472
1 12 6 9360
1 12 5 33516985
1 12 4 21600
1 12 3 101312
1 12 2 33348649
1 12 1 146496
1 12 0 33518105
1 11 10 48
1 11 9 33553657
1 11 8 1648
1 11 7 14016
1 11 6 33498249
1 11 5 33506297
1 11 4 445840
1 11 3 33214809
1 11 2 32648057
1 11 1 1563264
1 11 0 32880473
1 10 10 33554153
1 10 9 33554073
1 10 8 18672
1 10 7 33500025
1 10 6 33408265
1 10 5 811776
1 10 4 32920937
1 10 3 31634169
1 10 2 4144960
1 10 1 30656345
1 10 0 677376
1 9 10 33553625
1 9 9 13504
1 9 8 33507577
1 9 7 33402937
1 9 6 980128
1 9 5 33170521
1 9 4 28674105
1 9 3 6686560
1 9 2 5239136
1 9 1 19445465
1 9 0 6652800
1 8 10 4768
1 8 9 33535769
1 8 8 33420729
1 8 7 666560
1 8 6 515776
1 8 5 27305881
1 8 4 6422880
1 8 3 12221120
1 8 2 5078969
1 8 1 18815616
1 8 0 29783897
1 7 10 2336
1 7 9 33483481
1 7 8 333664
1 7 7 554112
1 7 6 27800761
1 7 5 5148928
1 7 4 23311520
1 7 3 25265458
1 7 2 20690905
1 7 1 29518375
1 7 0 1662425
1 6 10 33525145
1 6 9 146816
1 6 8 474816
1 6 7 30228953
1 6 6 33474009
1 6 5 22990464
1 6 4 7144345
1 6 3 28280498
1 6 2 21026574
1 6 1 19161778
1 6 0 4872960
1 5 10 3968
1 5 9 128448
1 5 8 32602121
1 5 7 33095689
1 5 6 13995120
1 5 5 15908473
1 5 4 15810626
1 5 3 8302565
1 5 2 16480272
1 5 1 21762877
1 5 0 9681806
1 4 10 71456
1 4 9 33192249
1 4 8 32568249
1 4 7 7207168
1 4 6 33266761
1 4 5 22935570
1 4 4 10130727
1 4 3 10645582
1 4 2 927412
1 4 1 2361703
1 4 0 14465088
1 3 10 33539209
1 3 9 33466041
1 3 8 1159088
1 3 7 33187865
1 3 6 18522569
1 3 5 23071968
1 3 4 18621047
1 3 3 11021284
1 3 2 21356217
1 3 1 25555996
1 3 0 15379467
1 2 10 33478281
1 2 9 365504
1 2 8 1071312
1 2 7 26553401
1 2 6 32321705
1 2 5 8460967
1 2 4 4895497
1 2 3 15997291
1 2 2 28370894
1 2 1 18320256
1 2 0 31491250
1 1 10 9600
1 1 9 18048
1 1 8 33059033
1 1 7 408960
1 1 6 5865984
1 1 5 23406425
1 1 4 13814489
1 1 3 16173223
1 1 2 4199040
1 1 1 2882482
1 1 0 825895
1 0 10 29376
1 0 9 33423065
1 0 8 33110297
1 0 7 2505600
1 0 6 1221696
1 0 5 18195929
1 0 4 5572800
1 0 3 1783207
1 0 2 7765721
1 0 1 11200985
1 0 0 19408896
0 13 8 16
0 13 7 33554281
0 13 6 64
0 13 5 1184
0 13 4 33551529
0 13 3 33553897
0 13 2 8544
0 13 1 33544601
0 13 0 3456
0 12 9 32
0 12 8 33554153
0 12 7 240
0 12 6 2304
0 12 5 33547481
0 12 4 1872
0 12 3 17584
0 12 2 33526265
0 12 1 16704
0 12 0 33550937
0 11 10 16
0 11 9 33554201
0 11 8 240
0 11 7 3552
0 11 6 33544073
0 11 5 33539801
0 11 4 79760
0 11 3 33513785
0 11 2 33401753
0 11 1 217728
0 11 0 33471449
0 10 10 33554329
0 10 9 33554201
0 10 8 4480
0 10 7 33545305
0 10 6 33519513
0 10 5 135488
0 10 4 33494233
0 10 3 33243865
0 10 2 514560
0 10 1 33259481
0 10 0 55296
0 9 10 33554169
0 9 9 3008
0 9 8 33546905
0 9 7 33519161
0 9 6 160608
0 9 5 7296
0 9 4 32765785
0 9 3 797920
0 9 2 932928
0 9 1 31730777
0 9 0 753408
0 8 10 1056
0 8 9 33551705
0 8 8 33524633
0 8 7 104352
0 8 6 154848
0 8 5 32601497
0 8 4 607104
0 8 3 1898400
0 8 2 30339737
0 8 1 1662336
0 8 0 33326297
0 7 10 768
0 7 9 33540377
0 7 8 48320
0 7 7 128896
0 7 6 32716633
0 7 5 395584
0 7 4 3404480
0 7 3 28942809
0 7 2 30874073
0 7 1 7455744
0 7 0 30264281
0 6 10 33548921
0 6 9 21184
0 6 8 97440
0 6 7 33084569
0 6 6 33264953
0 6 5 3196224
0 6 4 31254713
0 6 3 27777049
0 6 2 9022080
0 6 1 30169817
0 6 0 33443801
0 5 10 33554041
0 5 9 24384
0 5 8 33432521
0 5 7 33385193
0 5 6 1816992
0 5 5 32081849
0 5 4 26784201
0 5 3 10898448
0 5 2 4118112
0 5 1 18107801
0 5 0 7122816
0 4 10 11488
0 4 9 33506873
0 4 8 33380233
0 4 7 910576
0 4 6 418592
0 4 5 28061721
0 4 4 3296176
0 4 3 10220848
0 4 2 21328889
0 4 1 887616
0 4 0 2194560
0 3 10 33553609
0 3 9 33536601
0 3 8 127440
0 3 7 75552
0 3 6 31842473
0 3 5 1795008
0 3 4 6099760
0 3 3 22606585
0 3 2 30339353
0 3 1 14790528
0 3 0 26559449
0 2 10 33543929
0 2 9 43008
0 2 8 154080
0 2 7 32769305
0 2 6 33126713
0 2 5 4572288
0 2 4 31722233
0 2 3 24298265
0 2 2 7839360
0 2 1 3103488
0 2 0 30153689
0 1 10 576
0 1 9 4608
0 1 8 33507737
0 1 7 33550937
0 1 6 582336
0 1 5 32842457
0 1 4 31532057
0 1 3 3904128
0 1 2 988416
0 1 1 28370393
0 1 0 2488320
0 0 10 3456
0 0 9 33540569
0 0 8 33502553
0 0 7 248832
0 0 6 176256
0 0 5 32102873
0 0 4 286848
0 0 3 3207168
0 0 2 31646681
0 0 1 31563737
0 0 0 1492992
